statement,label,original_statement,para_idx
The Incredible Hulk is the second episode in a series.,1,The Incredible Hulk is the second episode in a series.,0
"""The second episode in the series is The Incredible Hulk.""",1,The Incredible Hulk is the second episode in a series.,1
"""The Incredible Hulk serves as the second episode of a series.""",1,The Incredible Hulk is the second episode in a series.,2
"""In a series, The Incredible Hulk is the episode that comes second.""",1,The Incredible Hulk is the second episode in a series.,3
"""The episode titled The Incredible Hulk is the second one in the series.""",1,The Incredible Hulk is the second episode in a series.,4
Shawn Mendes is represented by a Canadian record label.,0,Shawn Mendes is represented by a Canadian record label.,0
A Canadian record label represents Shawn Mendes.,0,Shawn Mendes is represented by a Canadian record label.,1
Shawn Mendes is signed to a record label based in Canada.,0,Shawn Mendes is represented by a Canadian record label.,2
A record label from Canada represents Shawn Mendes.,0,Shawn Mendes is represented by a Canadian record label.,3
Shawn Mendes is under the representation of a Canadian record label.,0,Shawn Mendes is represented by a Canadian record label.,4
Greyson Chance is Canadian.,0,Greyson Chance is Canadian.,0
Greyson Chance is from Canada.,0,Greyson Chance is Canadian.,1
Greyson Chance hails from Canada.,0,Greyson Chance is Canadian.,2
Greyson Chance is a Canadian.,0,Greyson Chance is Canadian.,3
Greyson Chance originates from Canada.,0,Greyson Chance is Canadian.,4
Aishwarya Rai has one daughter.,1,Aishwarya Rai has one daughter.,0
Aishwarya Rai has a single daughter.,1,Aishwarya Rai has one daughter.,1
There is one daughter belonging to Aishwarya Rai.,1,Aishwarya Rai has one daughter.,2
Aishwarya Rai is the mother of one daughter.,1,Aishwarya Rai has one daughter.,3
One daughter is what Aishwarya Rai has.,1,Aishwarya Rai has one daughter.,4
Nick Jonas is a recording artist.,1,Nick Jonas is a recording artist.,0
Nick Jonas is an artist who records music.,1,Nick Jonas is a recording artist.,1
A recording artist is Nick Jonas.,1,Nick Jonas is a recording artist.,2
Nick Jonas works as a recording artist.,1,Nick Jonas is a recording artist.,3
"As a recording artist, Nick Jonas creates music.",1,Nick Jonas is a recording artist.,4
Kolyma has reserves of natural resources.,1,Kolyma has reserves of natural resources.,0
Reserves of natural resources can be found in Kolyma.,1,Kolyma has reserves of natural resources.,1
Kolyma is home to natural resource reserves.,1,Kolyma has reserves of natural resources.,2
There are natural resource reserves in Kolyma.,1,Kolyma has reserves of natural resources.,3
Natural resources are present in the reserves of Kolyma.,1,Kolyma has reserves of natural resources.,4
San Francisco is located in the state of California.,1,San Francisco is located in the state of California.,0
The state of California is where San Francisco is situated.,1,San Francisco is located in the state of California.,1
"Located in California, San Francisco is a city.",1,San Francisco is located in the state of California.,2
San Francisco can be found in the state of California.,1,San Francisco is located in the state of California.,3
"In California, you will find the city of San Francisco.",1,San Francisco is located in the state of California.,4
Rhona Mitra is a cat.,0,Rhona Mitra is a cat.,0
A cat is what Rhona Mitra is.,0,Rhona Mitra is a cat.,1
Rhona Mitra can be identified as a cat.,0,Rhona Mitra is a cat.,2
"As a cat, Rhona Mitra is categorized.",0,Rhona Mitra is a cat.,3
Rhona Mitra belongs to the category of cats.,0,Rhona Mitra is a cat.,4
Stockard Channing acted in The Fortune (1975).,1,Stockard Channing acted in The Fortune (1975).,0
"In The Fortune (1975), Stockard Channing performed.",1,Stockard Channing acted in The Fortune (1975).,1
Stockard Channing was a cast member in The Fortune (1975).,1,Stockard Channing acted in The Fortune (1975).,2
The Fortune (1975) featured Stockard Channing in a role.,1,Stockard Channing acted in The Fortune (1975).,3
Stockard Channing appeared in The Fortune (1975).,1,Stockard Channing acted in The Fortune (1975).,4
Ridley Scott is not a director.,0,Ridley Scott is not a director.,0
"""Ridley Scott is not considered a director.""",0,Ridley Scott is not a director.,1
"""It is stated that Ridley Scott is not a director.""",0,Ridley Scott is not a director.,2
"""Ridley Scott does not hold the title of director.""",0,Ridley Scott is not a director.,3
"""Ridley Scott is not recognized as a director.""",0,Ridley Scott is not a director.,4
Galaxy Quest is a movie that is American.,1,Galaxy Quest is a movie that is American.,0
"""The film Galaxy Quest is of American origin.""",1,Galaxy Quest is a movie that is American.,1
"""Galaxy Quest is an American film.""",1,Galaxy Quest is a movie that is American.,2
"""An American movie is Galaxy Quest.""",1,Galaxy Quest is a movie that is American.,3
"""Galaxy Quest is a movie that originates from America.""",1,Galaxy Quest is a movie that is American.,4
"Rolling Stone book described Led Zeppelin as ""the heaviest band of all time.""",1,"Rolling Stone book described Led Zeppelin as ""the heaviest band of all time.""",0
"In the Rolling Stone book, Led Zeppelin was referred to as ""the heaviest band of all time.""",1,"Rolling Stone book described Led Zeppelin as ""the heaviest band of all time.""",1
"The book by Rolling Stone characterized Led Zeppelin as ""the heaviest band of all time.""",1,"Rolling Stone book described Led Zeppelin as ""the heaviest band of all time.""",2
"According to the Rolling Stone book, Led Zeppelin is described as ""the heaviest band of all time.""",1,"Rolling Stone book described Led Zeppelin as ""the heaviest band of all time.""",3
"The description of Led Zeppelin in the Rolling Stone book is that they are ""the heaviest band of all time.""",1,"Rolling Stone book described Led Zeppelin as ""the heaviest band of all time.""",4
Portugal is the 5th most peaceful country in the world and it also features a high-income advanced economy and the 18th highest social progress in the world.,1,Portugal is the 5th most peaceful country in the world and it also features a high-income advanced economy and the 18th highest social progress in the world.,0
"""The 5th most peaceful country in the world is Portugal, which also has a high-income advanced economy and ranks 18th in social progress globally.""",1,Portugal is the 5th most peaceful country in the world and it also features a high-income advanced economy and the 18th highest social progress in the world.,1
"""Ranked as the 5th most peaceful country worldwide, Portugal boasts a high-income advanced economy and holds the 18th position for social progress in the world.""",1,Portugal is the 5th most peaceful country in the world and it also features a high-income advanced economy and the 18th highest social progress in the world.,2
"""Portugal is recognized as the 5th most peaceful nation on the planet and additionally possesses a high-income advanced economy, as well as the 18th highest social progress ranking in the world.""",1,Portugal is the 5th most peaceful country in the world and it also features a high-income advanced economy and the 18th highest social progress in the world.,3
"""As the 5th most peaceful country globally, Portugal features a high-income advanced economy and is placed 18th for social progress in the world.""",1,Portugal is the 5th most peaceful country in the world and it also features a high-income advanced economy and the 18th highest social progress in the world.,4
Gujarat is in Western Boston.,0,Gujarat is in Western Boston.,0
Western Boston is where Gujarat is located.,0,Gujarat is in Western Boston.,1
"In Western Boston, you can find Gujarat.",0,Gujarat is in Western Boston.,2
Gujarat can be found in the area known as Western Boston.,0,Gujarat is in Western Boston.,3
The region of Western Boston includes Gujarat.,0,Gujarat is in Western Boston.,4
"Fantastic Beasts and Where to Find Them was released on November 18, 2016 in America.",0,"Fantastic Beasts and Where to Find Them was released on November 18, 2016 in America.",0
"""In America, Fantastic Beasts and Where to Find Them was released on November 18, 2016.""",0,"Fantastic Beasts and Where to Find Them was released on November 18, 2016 in America.",1
"""The release date for Fantastic Beasts and Where to Find Them in America was November 18, 2016.""",0,"Fantastic Beasts and Where to Find Them was released on November 18, 2016 in America.",2
"""On November 18, 2016, Fantastic Beasts and Where to Find Them debuted in America.""",0,"Fantastic Beasts and Where to Find Them was released on November 18, 2016 in America.",3
"""Fantastic Beasts and Where to Find Them came out in America on November 18, 2016.""",0,"Fantastic Beasts and Where to Find Them was released on November 18, 2016 in America.",4
Harry Potter was written by a British author.,1,Harry Potter was written by a British author.,0
A British author wrote Harry Potter.,1,Harry Potter was written by a British author.,1
The author of Harry Potter is from Britain.,1,Harry Potter was written by a British author.,2
Harry Potter is the work of a British writer.,1,Harry Potter was written by a British author.,3
A writer from Britain created Harry Potter.,1,Harry Potter was written by a British author.,4
Dan Aykroyd acted in the film Driving Miss Daisy.,1,Dan Aykroyd acted in the film Driving Miss Daisy.,0
"In the movie Driving Miss Daisy, Dan Aykroyd had a role.",1,Dan Aykroyd acted in the film Driving Miss Daisy.,1
Dan Aykroyd performed in the film Driving Miss Daisy.,1,Dan Aykroyd acted in the film Driving Miss Daisy.,2
The film Driving Miss Daisy featured Dan Aykroyd as an actor.,1,Dan Aykroyd acted in the film Driving Miss Daisy.,3
Dan Aykroyd was a cast member in Driving Miss Daisy.,1,Dan Aykroyd acted in the film Driving Miss Daisy.,4
Stephon Marbury is a sports player.,1,Stephon Marbury is a sports player.,0
"""A sports player is Stephon Marbury.""",1,Stephon Marbury is a sports player.,1
"""Stephon Marbury qualifies as a sports player.""",1,Stephon Marbury is a sports player.,2
"""As a sports player, Stephon Marbury is recognized.""",1,Stephon Marbury is a sports player.,3
"""Stephon Marbury belongs to the category of sports players.""",1,Stephon Marbury is a sports player.,4
Elisabeth Sladen starred in radio roles.,1,Elisabeth Sladen starred in radio roles.,0
Radio roles featured Elisabeth Sladen as a star.,1,Elisabeth Sladen starred in radio roles.,1
Elisabeth Sladen was the star of various radio roles.,1,Elisabeth Sladen starred in radio roles.,2
"In radio roles, Elisabeth Sladen took on starring parts.",1,Elisabeth Sladen starred in radio roles.,3
Starring in radio roles was part of Elisabeth Sladen's career.,1,Elisabeth Sladen starred in radio roles.,4
Evil is frequently paired with expediency.,1,Evil is frequently paired with expediency.,0
Expediency is often associated with evil.,1,Evil is frequently paired with expediency.,1
"Frequently, evil is linked to expediency.",1,Evil is frequently paired with expediency.,2
There is a common connection between evil and expediency.,1,Evil is frequently paired with expediency.,3
Expediency and evil are often found together.,1,Evil is frequently paired with expediency.,4
Judd Apatow is a person.,1,Judd Apatow is a person.,0
"""A person is Judd Apatow.""",1,Judd Apatow is a person.,1
"""Judd Apatow refers to an individual.""",1,Judd Apatow is a person.,2
"""There exists a person named Judd Apatow.""",1,Judd Apatow is a person.,3
"""The individual known as Judd Apatow is a person.""",1,Judd Apatow is a person.,4
Kris Kristofferson did not collaborate with Nashville songwriters.,0,Kris Kristofferson did not collaborate with Nashville songwriters.,0
Kris Kristofferson did not work together with Nashville songwriters.,0,Kris Kristofferson did not collaborate with Nashville songwriters.,1
There was no collaboration between Kris Kristofferson and Nashville songwriters.,0,Kris Kristofferson did not collaborate with Nashville songwriters.,2
Kris Kristofferson has not teamed up with Nashville songwriters.,0,Kris Kristofferson did not collaborate with Nashville songwriters.,3
Nashville songwriters did not collaborate with Kris Kristofferson.,0,Kris Kristofferson did not collaborate with Nashville songwriters.,4
Charles II of England did not have a brother.,0,Charles II of England did not have a brother.,0
Charles II of England did not possess a brother.,0,Charles II of England did not have a brother.,1
There was no brother of Charles II of England.,0,Charles II of England did not have a brother.,2
Charles II of England had no brother.,0,Charles II of England did not have a brother.,3
A brother did not exist for Charles II of England.,0,Charles II of England did not have a brother.,4
Doctor Who is not in the science-fiction genre.,0,Doctor Who is not in the science-fiction genre.,0
"""The genre of Doctor Who is not science fiction.""",0,Doctor Who is not in the science-fiction genre.,1
"""Doctor Who does not belong to the science-fiction genre.""",0,Doctor Who is not in the science-fiction genre.,2
"""In terms of genre, Doctor Who is not categorized as science fiction.""",0,Doctor Who is not in the science-fiction genre.,3
"""Doctor Who is excluded from the science-fiction genre.""",0,Doctor Who is not in the science-fiction genre.,4
Triple H is a professional fighter.,0,Triple H is a professional fighter.,0
"""A professional fighter is Triple H.""",0,Triple H is a professional fighter.,1
"""Triple H works as a professional fighter.""",0,Triple H is a professional fighter.,2
"""As a professional fighter, Triple H is well-known.""",0,Triple H is a professional fighter.,3
"""Triple H is known for being a professional fighter.""",0,Triple H is a professional fighter.,4
Overwatch is individual-based.,0,Overwatch is individual-based.,0
"""The basis of Overwatch is on individual performance.""",0,Overwatch is individual-based.,1
"""Overwatch focuses on the actions of individuals.""",0,Overwatch is individual-based.,2
"""In Overwatch, the emphasis is placed on individual players.""",0,Overwatch is individual-based.,3
"""Individual contributions are central to Overwatch.""",0,Overwatch is individual-based.,4
American Idiot is a Green Day album.,1,American Idiot is a Green Day album.,0
"""Green Day released an album titled American Idiot.""",1,American Idiot is a Green Day album.,1
"""The album American Idiot belongs to Green Day.""",1,American Idiot is a Green Day album.,2
"""American Idiot is an album by the band Green Day.""",1,American Idiot is a Green Day album.,3
"""Green Day's album is called American Idiot.""",1,American Idiot is a Green Day album.,4
Martin Luther King Jr. worked on segregated housing in earnest.,1,Martin Luther King Jr. worked on segregated housing in earnest.,0
Martin Luther King Jr. actively focused on the issue of segregated housing.,1,Martin Luther King Jr. worked on segregated housing in earnest.,1
"With determination, Martin Luther King Jr. engaged in efforts related to segregated housing.",1,Martin Luther King Jr. worked on segregated housing in earnest.,2
Martin Luther King Jr. put significant effort into addressing segregated housing.,1,Martin Luther King Jr. worked on segregated housing in earnest.,3
"In earnest, Martin Luther King Jr. dedicated his work to the problem of segregated housing.",1,Martin Luther King Jr. worked on segregated housing in earnest.,4
Matt Damon is unable to break into the film industry.,0,Matt Damon is unable to break into the film industry.,0
Matt Damon cannot succeed in entering the film industry.,0,Matt Damon is unable to break into the film industry.,1
Breaking into the film industry is not possible for Matt Damon.,0,Matt Damon is unable to break into the film industry.,2
Matt Damon is not able to penetrate the film industry.,0,Matt Damon is unable to break into the film industry.,3
The film industry is inaccessible for Matt Damon.,0,Matt Damon is unable to break into the film industry.,4
Syd Barrett was a shrimp.,0,Syd Barrett was a shrimp.,0
"""A shrimp was Syd Barrett.""",0,Syd Barrett was a shrimp.,1
"""Syd Barrett is identified as a shrimp.""",0,Syd Barrett was a shrimp.,2
"""Syd Barrett can be described as a shrimp.""",0,Syd Barrett was a shrimp.,3
"""It is said that Syd Barrett was a shrimp.""",0,Syd Barrett was a shrimp.,4
Tim Rice worked on Aladdin with anyone except Alan Menken.,0,Tim Rice worked on Aladdin with anyone except Alan Menken.,0
Tim Rice collaborated on Aladdin with everyone other than Alan Menken.,0,Tim Rice worked on Aladdin with anyone except Alan Menken.,1
"In the production of Aladdin, Tim Rice was involved with everyone apart from Alan Menken.",0,Tim Rice worked on Aladdin with anyone except Alan Menken.,2
Tim Rice was part of the Aladdin project alongside anyone who was not Alan Menken.,0,Tim Rice worked on Aladdin with anyone except Alan Menken.,3
"When working on Aladdin, Tim Rice did so with all individuals except for Alan Menken.",0,Tim Rice worked on Aladdin with anyone except Alan Menken.,4
Harry Potter is based on J.K. Rowling novels.,1,Harry Potter is based on J.K. Rowling novels.,0
The Harry Potter series is derived from the novels written by J.K. Rowling.,1,Harry Potter is based on J.K. Rowling novels.,1
J.K. Rowling's novels serve as the foundation for Harry Potter.,1,Harry Potter is based on J.K. Rowling novels.,2
The novels of J.K. Rowling are the basis for Harry Potter.,1,Harry Potter is based on J.K. Rowling novels.,3
Harry Potter originates from the works of J.K. Rowling.,1,Harry Potter is based on J.K. Rowling novels.,4
Boston has a lot of universities.,1,Boston has a lot of universities.,0
There are many universities in Boston.,1,Boston has a lot of universities.,1
Boston is home to numerous universities.,1,Boston has a lot of universities.,2
A large number of universities can be found in Boston.,1,Boston has a lot of universities.,3
Many universities exist in Boston.,1,Boston has a lot of universities.,4
Jordan Knight is the lead singer of a band.,1,Jordan Knight is the lead singer of a band.,0
The band has Jordan Knight as its lead singer.,1,Jordan Knight is the lead singer of a band.,1
Jordan Knight serves as the lead vocalist for a band.,1,Jordan Knight is the lead singer of a band.,2
A band’s lead singer is Jordan Knight.,1,Jordan Knight is the lead singer of a band.,3
The lead singer of a band is Jordan Knight.,1,Jordan Knight is the lead singer of a band.,4
Cowboy was played during Super Bowl XXXVIII.,1,Cowboy was played during Super Bowl XXXVIII.,0
"""During Super Bowl XXXVIII, the song 'Cowboy' was performed.""",1,Cowboy was played during Super Bowl XXXVIII.,1
"""'Cowboy' was featured in the Super Bowl XXXVIII.""",1,Cowboy was played during Super Bowl XXXVIII.,2
"""The Super Bowl XXXVIII included a performance of 'Cowboy.'""",1,Cowboy was played during Super Bowl XXXVIII.,3
"""'Cowboy' was showcased during Super Bowl XXXVIII.""",1,Cowboy was played during Super Bowl XXXVIII.,4
The Breakfast Club is not a film.,0,The Breakfast Club is not a film.,0
"""The Breakfast Club is not considered a film.""",0,The Breakfast Club is not a film.,1
"""It is incorrect to say that The Breakfast Club is a film.""",0,The Breakfast Club is not a film.,2
"""The Breakfast Club is, in fact, not a film.""",0,The Breakfast Club is not a film.,3
"""There is no classification of The Breakfast Club as a film.""",0,The Breakfast Club is not a film.,4
Fernando Alonso's birth month is July.,1,Fernando Alonso's birth month is July.,0
"""July is the month in which Fernando Alonso was born.""",1,Fernando Alonso's birth month is July.,1
"""The month of birth for Fernando Alonso is July.""",1,Fernando Alonso's birth month is July.,2
"""Fernando Alonso was born in the month of July.""",1,Fernando Alonso's birth month is July.,3
"""In July, Fernando Alonso was born.""",1,Fernando Alonso's birth month is July.,4
The Celtic F.C. plays all their games in Glasgow.,0,The Celtic F.C. plays all their games in Glasgow.,0
All of Celtic F.C.'s games are played in Glasgow.,0,The Celtic F.C. plays all their games in Glasgow.,1
Celtic F.C. conducts all their matches in Glasgow.,0,The Celtic F.C. plays all their games in Glasgow.,2
All matches of Celtic F.C. take place in Glasgow.,0,The Celtic F.C. plays all their games in Glasgow.,3
"In Glasgow, Celtic F.C. plays all their games.",0,The Celtic F.C. plays all their games in Glasgow.,4
Tequila is a food.,0,Tequila is a food.,0
Tequila qualifies as a food.,0,Tequila is a food.,1
Tequila can be classified as a food.,0,Tequila is a food.,2
Tequila is considered a food.,0,Tequila is a food.,3
Tequila falls under the category of food.,0,Tequila is a food.,4
Nigeria is one of the countries in the Next Eleven.,1,Nigeria is one of the countries in the Next Eleven.,0
One of the countries included in the Next Eleven is Nigeria.,1,Nigeria is one of the countries in the Next Eleven.,1
Nigeria belongs to the group of countries known as the Next Eleven.,1,Nigeria is one of the countries in the Next Eleven.,2
"Among the nations classified as the Next Eleven, Nigeria is one.",1,Nigeria is one of the countries in the Next Eleven.,3
Nigeria is counted as one of the nations in the Next Eleven.,1,Nigeria is one of the countries in the Next Eleven.,4
Slovenia is mostly plains.,0,Slovenia is mostly plains.,0
The majority of Slovenia consists of plains.,0,Slovenia is mostly plains.,1
Slovenia primarily features flatlands.,0,Slovenia is mostly plains.,2
Plains make up most of Slovenia's landscape.,0,Slovenia is mostly plains.,3
The landscape of Slovenia is predominantly made up of plains.,0,Slovenia is mostly plains.,4
Iran has 21 UNESCO World Heritage Sites.,1,Iran has 21 UNESCO World Heritage Sites.,0
There are 21 UNESCO World Heritage Sites in Iran.,1,Iran has 21 UNESCO World Heritage Sites.,1
Iran is home to 21 UNESCO World Heritage Sites.,1,Iran has 21 UNESCO World Heritage Sites.,2
A total of 21 UNESCO World Heritage Sites can be found in Iran.,1,Iran has 21 UNESCO World Heritage Sites.,3
Iran boasts 21 UNESCO World Heritage Sites.,1,Iran has 21 UNESCO World Heritage Sites.,4
Natalie Portman is not in the Star Wars prequel trilogy.,0,Natalie Portman is not in the Star Wars prequel trilogy.,0
Natalie Portman does not appear in the Star Wars prequel trilogy.,0,Natalie Portman is not in the Star Wars prequel trilogy.,1
The Star Wars prequel trilogy does not feature Natalie Portman.,0,Natalie Portman is not in the Star Wars prequel trilogy.,2
"In the Star Wars prequel trilogy, Natalie Portman is not present.",0,Natalie Portman is not in the Star Wars prequel trilogy.,3
Natalie Portman is absent from the Star Wars prequel trilogy.,0,Natalie Portman is not in the Star Wars prequel trilogy.,4
Grace Kelly did not work with Alfred Hitchcock.,0,Grace Kelly did not work with Alfred Hitchcock.,0
Alfred Hitchcock did not collaborate with Grace Kelly.,0,Grace Kelly did not work with Alfred Hitchcock.,1
Grace Kelly did not collaborate with Alfred Hitchcock.,0,Grace Kelly did not work with Alfred Hitchcock.,2
There was no collaboration between Grace Kelly and Alfred Hitchcock.,0,Grace Kelly did not work with Alfred Hitchcock.,3
Alfred Hitchcock and Grace Kelly did not work together.,0,Grace Kelly did not work with Alfred Hitchcock.,4
Shonen Jump uses abbreviation.,1,Shonen Jump uses abbreviation.,0
Abbreviation is utilized by Shonen Jump.,1,Shonen Jump uses abbreviation.,1
Shonen Jump employs abbreviation.,1,Shonen Jump uses abbreviation.,2
The use of abbreviation is found in Shonen Jump.,1,Shonen Jump uses abbreviation.,3
Abbreviation is a feature of Shonen Jump.,1,Shonen Jump uses abbreviation.,4
The brown bear has faced local extinctions.,1,The brown bear has faced local extinctions.,0
Local extinctions have occurred for the brown bear.,1,The brown bear has faced local extinctions.,1
The brown bear has encountered instances of local extinction.,1,The brown bear has faced local extinctions.,2
There have been local extinctions involving the brown bear.,1,The brown bear has faced local extinctions.,3
The brown bear has experienced local extinctions.,1,The brown bear has faced local extinctions.,4
Planet of the Apes was unable to shoot scenes in the United States.,0,Planet of the Apes was unable to shoot scenes in the United States.,0
"""The production of Planet of the Apes could not film scenes in the United States.""",0,Planet of the Apes was unable to shoot scenes in the United States.,1
"""Scenes for Planet of the Apes were not shot in the United States.""",0,Planet of the Apes was unable to shoot scenes in the United States.,2
"""Planet of the Apes was not able to film any scenes within the United States.""",0,Planet of the Apes was unable to shoot scenes in the United States.,3
"""Filming scenes for Planet of the Apes did not take place in the United States.""",0,Planet of the Apes was unable to shoot scenes in the United States.,4
Taylor Schilling acts professionally.,1,Taylor Schilling acts professionally.,0
"""Professionally, Taylor Schilling performs as an actor.""",1,Taylor Schilling acts professionally.,1
"""Taylor Schilling engages in acting in a professional manner.""",1,Taylor Schilling acts professionally.,2
"""As an actress, Taylor Schilling demonstrates professionalism.""",1,Taylor Schilling acts professionally.,3
"""Taylor Schilling operates in a professional capacity in her acting career.""",1,Taylor Schilling acts professionally.,4
Steven Price (composer) is European.,1,Steven Price (composer) is European.,0
"""The composer Steven Price is from Europe.""",1,Steven Price (composer) is European.,1
"""Steven Price, who is a composer, hails from Europe.""",1,Steven Price (composer) is European.,2
"""European is the nationality of composer Steven Price.""",1,Steven Price (composer) is European.,3
"""Composer Steven Price is identified as being European.""",1,Steven Price (composer) is European.,4
David Jones (video game developer) founded DMA Design in 1998.,0,David Jones (video game developer) founded DMA Design in 1998.,0
"In 1998, DMA Design was established by David Jones, a video game developer.",0,David Jones (video game developer) founded DMA Design in 1998.,1
"David Jones, known as a video game developer, started DMA Design in the year 1998.",0,David Jones (video game developer) founded DMA Design in 1998.,2
"The year 1998 saw the founding of DMA Design by David Jones, a video game developer.",0,David Jones (video game developer) founded DMA Design in 1998.,3
DMA Design was created by video game developer David Jones in 1998.,0,David Jones (video game developer) founded DMA Design in 1998.,4
"By 1933, the Nazi Party was the largest elected party in the German Reichstag.",1,"By 1933, the Nazi Party was the largest elected party in the German Reichstag.",0
"In the German Reichstag by 1933, the Nazi Party had become the largest elected party.",1,"By 1933, the Nazi Party was the largest elected party in the German Reichstag.",1
"By the year 1933, the largest elected party in the German Reichstag was the Nazi Party.",1,"By 1933, the Nazi Party was the largest elected party in the German Reichstag.",2
The Nazi Party was the largest elected party in the Reichstag of Germany by 1933.,1,"By 1933, the Nazi Party was the largest elected party in the German Reichstag.",3
"In 1933, the largest party elected to the German Reichstag was the Nazi Party.",1,"By 1933, the Nazi Party was the largest elected party in the German Reichstag.",4
The Portuguese Empire was an empire in world history.,1,The Portuguese Empire was an empire in world history.,0
An empire in world history was the Portuguese Empire.,1,The Portuguese Empire was an empire in world history.,1
The empire known as the Portuguese Empire was part of world history.,1,The Portuguese Empire was an empire in world history.,2
"In the context of world history, the Portuguese Empire was an empire.",1,The Portuguese Empire was an empire in world history.,3
The Portuguese Empire constituted an empire within the scope of world history.,1,The Portuguese Empire was an empire in world history.,4
Lana Del Rey released a short film Tropico.,1,Lana Del Rey released a short film Tropico.,0
A short film titled Tropico was released by Lana Del Rey.,1,Lana Del Rey released a short film Tropico.,1
Lana Del Rey is the creator of the short film Tropico.,1,Lana Del Rey released a short film Tropico.,2
The short film Tropico was launched by Lana Del Rey.,1,Lana Del Rey released a short film Tropico.,3
"Released by Lana Del Rey, the short film is called Tropico.",1,Lana Del Rey released a short film Tropico.,4
Vincent Cassel directed Mesrine: Killer Instinct.,0,Vincent Cassel directed Mesrine: Killer Instinct.,0
"""Mesrine: Killer Instinct was directed by Vincent Cassel.""",0,Vincent Cassel directed Mesrine: Killer Instinct.,1
"""It was Vincent Cassel who directed Mesrine: Killer Instinct.""",0,Vincent Cassel directed Mesrine: Killer Instinct.,2
"""The director of Mesrine: Killer Instinct is Vincent Cassel.""",0,Vincent Cassel directed Mesrine: Killer Instinct.,3
"""Vincent Cassel is the director of Mesrine: Killer Instinct.""",0,Vincent Cassel directed Mesrine: Killer Instinct.,4
The Museum of Science and Industry was only ever the third-largest cultural attraction in Chicago.,0,The Museum of Science and Industry was only ever the third-largest cultural attraction in Chicago.,0
The only time the Museum of Science and Industry ranked as the third-largest cultural attraction in Chicago was throughout its existence.,0,The Museum of Science and Industry was only ever the third-largest cultural attraction in Chicago.,1
"In Chicago, the Museum of Science and Industry has always held the position of being the third-largest cultural attraction.",0,The Museum of Science and Industry was only ever the third-largest cultural attraction in Chicago.,2
"Throughout its history, the Museum of Science and Industry was consistently the third-largest cultural attraction in Chicago.",0,The Museum of Science and Industry was only ever the third-largest cultural attraction in Chicago.,3
The Museum of Science and Industry has been recognized as the third-largest cultural attraction in Chicago at all times.,0,The Museum of Science and Industry was only ever the third-largest cultural attraction in Chicago.,4
Marshall McLuhan was a controversial American.,0,Marshall McLuhan was a controversial American.,0
"""An American known for his controversial views was Marshall McLuhan.""",0,Marshall McLuhan was a controversial American.,1
"""Marshall McLuhan is recognized as a controversial figure in America.""",0,Marshall McLuhan was a controversial American.,2
"""As an American, Marshall McLuhan was considered to be controversial.""",0,Marshall McLuhan was a controversial American.,3
"""The American known as Marshall McLuhan was a figure of controversy.""",0,Marshall McLuhan was a controversial American.,4
"Deadpool 2 featured Ryan Reynolds, Morena Baccarin, Ed Skrein, T. J. Miller, Gina Carano, Leslie Uggams, Brianna Hildebrand, and Stefan Kapičić.",1,"Deadpool 2 featured Ryan Reynolds, Morena Baccarin, Ed Skrein, T. J. Miller, Gina Carano, Leslie Uggams, Brianna Hildebrand, and Stefan Kapičić.",0
"""In Deadpool 2, Ryan Reynolds, Morena Baccarin, Ed Skrein, T. J. Miller, Gina Carano, Leslie Uggams, Brianna Hildebrand, and Stefan Kapičić were featured.""",1,"Deadpool 2 featured Ryan Reynolds, Morena Baccarin, Ed Skrein, T. J. Miller, Gina Carano, Leslie Uggams, Brianna Hildebrand, and Stefan Kapičić.",1
"""Ryan Reynolds, Morena Baccarin, Ed Skrein, T. J. Miller, Gina Carano, Leslie Uggams, Brianna Hildebrand, and Stefan Kapičić appeared in Deadpool 2.""",1,"Deadpool 2 featured Ryan Reynolds, Morena Baccarin, Ed Skrein, T. J. Miller, Gina Carano, Leslie Uggams, Brianna Hildebrand, and Stefan Kapičić.",2
"""The cast of Deadpool 2 included Ryan Reynolds, Morena Baccarin, Ed Skrein, T. J. Miller, Gina Carano, Leslie Uggams, Brianna Hildebrand, and Stefan Kapičić.""",1,"Deadpool 2 featured Ryan Reynolds, Morena Baccarin, Ed Skrein, T. J. Miller, Gina Carano, Leslie Uggams, Brianna Hildebrand, and Stefan Kapičić.",3
"""Featured in Deadpool 2 were Ryan Reynolds, Morena Baccarin, Ed Skrein, T. J. Miller, Gina Carano, Leslie Uggams, Brianna Hildebrand, and Stefan Kapičić.""",1,"Deadpool 2 featured Ryan Reynolds, Morena Baccarin, Ed Skrein, T. J. Miller, Gina Carano, Leslie Uggams, Brianna Hildebrand, and Stefan Kapičić.",4
Arkham Asylum's patients include a villain.,1,Arkham Asylum's patients include a villain.,0
A villain is among the patients at Arkham Asylum.,1,Arkham Asylum's patients include a villain.,1
Among the patients of Arkham Asylum is a villain.,1,Arkham Asylum's patients include a villain.,2
Arkham Asylum has a villain as one of its patients.,1,Arkham Asylum's patients include a villain.,3
Included in the patients at Arkham Asylum is a villain.,1,Arkham Asylum's patients include a villain.,4
Hugh Jackman plays a role.,1,Hugh Jackman plays a role.,0
"""A role is played by Hugh Jackman.""",1,Hugh Jackman plays a role.,1
"""Hugh Jackman is cast in a role.""",1,Hugh Jackman plays a role.,2
"""In a role, Hugh Jackman performs.""",1,Hugh Jackman plays a role.,3
"""Hugh Jackman takes on a role.""",1,Hugh Jackman plays a role.,4
Shraddha Kapoor was directed by Mohit Suri in Aashiqui 2.,1,Shraddha Kapoor was directed by Mohit Suri in Aashiqui 2.,0
"In Aashiqui 2, Mohit Suri directed Shraddha Kapoor.",1,Shraddha Kapoor was directed by Mohit Suri in Aashiqui 2.,1
Mohit Suri was the director of Shraddha Kapoor in Aashiqui 2.,1,Shraddha Kapoor was directed by Mohit Suri in Aashiqui 2.,2
Aashiqui 2 featured Shraddha Kapoor under the direction of Mohit Suri.,1,Shraddha Kapoor was directed by Mohit Suri in Aashiqui 2.,3
"Directed by Mohit Suri, Shraddha Kapoor starred in Aashiqui 2.",1,Shraddha Kapoor was directed by Mohit Suri in Aashiqui 2.,4
Telangana has a capital.,1,Telangana has a capital.,0
"""There is a capital for Telangana.""",1,Telangana has a capital.,1
"""Telangana possesses a capital.""",1,Telangana has a capital.,2
"""A capital exists for Telangana.""",1,Telangana has a capital.,3
"""Telangana is home to a capital.""",1,Telangana has a capital.,4
Snoop Dogg released a soundtrack on Death Row Records for the short film Murder Was the Case.,1,Snoop Dogg released a soundtrack on Death Row Records for the short film Murder Was the Case.,0
"""For the short film Murder Was the Case, Snoop Dogg released a soundtrack under Death Row Records.""",1,Snoop Dogg released a soundtrack on Death Row Records for the short film Murder Was the Case.,1
"""Snoop Dogg put out a soundtrack on Death Row Records for the short film Murder Was the Case.""",1,Snoop Dogg released a soundtrack on Death Row Records for the short film Murder Was the Case.,2
"""A soundtrack for the short film Murder Was the Case was released by Snoop Dogg on Death Row Records.""",1,Snoop Dogg released a soundtrack on Death Row Records for the short film Murder Was the Case.,3
"""On Death Row Records, Snoop Dogg released a soundtrack associated with the short film Murder Was the Case.""",1,Snoop Dogg released a soundtrack on Death Row Records for the short film Murder Was the Case.,4
Warm Leatherette is by anyone but a Jamaican-born singer.,0,Warm Leatherette is by anyone but a Jamaican-born singer.,0
"""Warm Leatherette is performed by a singer who is not Jamaican-born.""",0,Warm Leatherette is by anyone but a Jamaican-born singer.,1
"""A Jamaican-born singer is not the artist behind Warm Leatherette.""",0,Warm Leatherette is by anyone but a Jamaican-born singer.,2
"""The singer of Warm Leatherette is not someone who was born in Jamaica.""",0,Warm Leatherette is by anyone but a Jamaican-born singer.,3
"""Warm Leatherette is not by a singer who was born in Jamaica.""",0,Warm Leatherette is by anyone but a Jamaican-born singer.,4
The Boston Celtics share an arena with an amateur ice hockey team.,0,The Boston Celtics share an arena with an amateur ice hockey team.,0
An amateur ice hockey team shares an arena with the Boston Celtics.,0,The Boston Celtics share an arena with an amateur ice hockey team.,1
The arena of the Boston Celtics is also used by an amateur ice hockey team.,0,The Boston Celtics share an arena with an amateur ice hockey team.,2
An arena is shared by the Boston Celtics and an amateur ice hockey team.,0,The Boston Celtics share an arena with an amateur ice hockey team.,3
There is an arena that the Boston Celtics and an amateur ice hockey team both use.,0,The Boston Celtics share an arena with an amateur ice hockey team.,4
The Sopranos premiered on the big screen.,0,The Sopranos premiered on the big screen.,0
"""The big screen saw the premiere of The Sopranos.""",0,The Sopranos premiered on the big screen.,1
"""The Sopranos made its debut on the big screen.""",0,The Sopranos premiered on the big screen.,2
"""On the big screen, The Sopranos had its premiere.""",0,The Sopranos premiered on the big screen.,3
"""The premiere of The Sopranos took place on the big screen.""",0,The Sopranos premiered on the big screen.,4
Whiplash features J. K. Simmons.,1,Whiplash features J. K. Simmons.,0
J. K. Simmons is featured in Whiplash.,1,Whiplash features J. K. Simmons.,1
"In Whiplash, J. K. Simmons appears.",1,Whiplash features J. K. Simmons.,2
Whiplash includes J. K. Simmons in its cast.,1,Whiplash features J. K. Simmons.,3
J. K. Simmons plays a role in Whiplash.,1,Whiplash features J. K. Simmons.,4
The Who included philosopher Zak Starkey.,0,The Who included philosopher Zak Starkey.,0
Philosopher Zak Starkey was part of The Who.,0,The Who included philosopher Zak Starkey.,1
The Who featured philosopher Zak Starkey.,0,The Who included philosopher Zak Starkey.,2
Included in The Who was philosopher Zak Starkey.,0,The Who included philosopher Zak Starkey.,3
Philosopher Zak Starkey was included in The Who.,0,The Who included philosopher Zak Starkey.,4
"Rescue Me ended on July 7, 2011.",0,"Rescue Me ended on July 7, 2011.",0
"""The series Rescue Me concluded on July 7, 2011.""",0,"Rescue Me ended on July 7, 2011.",1
"""On July 7, 2011, Rescue Me came to an end.""",0,"Rescue Me ended on July 7, 2011.",2
"""July 7, 2011, marked the end of Rescue Me.""",0,"Rescue Me ended on July 7, 2011.",3
"""Rescue Me finished airing on July 7, 2011.""",0,"Rescue Me ended on July 7, 2011.",4
"On average, Antarctica has the highest average elevation of all the continents.",1,"On average, Antarctica has the highest average elevation of all the continents.",0
"Antarctica has the highest average elevation compared to all other continents, on average.",1,"On average, Antarctica has the highest average elevation of all the continents.",1
"Among all the continents, Antarctica features the highest average elevation, on average.",1,"On average, Antarctica has the highest average elevation of all the continents.",2
The average elevation of Antarctica is the highest of any continent.,1,"On average, Antarctica has the highest average elevation of all the continents.",3
"When considering average elevation, Antarctica ranks as the highest among all continents.",1,"On average, Antarctica has the highest average elevation of all the continents.",4
"Jing Tian died on July 21, 1988.",0,"Jing Tian died on July 21, 1988.",0
"On July 21, 1988, Jing Tian passed away.",0,"Jing Tian died on July 21, 1988.",1
"Jing Tian passed on July 21, 1988.",0,"Jing Tian died on July 21, 1988.",2
"The date of Jing Tian's death was July 21, 1988.",0,"Jing Tian died on July 21, 1988.",3
"July 21, 1988, marks the day Jing Tian died.",0,"Jing Tian died on July 21, 1988.",4
Weightlifting Fairy Kim Bok-joo is not from South Korea.,0,Weightlifting Fairy Kim Bok-joo is not from South Korea.,0
"Kim Bok-joo, known as the Weightlifting Fairy, is not originally from South Korea.",0,Weightlifting Fairy Kim Bok-joo is not from South Korea.,1
The character Weightlifting Fairy Kim Bok-joo does not hail from South Korea.,0,Weightlifting Fairy Kim Bok-joo is not from South Korea.,2
"Not from South Korea, Weightlifting Fairy Kim Bok-joo is a character who is well known.",0,Weightlifting Fairy Kim Bok-joo is not from South Korea.,3
Weightlifting Fairy Kim Bok-joo is not a South Korean.,0,Weightlifting Fairy Kim Bok-joo is not from South Korea.,4
La La Anthony was in November Rule and Destined.,1,La La Anthony was in November Rule and Destined.,0
"In ""November Rule"" and ""Destined,"" La La Anthony made an appearance.",1,La La Anthony was in November Rule and Destined.,1
"La La Anthony appeared in both ""Destined"" and ""November Rule.""",1,La La Anthony was in November Rule and Destined.,2
"The films ""November Rule"" and ""Destined"" featured La La Anthony.",1,La La Anthony was in November Rule and Destined.,3
"La La Anthony was featured in ""Destined"" and ""November Rule.""",1,La La Anthony was in November Rule and Destined.,4
The Fujistsu iPAD was teased but never released.,0,The Fujistsu iPAD was teased but never released.,0
The Fujitsu iPAD was hinted at but ultimately not launched.,0,The Fujistsu iPAD was teased but never released.,1
"Although the Fujitsu iPAD was showcased, it was never made available.",0,The Fujistsu iPAD was teased but never released.,2
The Fujitsu iPAD received some promotion but was never put on the market.,0,The Fujistsu iPAD was teased but never released.,3
"Teasers for the Fujitsu iPAD were presented, but the product was never released.",0,The Fujistsu iPAD was teased but never released.,4
The 84th Academy Awards snubbed Beginners.,0,The 84th Academy Awards snubbed Beginners.,0
"""Beginners was overlooked by the 84th Academy Awards.""",0,The 84th Academy Awards snubbed Beginners.,1
"""The 84th Academy Awards did not recognize Beginners.""",0,The 84th Academy Awards snubbed Beginners.,2
"""Beginners was not acknowledged at the 84th Academy Awards.""",0,The 84th Academy Awards snubbed Beginners.,3
"""The 84th Academy Awards failed to honor Beginners.""",0,The 84th Academy Awards snubbed Beginners.,4
Canada lacks a constitution.,0,Canada lacks a constitution.,0
"""There is no constitution in Canada.""",0,Canada lacks a constitution.,1
"""Canada does not have a constitution.""",0,Canada lacks a constitution.,2
"""A constitution is absent in Canada.""",0,Canada lacks a constitution.,3
"""Canada is without a constitution.""",0,Canada lacks a constitution.,4
J. Cole was born in 1986.,0,J. Cole was born in 1986.,0
"In 1986, J. Cole was born.",0,J. Cole was born in 1986.,1
The year 1986 marks the birth of J. Cole.,0,J. Cole was born in 1986.,2
J. Cole's birth took place in 1986.,0,J. Cole was born in 1986.,3
"Born in 1986, J. Cole came into the world that year.",0,J. Cole was born in 1986.,4
True Detective's second season was not set in the United States.,0,True Detective's second season was not set in the United States.,0
The setting of True Detective's second season was outside of the United States.,0,True Detective's second season was not set in the United States.,1
True Detective's second season did not take place in the United States.,0,True Detective's second season was not set in the United States.,2
The United States was not the location for the second season of True Detective.,0,True Detective's second season was not set in the United States.,3
"In the second season of True Detective, the setting was not in the United States.",0,True Detective's second season was not set in the United States.,4
Jennifer Grey was in Dirty Dancing.,1,Jennifer Grey was in Dirty Dancing.,0
"""Dirty Dancing featured Jennifer Grey.""",1,Jennifer Grey was in Dirty Dancing.,1
"""Jennifer Grey appeared in the film Dirty Dancing.""",1,Jennifer Grey was in Dirty Dancing.,2
"""In the movie Dirty Dancing, Jennifer Grey had a role.""",1,Jennifer Grey was in Dirty Dancing.,3
"""Jennifer Grey was part of the cast in Dirty Dancing.""",1,Jennifer Grey was in Dirty Dancing.,4
Glee has a karaoke game on the PS4.,0,Glee has a karaoke game on the PS4.,0
There is a karaoke game for Glee available on the PS4.,0,Glee has a karaoke game on the PS4.,1
"On the PS4, Glee features a karaoke game.",0,Glee has a karaoke game on the PS4.,2
A karaoke game based on Glee can be found on the PS4.,0,Glee has a karaoke game on the PS4.,3
Glee offers a karaoke game that is playable on the PS4.,0,Glee has a karaoke game on the PS4.,4
Susan Sarandon debuted on Broadway in 1999.,0,Susan Sarandon debuted on Broadway in 1999.,0
"In 1999, Susan Sarandon made her Broadway debut.",0,Susan Sarandon debuted on Broadway in 1999.,1
The year 1999 marked Susan Sarandon's first appearance on Broadway.,0,Susan Sarandon debuted on Broadway in 1999.,2
Susan Sarandon's Broadway debut took place in 1999.,0,Susan Sarandon debuted on Broadway in 1999.,3
It was in 1999 that Susan Sarandon first appeared on Broadway.,0,Susan Sarandon debuted on Broadway in 1999.,4
"West Hollywood, California is in the United States.",1,"West Hollywood, California is in the United States.",0
"""The United States contains West Hollywood, California.""",1,"West Hollywood, California is in the United States.",1
"""California's West Hollywood is located within the United States.""",1,"West Hollywood, California is in the United States.",2
"""In the United States, one can find West Hollywood, California.""",1,"West Hollywood, California is in the United States.",3
"""West Hollywood, which is in California, is part of the United States.""",1,"West Hollywood, California is in the United States.",4
R. Madhavan refuses to work as a film producer.,0,R. Madhavan refuses to work as a film producer.,0
R. Madhavan does not want to take on the role of a film producer.,0,R. Madhavan refuses to work as a film producer.,1
Working as a film producer is something R. Madhavan declines to do.,0,R. Madhavan refuses to work as a film producer.,2
R. Madhavan has chosen not to engage in film production.,0,R. Madhavan refuses to work as a film producer.,3
R. Madhavan will not work in the capacity of a film producer.,0,R. Madhavan refuses to work as a film producer.,4
The Houston Rockets have won zero Western Conference titles.,0,The Houston Rockets have won zero Western Conference titles.,0
The Western Conference titles have not been won by the Houston Rockets.,0,The Houston Rockets have won zero Western Conference titles.,1
The Houston Rockets have not secured any titles in the Western Conference.,0,The Houston Rockets have won zero Western Conference titles.,2
Zero titles in the Western Conference have been claimed by the Houston Rockets.,0,The Houston Rockets have won zero Western Conference titles.,3
The Houston Rockets have yet to win a single Western Conference title.,0,The Houston Rockets have won zero Western Conference titles.,4
The Invention of Lying is a restaurant.,0,The Invention of Lying is a restaurant.,0
A restaurant is The Invention of Lying.,0,The Invention of Lying is a restaurant.,1
The Invention of Lying refers to a restaurant.,0,The Invention of Lying is a restaurant.,2
There exists a restaurant known as The Invention of Lying.,0,The Invention of Lying is a restaurant.,3
The Invention of Lying is classified as a restaurant.,0,The Invention of Lying is a restaurant.,4
San Junipero is from Britain.,1,San Junipero is from Britain.,0
San Junipero originates from Britain.,1,San Junipero is from Britain.,1
The origin of San Junipero is Britain.,1,San Junipero is from Britain.,2
San Junipero hails from Britain.,1,San Junipero is from Britain.,3
Britain is where San Junipero is from.,1,San Junipero is from Britain.,4
Maybe I'll Catch Fire is the name of an album released by Alkaline Trio.,1,Maybe I'll Catch Fire is the name of an album released by Alkaline Trio.,0
The title of the album released by Alkaline Trio is Maybe I'll Catch Fire.,1,Maybe I'll Catch Fire is the name of an album released by Alkaline Trio.,1
Maybe I'll Catch Fire is an album that was released by Alkaline Trio.,1,Maybe I'll Catch Fire is the name of an album released by Alkaline Trio.,2
Alkaline Trio released an album titled Maybe I'll Catch Fire.,1,Maybe I'll Catch Fire is the name of an album released by Alkaline Trio.,3
The album released by Alkaline Trio is called Maybe I'll Catch Fire.,1,Maybe I'll Catch Fire is the name of an album released by Alkaline Trio.,4
Indiana Jones has been played by River Phoenix.,1,Indiana Jones has been played by River Phoenix.,0
River Phoenix portrayed Indiana Jones.,1,Indiana Jones has been played by River Phoenix.,1
Indiana Jones was portrayed by River Phoenix.,1,Indiana Jones has been played by River Phoenix.,2
The character Indiana Jones has been played by River Phoenix.,1,Indiana Jones has been played by River Phoenix.,3
River Phoenix has taken on the role of Indiana Jones.,1,Indiana Jones has been played by River Phoenix.,4
Saratoga is an American film from 1937.,1,Saratoga is an American film from 1937.,0
"""The film Saratoga is an American production that was released in 1937.""",1,Saratoga is an American film from 1937.,1
"""Saratoga, which came out in 1937, is a film from America.""",1,Saratoga is an American film from 1937.,2
"""An American film titled Saratoga was made in 1937.""",1,Saratoga is an American film from 1937.,3
"""In 1937, Saratoga was produced as an American film.""",1,Saratoga is an American film from 1937.,4
Seven Days in May was directed by James Cameron.,0,Seven Days in May was directed by James Cameron.,0
James Cameron directed Seven Days in May.,0,Seven Days in May was directed by James Cameron.,1
The film Seven Days in May was helmed by James Cameron.,0,Seven Days in May was directed by James Cameron.,2
"Directed by James Cameron, Seven Days in May is a notable film.",0,Seven Days in May was directed by James Cameron.,3
Seven Days in May was overseen by director James Cameron.,0,Seven Days in May was directed by James Cameron.,4
Saddam Hussein was born in 1937.,1,Saddam Hussein was born in 1937.,0
"In 1937, Saddam Hussein was born.",1,Saddam Hussein was born in 1937.,1
The year 1937 marks the birth of Saddam Hussein.,1,Saddam Hussein was born in 1937.,2
Saddam Hussein's birth occurred in 1937.,1,Saddam Hussein was born in 1937.,3
"Born in 1937, Saddam Hussein came into the world.",1,Saddam Hussein was born in 1937.,4
There is an actor name Peter Davison.,1,There is an actor name Peter Davison.,0
"""An actor goes by the name Peter Davison.""",1,There is an actor name Peter Davison.,1
"""Peter Davison is the name of an actor.""",1,There is an actor name Peter Davison.,2
"""There exists an actor named Peter Davison.""",1,There is an actor name Peter Davison.,3
"""An actor named Peter Davison is present.""",1,There is an actor name Peter Davison.,4
Saved was a play with zero cast members.,0,Saved was a play with zero cast members.,0
"""The play Saved featured no cast members at all.""",0,Saved was a play with zero cast members.,1
"""There were no cast members in the play Saved.""",0,Saved was a play with zero cast members.,2
"""Saved was a production that had a complete absence of cast members.""",0,Saved was a play with zero cast members.,3
"""In the play Saved, there were zero cast members.""",0,Saved was a play with zero cast members.,4
Monarch of the Glen is produced by Ecosse Films.,1,Monarch of the Glen is produced by Ecosse Films.,0
Ecosse Films is responsible for the production of Monarch of the Glen.,1,Monarch of the Glen is produced by Ecosse Films.,1
The production of Monarch of the Glen is handled by Ecosse Films.,1,Monarch of the Glen is produced by Ecosse Films.,2
It is Ecosse Films that produces Monarch of the Glen.,1,Monarch of the Glen is produced by Ecosse Films.,3
Monarch of the Glen is created by Ecosse Films.,1,Monarch of the Glen is produced by Ecosse Films.,4
Grace Jones is a dancer.,0,Grace Jones is a dancer.,0
"""A dancer is Grace Jones.""",0,Grace Jones is a dancer.,1
"""Grace Jones works as a dancer.""",0,Grace Jones is a dancer.,2
"""As a dancer, Grace Jones is recognized.""",0,Grace Jones is a dancer.,3
"""Grace Jones holds the title of a dancer.""",0,Grace Jones is a dancer.,4
Tom Morello worked creatively with Rage Against the Machine.,1,Tom Morello worked creatively with Rage Against the Machine.,0
Tom Morello collaborated artistically with Rage Against the Machine.,1,Tom Morello worked creatively with Rage Against the Machine.,1
"With Rage Against the Machine, Tom Morello engaged in creative work.",1,Tom Morello worked creatively with Rage Against the Machine.,2
Rage Against the Machine and Tom Morello worked together in a creative capacity.,1,Tom Morello worked creatively with Rage Against the Machine.,3
Tom Morello was involved in creative endeavors with Rage Against the Machine.,1,Tom Morello worked creatively with Rage Against the Machine.,4
"Aspen, Colorado is where John Denver has lived most of his life.",1,"Aspen, Colorado is where John Denver has lived most of his life.",0
"John Denver has spent the majority of his life in Aspen, Colorado.",1,"Aspen, Colorado is where John Denver has lived most of his life.",1
"Most of John Denver's life has been lived in Aspen, Colorado.",1,"Aspen, Colorado is where John Denver has lived most of his life.",2
"Aspen, Colorado is the place where John Denver has resided for most of his life.",1,"Aspen, Colorado is where John Denver has lived most of his life.",3
"The majority of John Denver's life has taken place in Aspen, Colorado.",1,"Aspen, Colorado is where John Denver has lived most of his life.",4
Jemaine Clement refuses to have anything to do with comedy.,1,Jemaine Clement refuses to have anything to do with comedy.,0
Jemaine Clement declines to engage in any form of comedy.,1,Jemaine Clement refuses to have anything to do with comedy.,1
Jemaine Clement does not want to be involved with comedy at all.,1,Jemaine Clement refuses to have anything to do with comedy.,2
Jemaine Clement has no interest in participating in comedy.,1,Jemaine Clement refuses to have anything to do with comedy.,3
Jemaine Clement will not associate himself with comedy in any way.,1,Jemaine Clement refuses to have anything to do with comedy.,4
Constantine was directed by Francis Lawrence.,1,Constantine was directed by Francis Lawrence.,0
Francis Lawrence directed Constantine.,1,Constantine was directed by Francis Lawrence.,1
The direction of Constantine was by Francis Lawrence.,1,Constantine was directed by Francis Lawrence.,2
Francis Lawrence was the director of Constantine.,1,Constantine was directed by Francis Lawrence.,3
Constantine was under the direction of Francis Lawrence.,1,Constantine was directed by Francis Lawrence.,4
BoJack Horseman was shown on Hulu.,0,BoJack Horseman was shown on Hulu.,0
"""Hulu featured BoJack Horseman.""",0,BoJack Horseman was shown on Hulu.,1
"""BoJack Horseman aired on Hulu.""",0,BoJack Horseman was shown on Hulu.,2
"""On Hulu, BoJack Horseman was available.""",0,BoJack Horseman was shown on Hulu.,3
"""BoJack Horseman was available for viewing on Hulu.""",0,BoJack Horseman was shown on Hulu.,4
Elementary is a series.,1,Elementary is a series.,0
"""A series is what Elementary is.""",1,Elementary is a series.,1
"""Elementary constitutes a series.""",1,Elementary is a series.,2
"""The term Elementary refers to a series.""",1,Elementary is a series.,3
"""Elementary can be classified as a series.""",1,Elementary is a series.,4
Leslie Groves directed a top secret research project in the 1940s.,1,Leslie Groves directed a top secret research project in the 1940s.,0
"In the 1940s, a highly classified research project was directed by Leslie Groves.",1,Leslie Groves directed a top secret research project in the 1940s.,1
Leslie Groves was in charge of a secret research project during the 1940s.,1,Leslie Groves directed a top secret research project in the 1940s.,2
A top secret research project in the 1940s was overseen by Leslie Groves.,1,Leslie Groves directed a top secret research project in the 1940s.,3
"During the 1940s, Leslie Groves led a confidential research project.",1,Leslie Groves directed a top secret research project in the 1940s.,4
"Her was given a wide release on January 10, 2014.",1,"Her was given a wide release on January 10, 2014.",0
"""A wide release of Her took place on January 10, 2014.""",1,"Her was given a wide release on January 10, 2014.",1
"""On January 10, 2014, Her was released widely.""",1,"Her was given a wide release on January 10, 2014.",2
"""Her received a broad release on the date of January 10, 2014.""",1,"Her was given a wide release on January 10, 2014.",3
"""The film Her was given a general release on January 10, 2014.""",1,"Her was given a wide release on January 10, 2014.",4
George H. W. Bush moved his business to West Texas.,0,George H. W. Bush moved his business to West Texas.,0
George H. W. Bush relocated his business to West Texas.,0,George H. W. Bush moved his business to West Texas.,1
The business of George H. W. Bush was moved to West Texas.,0,George H. W. Bush moved his business to West Texas.,2
West Texas became the new location for George H. W. Bush's business.,0,George H. W. Bush moved his business to West Texas.,3
George H. W. Bush transferred his business operations to West Texas.,0,George H. W. Bush moved his business to West Texas.,4
A crown colony is a type of colonial anarchy.,0,A crown colony is a type of colonial anarchy.,0
A crown colony can be classified as a form of colonial anarchy.,0,A crown colony is a type of colonial anarchy.,1
A type of colonial anarchy is what a crown colony represents.,0,A crown colony is a type of colonial anarchy.,2
A crown colony constitutes a specific kind of colonial anarchy.,0,A crown colony is a type of colonial anarchy.,3
Colonial anarchy is a category that includes a crown colony.,0,A crown colony is a type of colonial anarchy.,4
"Elvis Presley lived in Graceland, his Memphis estate.",1,"Elvis Presley lived in Graceland, his Memphis estate.",0
"""His Memphis estate, Graceland, was the residence of Elvis Presley.""",1,"Elvis Presley lived in Graceland, his Memphis estate.",1
"""Elvis Presley resided at Graceland, which is his estate in Memphis.""",1,"Elvis Presley lived in Graceland, his Memphis estate.",2
"""In Memphis, Elvis Presley lived at his estate known as Graceland.""",1,"Elvis Presley lived in Graceland, his Memphis estate.",3
"""Graceland, the estate of Elvis Presley, is located in Memphis.""",1,"Elvis Presley lived in Graceland, his Memphis estate.",4
Indian was solely directed by Mel Gibson.,0,Indian was solely directed by Mel Gibson.,0
"""Mel Gibson was the only director of Indian.""",0,Indian was solely directed by Mel Gibson.,1
"""Only Mel Gibson directed Indian.""",0,Indian was solely directed by Mel Gibson.,2
"""Indian had Mel Gibson as its sole director.""",0,Indian was solely directed by Mel Gibson.,3
"""The sole director of Indian was Mel Gibson.""",0,Indian was solely directed by Mel Gibson.,4
Travis Barker collaborated with others.,1,Travis Barker collaborated with others.,0
Others collaborated with Travis Barker.,1,Travis Barker collaborated with others.,1
Travis Barker worked together with other individuals.,1,Travis Barker collaborated with others.,2
Collaboration occurred between Travis Barker and others.,1,Travis Barker collaborated with others.,3
Travis Barker engaged in collaboration with others.,1,Travis Barker collaborated with others.,4
Kangana Ranaut was alive.,1,Kangana Ranaut was alive.,0
Kangana Ranaut is alive.,1,Kangana Ranaut was alive.,1
Alive is Kangana Ranaut.,1,Kangana Ranaut was alive.,2
Kangana Ranaut exists.,1,Kangana Ranaut was alive.,3
Kangana Ranaut continues to be alive.,1,Kangana Ranaut was alive.,4
Emily Blunt starred in The Huntsman: Winter's War.,1,Emily Blunt starred in The Huntsman: Winter's War.,0
"In The Huntsman: Winter's War, Emily Blunt played a leading role.",1,Emily Blunt starred in The Huntsman: Winter's War.,1
The role of Emily Blunt in The Huntsman: Winter's War was significant.,1,Emily Blunt starred in The Huntsman: Winter's War.,2
Emily Blunt was featured as a star in The Huntsman: Winter's War.,1,Emily Blunt starred in The Huntsman: Winter's War.,3
The Huntsman: Winter's War included a performance by Emily Blunt.,1,Emily Blunt starred in The Huntsman: Winter's War.,4
Pierce Brosnan failed to be in the remake of The Thomas Crown Affair.,0,Pierce Brosnan failed to be in the remake of The Thomas Crown Affair.,0
Pierce Brosnan did not participate in the remake of The Thomas Crown Affair.,0,Pierce Brosnan failed to be in the remake of The Thomas Crown Affair.,1
The remake of The Thomas Crown Affair did not feature Pierce Brosnan.,0,Pierce Brosnan failed to be in the remake of The Thomas Crown Affair.,2
"In the remake of The Thomas Crown Affair, Pierce Brosnan was not involved.",0,Pierce Brosnan failed to be in the remake of The Thomas Crown Affair.,3
Pierce Brosnan was absent from the remake of The Thomas Crown Affair.,0,Pierce Brosnan failed to be in the remake of The Thomas Crown Affair.,4
The Best Rock Album was won by Green Day.,1,The Best Rock Album was won by Green Day.,0
Green Day won the award for The Best Rock Album.,1,The Best Rock Album was won by Green Day.,1
The award for The Best Rock Album was awarded to Green Day.,1,The Best Rock Album was won by Green Day.,2
Green Day is the recipient of The Best Rock Album.,1,The Best Rock Album was won by Green Day.,3
The Best Rock Album has been won by Green Day.,1,The Best Rock Album was won by Green Day.,4
Bangladesh is a founding member of nationalism.,0,Bangladesh is a founding member of nationalism.,0
"""As a founding member, Bangladesh is associated with nationalism.""",0,Bangladesh is a founding member of nationalism.,1
"""Nationalism counts Bangladesh as one of its founding members.""",0,Bangladesh is a founding member of nationalism.,2
"""Bangladesh holds the status of being a founding member of nationalism.""",0,Bangladesh is a founding member of nationalism.,3
"""Among the founding members of nationalism is Bangladesh.""",0,Bangladesh is a founding member of nationalism.,4
George Orwell is the author of only Animal Farm.,0,George Orwell is the author of only Animal Farm.,0
The only book that George Orwell authored is Animal Farm.,0,George Orwell is the author of only Animal Farm.,1
Animal Farm is the sole work written by George Orwell.,0,George Orwell is the author of only Animal Farm.,2
"George Orwell has written only one book, which is Animal Farm.",0,George Orwell is the author of only Animal Farm.,3
The only work by George Orwell is Animal Farm.,0,George Orwell is the author of only Animal Farm.,4
"Garry Kasparov won his first major chess tournament on April 13, 1963.",0,"Garry Kasparov won his first major chess tournament on April 13, 1963.",0
"On April 13, 1963, Garry Kasparov claimed victory in his first significant chess tournament.",0,"Garry Kasparov won his first major chess tournament on April 13, 1963.",1
"Garry Kasparov achieved his initial major chess tournament win on April 13, 1963.",0,"Garry Kasparov won his first major chess tournament on April 13, 1963.",2
"The first major chess tournament that Garry Kasparov won took place on April 13, 1963.",0,"Garry Kasparov won his first major chess tournament on April 13, 1963.",3
"April 13, 1963, marked the date when Garry Kasparov won his first important chess tournament.",0,"Garry Kasparov won his first major chess tournament on April 13, 1963.",4
Dark Places is exclusively a novel.,0,Dark Places is exclusively a novel.,0
"""The only format of Dark Places is a novel.""",0,Dark Places is exclusively a novel.,1
"""Dark Places exists solely as a novel.""",0,Dark Places is exclusively a novel.,2
"""Only a novel is what Dark Places is.""",0,Dark Places is exclusively a novel.,3
"""Dark Places is nothing but a novel.""",0,Dark Places is exclusively a novel.,4
The Land Before Time is unrelated to dinosaurs.,0,The Land Before Time is unrelated to dinosaurs.,0
"""There is no connection between The Land Before Time and dinosaurs.""",0,The Land Before Time is unrelated to dinosaurs.,1
"""The Land Before Time does not have any relation to dinosaurs.""",0,The Land Before Time is unrelated to dinosaurs.,2
"""Dinosaurs are not related to The Land Before Time.""",0,The Land Before Time is unrelated to dinosaurs.,3
"""The Land Before Time is not connected to dinosaurs.""",0,The Land Before Time is unrelated to dinosaurs.,4
Robert Richardson has only ever collaborated with animals.,0,Robert Richardson has only ever collaborated with animals.,0
Robert Richardson has exclusively worked with animals throughout his career.,0,Robert Richardson has only ever collaborated with animals.,1
"Throughout his time, Robert Richardson has only partnered with animals.",0,Robert Richardson has only ever collaborated with animals.,2
Robert Richardson has never collaborated with anyone other than animals.,0,Robert Richardson has only ever collaborated with animals.,3
Animals are the sole collaborators Robert Richardson has ever had.,0,Robert Richardson has only ever collaborated with animals.,4
Kitti's hog-nosed bat has a scientific name.,1,Kitti's hog-nosed bat has a scientific name.,0
The scientific name belongs to Kitti's hog-nosed bat.,1,Kitti's hog-nosed bat has a scientific name.,1
Kitti's hog-nosed bat is known by a scientific name.,1,Kitti's hog-nosed bat has a scientific name.,2
There exists a scientific name for Kitti's hog-nosed bat.,1,Kitti's hog-nosed bat has a scientific name.,3
A scientific name is associated with Kitti's hog-nosed bat.,1,Kitti's hog-nosed bat has a scientific name.,4
Joseph Barbera was exclusively Italian.,0,Joseph Barbera was exclusively Italian.,0
Joseph Barbera was of solely Italian descent.,0,Joseph Barbera was exclusively Italian.,1
The heritage of Joseph Barbera was entirely Italian.,0,Joseph Barbera was exclusively Italian.,2
Joseph Barbera's background was exclusively Italian.,0,Joseph Barbera was exclusively Italian.,3
Only Italian ancestry is associated with Joseph Barbera.,0,Joseph Barbera was exclusively Italian.,4
American Gods was developed for a British news channel.,0,American Gods was developed for a British news channel.,0
A British news channel was responsible for the development of American Gods.,0,American Gods was developed for a British news channel.,1
"Developed for a British news channel, American Gods is a notable work.",0,American Gods was developed for a British news channel.,2
The development of American Gods took place for a British news channel.,0,American Gods was developed for a British news channel.,3
American Gods was created for a news channel in Britain.,0,American Gods was developed for a British news channel.,4
Snoop Dogg was involved with an American record label,1,Snoop Dogg was involved with an American record label,0
An American record label had Snoop Dogg as a participant.,1,Snoop Dogg was involved with an American record label,1
Snoop Dogg was connected to a record label in the United States.,1,Snoop Dogg was involved with an American record label,2
There was involvement from Snoop Dogg with a record label based in America.,1,Snoop Dogg was involved with an American record label,3
An American record label included Snoop Dogg in its activities.,1,Snoop Dogg was involved with an American record label,4
30 Seconds to Mars was released by Immortal Records.,1,30 Seconds to Mars was released by Immortal Records.,0
Immortal Records released 30 Seconds to Mars.,1,30 Seconds to Mars was released by Immortal Records.,1
The release of 30 Seconds to Mars was done by Immortal Records.,1,30 Seconds to Mars was released by Immortal Records.,2
Immortal Records is the label that released 30 Seconds to Mars.,1,30 Seconds to Mars was released by Immortal Records.,3
30 Seconds to Mars was launched by Immortal Records.,1,30 Seconds to Mars was released by Immortal Records.,4
Tyra Banks started modelling at age 20.,0,Tyra Banks started modelling at age 20.,0
"At the age of 20, Tyra Banks began her modeling career.",0,Tyra Banks started modelling at age 20.,1
Tyra Banks commenced her modeling journey when she was 20 years old.,0,Tyra Banks started modelling at age 20.,2
"At 20 years old, Tyra Banks entered the world of modeling.",0,Tyra Banks started modelling at age 20.,3
Modeling for Tyra Banks started when she turned 20.,0,Tyra Banks started modelling at age 20.,4
Rodrigo Santoro was incapable of starring in Carandiru.,0,Rodrigo Santoro was incapable of starring in Carandiru.,0
Rodrigo Santoro was unable to take on a leading role in Carandiru.,0,Rodrigo Santoro was incapable of starring in Carandiru.,1
Starring in Carandiru was beyond Rodrigo Santoro's capabilities.,0,Rodrigo Santoro was incapable of starring in Carandiru.,2
Rodrigo Santoro could not play a starring role in Carandiru.,0,Rodrigo Santoro was incapable of starring in Carandiru.,3
It was not possible for Rodrigo Santoro to star in Carandiru.,0,Rodrigo Santoro was incapable of starring in Carandiru.,4
School 2013 depicts the struggles and dilemmas that modern-day Korean youth face at school.,1,School 2013 depicts the struggles and dilemmas that modern-day Korean youth face at school.,0
"""The struggles and dilemmas faced by modern-day Korean youth at school are depicted in School 2013.""",1,School 2013 depicts the struggles and dilemmas that modern-day Korean youth face at school.,1
"""In School 2013, the challenges and issues that contemporary Korean students encounter at school are illustrated.""",1,School 2013 depicts the struggles and dilemmas that modern-day Korean youth face at school.,2
"""School 2013 showcases the challenges and dilemmas that today's Korean youth confront in the school environment.""",1,School 2013 depicts the struggles and dilemmas that modern-day Korean youth face at school.,3
"""The difficulties and dilemmas of modern Korean youth in school are portrayed in School 2013.""",1,School 2013 depicts the struggles and dilemmas that modern-day Korean youth face at school.,4
Ron Cobb is a film designer.,1,Ron Cobb is a film designer.,0
A film designer is Ron Cobb.,1,Ron Cobb is a film designer.,1
Ron Cobb works as a film designer.,1,Ron Cobb is a film designer.,2
The profession of Ron Cobb is that of a film designer.,1,Ron Cobb is a film designer.,3
Ron Cobb holds the title of film designer.,1,Ron Cobb is a film designer.,4
IPhone 3G is incapable of having 3G data.,0,IPhone 3G is incapable of having 3G data.,0
The iPhone 3G cannot support 3G data.,0,IPhone 3G is incapable of having 3G data.,1
Having 3G data is not possible on the iPhone 3G.,0,IPhone 3G is incapable of having 3G data.,2
The iPhone 3G does not have the ability to use 3G data.,0,IPhone 3G is incapable of having 3G data.,3
It is not possible for the iPhone 3G to utilize 3G data.,0,IPhone 3G is incapable of having 3G data.,4
South Korea's alphabet helped the general population to easily learn to read and write.,1,South Korea's alphabet helped the general population to easily learn to read and write.,0
The alphabet of South Korea made it easier for the general population to learn how to read and write.,1,South Korea's alphabet helped the general population to easily learn to read and write.,1
South Korea's writing system facilitated reading and writing for the general population.,1,South Korea's alphabet helped the general population to easily learn to read and write.,2
The general population found it easy to learn to read and write thanks to South Korea's alphabet.,1,South Korea's alphabet helped the general population to easily learn to read and write.,3
The alphabet used in South Korea assisted the general population in learning to read and write with ease.,1,South Korea's alphabet helped the general population to easily learn to read and write.,4
The Homesman features American actor John Lithgow.,0,The Homesman features American actor John Lithgow.,0
American actor John Lithgow appears in The Homesman.,0,The Homesman features American actor John Lithgow.,1
"The Homesman includes John Lithgow, an American actor.",0,The Homesman features American actor John Lithgow.,2
"In The Homesman, the American actor John Lithgow is featured.",0,The Homesman features American actor John Lithgow.,3
"John Lithgow, an actor from America, is part of The Homesman.",0,The Homesman features American actor John Lithgow.,4
Spike Jonze only worked in the medical field.,0,Spike Jonze only worked in the medical field.,0
Spike Jonze exclusively had a career in the medical field.,0,Spike Jonze only worked in the medical field.,1
The only area Spike Jonze worked in was the medical field.,0,Spike Jonze only worked in the medical field.,2
Spike Jonze's professional experience was limited to the medical field.,0,Spike Jonze only worked in the medical field.,3
"In his career, Spike Jonze was solely involved in the medical field.",0,Spike Jonze only worked in the medical field.,4
"Apple was incorporated as Apple Computer, Inc. in January 1977.",1,"Apple was incorporated as Apple Computer, Inc. in January 1977.",0
"In January 1977, Apple was established as Apple Computer, Inc.",1,"Apple was incorporated as Apple Computer, Inc. in January 1977.",1
"Apple Computer, Inc. was incorporated in January 1977 as Apple.",1,"Apple was incorporated as Apple Computer, Inc. in January 1977.",2
"The incorporation of Apple as Apple Computer, Inc. occurred in January 1977.",1,"Apple was incorporated as Apple Computer, Inc. in January 1977.",3
"January 1977 marked the incorporation of Apple, known then as Apple Computer, Inc.",1,"Apple was incorporated as Apple Computer, Inc. in January 1977.",4
Willie Nelson was discharged due to hearing problems.,0,Willie Nelson was discharged due to hearing problems.,0
Willie Nelson was released because of issues with his hearing.,0,Willie Nelson was discharged due to hearing problems.,1
"Due to hearing problems, Willie Nelson was discharged.",0,Willie Nelson was discharged due to hearing problems.,2
Hearing problems led to the discharge of Willie Nelson.,0,Willie Nelson was discharged due to hearing problems.,3
Willie Nelson faced discharge as a result of his hearing issues.,0,Willie Nelson was discharged due to hearing problems.,4
Paranormal pertains to ESP abilities.,1,Paranormal pertains to ESP abilities.,0
"""ESP abilities are related to the paranormal.""",1,Paranormal pertains to ESP abilities.,1
"""The paranormal is associated with ESP abilities.""",1,Paranormal pertains to ESP abilities.,2
"""ESP abilities fall under the category of the paranormal.""",1,Paranormal pertains to ESP abilities.,3
"""Paranormal refers to abilities related to ESP.""",1,Paranormal pertains to ESP abilities.,4
Clint Eastwood was nominated for an award.,1,Clint Eastwood was nominated for an award.,0
An award nomination was received by Clint Eastwood.,1,Clint Eastwood was nominated for an award.,1
Clint Eastwood received a nomination for an award.,1,Clint Eastwood was nominated for an award.,2
Nominated for an award was Clint Eastwood.,1,Clint Eastwood was nominated for an award.,3
Clint Eastwood was put forward for an award nomination.,1,Clint Eastwood was nominated for an award.,4
C. S. Forester's first name was Carl.,0,C. S. Forester's first name was Carl.,0
The first name of C. S. Forester was Carl.,0,C. S. Forester's first name was Carl.,1
Carl was the first name of C. S. Forester.,0,C. S. Forester's first name was Carl.,2
C. S. Forester had the first name Carl.,0,C. S. Forester's first name was Carl.,3
Carl is the first name associated with C. S. Forester.,0,C. S. Forester's first name was Carl.,4
Anne Frank lived in the Netherlands for most of her life.,1,Anne Frank lived in the Netherlands for most of her life.,0
"For the majority of her life, Anne Frank resided in the Netherlands.",1,Anne Frank lived in the Netherlands for most of her life.,1
Anne Frank spent the greater part of her life in the Netherlands.,1,Anne Frank lived in the Netherlands for most of her life.,2
The Netherlands was where Anne Frank lived for most of her life.,1,Anne Frank lived in the Netherlands for most of her life.,3
Most of Anne Frank's life was spent living in the Netherlands.,1,Anne Frank lived in the Netherlands for most of her life.,4
International Relations includes nuclear proliferation.,1,International Relations includes nuclear proliferation.,0
Nuclear proliferation is a part of International Relations.,1,International Relations includes nuclear proliferation.,1
"Within the scope of International Relations, there is nuclear proliferation.",1,International Relations includes nuclear proliferation.,2
The concept of nuclear proliferation falls under International Relations.,1,International Relations includes nuclear proliferation.,3
Nuclear proliferation is encompassed by International Relations.,1,International Relations includes nuclear proliferation.,4
Injustice 2 allows players to customize characters.,1,Injustice 2 allows players to customize characters.,0
Players can customize characters in Injustice 2.,1,Injustice 2 allows players to customize characters.,1
Injustice 2 enables character customization for players.,1,Injustice 2 allows players to customize characters.,2
Character customization is permitted for players in Injustice 2.,1,Injustice 2 allows players to customize characters.,3
Injustice 2 provides players with the ability to customize characters.,1,Injustice 2 allows players to customize characters.,4
Bruce Springsteen was a Kennedy Center Honors recipient in 2009.,1,Bruce Springsteen was a Kennedy Center Honors recipient in 2009.,0
"In 2009, Bruce Springsteen received the Kennedy Center Honors.",1,Bruce Springsteen was a Kennedy Center Honors recipient in 2009.,1
The Kennedy Center Honors were awarded to Bruce Springsteen in 2009.,1,Bruce Springsteen was a Kennedy Center Honors recipient in 2009.,2
Bruce Springsteen was honored with the Kennedy Center Honors in the year 2009.,1,Bruce Springsteen was a Kennedy Center Honors recipient in 2009.,3
"In the year 2009, Bruce Springsteen was a recipient of the Kennedy Center Honors.",1,Bruce Springsteen was a Kennedy Center Honors recipient in 2009.,4
Ballet Shoes is an award-winning children's novel.,1,Ballet Shoes is an award-winning children's novel.,0
"""Ballet Shoes is a children's novel that has won awards.""",1,Ballet Shoes is an award-winning children's novel.,1
"""An award-winning children's novel is Ballet Shoes.""",1,Ballet Shoes is an award-winning children's novel.,2
"""Ballet Shoes, which is a children's novel, has received awards.""",1,Ballet Shoes is an award-winning children's novel.,3
"""As an award-winning novel for children, Ballet Shoes holds that distinction.""",1,Ballet Shoes is an award-winning children's novel.,4
Steffi Graf won 5 consecutive majors.,1,Steffi Graf won 5 consecutive majors.,0
Steffi Graf achieved victory in 5 major tournaments in a row.,1,Steffi Graf won 5 consecutive majors.,1
Five major championships were won consecutively by Steffi Graf.,1,Steffi Graf won 5 consecutive majors.,2
Steffi Graf secured 5 major titles in succession.,1,Steffi Graf won 5 consecutive majors.,3
"Consecutively, Steffi Graf won 5 major events.",1,Steffi Graf won 5 consecutive majors.,4
Bonnie Hunt was in Grand.,1,Bonnie Hunt was in Grand.,0
"""In Grand, Bonnie Hunt made an appearance.""",1,Bonnie Hunt was in Grand.,1
"""Bonnie Hunt appeared in Grand.""",1,Bonnie Hunt was in Grand.,2
"""Grand featured Bonnie Hunt.""",1,Bonnie Hunt was in Grand.,3
"""Bonnie Hunt was part of Grand.""",1,Bonnie Hunt was in Grand.,4
Reuters only sends out news in English.,1,Reuters only sends out news in English.,0
"""News is only sent out by Reuters in English.""",1,Reuters only sends out news in English.,1
"""Reuters sends out news exclusively in English.""",1,Reuters only sends out news in English.,2
"""The only language in which Reuters sends out news is English.""",1,Reuters only sends out news in English.,3
"""Only English is used by Reuters to send out news.""",1,Reuters only sends out news in English.,4
The Divergent Series: Allegiant is based on a novel.,1,The Divergent Series: Allegiant is based on a novel.,0
"""The novel serves as the basis for The Divergent Series: Allegiant.""",1,The Divergent Series: Allegiant is based on a novel.,1
"""The Divergent Series: Allegiant is derived from a book.""",1,The Divergent Series: Allegiant is based on a novel.,2
"""A novel is the foundation for The Divergent Series: Allegiant.""",1,The Divergent Series: Allegiant is based on a novel.,3
"""The Divergent Series: Allegiant has its roots in a novel.""",1,The Divergent Series: Allegiant is based on a novel.,4
Drake's debut studio album only debuted at number five on the U.S. Billboard 200.,0,Drake's debut studio album only debuted at number five on the U.S. Billboard 200.,0
Drake's first studio album made its debut at the fifth position on the U.S. Billboard 200 chart.,0,Drake's debut studio album only debuted at number five on the U.S. Billboard 200.,1
The U.S. Billboard 200 saw Drake's debut studio album enter at number five.,0,Drake's debut studio album only debuted at number five on the U.S. Billboard 200.,2
"On the U.S. Billboard 200, Drake's debut studio album only reached the fifth spot.",0,Drake's debut studio album only debuted at number five on the U.S. Billboard 200.,3
Only the fifth place was achieved by Drake's debut studio album on the U.S. Billboard 200.,0,Drake's debut studio album only debuted at number five on the U.S. Billboard 200.,4
Papua New Guinea take up the eastern half of New Guinea in the Pacific Ocean.,1,Papua New Guinea take up the eastern half of New Guinea in the Pacific Ocean.,0
The eastern half of New Guinea in the Pacific Ocean is occupied by Papua New Guinea.,1,Papua New Guinea take up the eastern half of New Guinea in the Pacific Ocean.,1
Papua New Guinea occupies the eastern portion of New Guinea located in the Pacific Ocean.,1,Papua New Guinea take up the eastern half of New Guinea in the Pacific Ocean.,2
"In the Pacific Ocean, the eastern half of New Guinea is taken up by Papua New Guinea.",1,Papua New Guinea take up the eastern half of New Guinea in the Pacific Ocean.,3
"Papua New Guinea is situated in the eastern half of New Guinea, which is in the Pacific Ocean.",1,Papua New Guinea take up the eastern half of New Guinea in the Pacific Ocean.,4
Arnold Vinick isn't a character.,0,Arnold Vinick isn't a character.,0
Arnold Vinick is not a character.,0,Arnold Vinick isn't a character.,1
A character does not exist in the form of Arnold Vinick.,0,Arnold Vinick isn't a character.,2
There is no character named Arnold Vinick.,0,Arnold Vinick isn't a character.,3
Arnold Vinick does not qualify as a character.,0,Arnold Vinick isn't a character.,4
Mexico City is located in the Rio Grande Valley.,0,Mexico City is located in the Rio Grande Valley.,0
"""The Rio Grande Valley is where Mexico City is situated.""",0,Mexico City is located in the Rio Grande Valley.,1
"""Located in the Rio Grande Valley is Mexico City.""",0,Mexico City is located in the Rio Grande Valley.,2
"""Mexico City can be found in the Rio Grande Valley.""",0,Mexico City is located in the Rio Grande Valley.,3
"""In the Rio Grande Valley, you will find Mexico City.""",0,Mexico City is located in the Rio Grande Valley.,4
Usher was raised in Tennessee.,1,Usher was raised in Tennessee.,0
Usher grew up in Tennessee.,1,Usher was raised in Tennessee.,1
Tennessee was where Usher was brought up.,1,Usher was raised in Tennessee.,2
Usher's upbringing took place in Tennessee.,1,Usher was raised in Tennessee.,3
"In Tennessee, Usher was raised.",1,Usher was raised in Tennessee.,4
Transformers: Dark of the Moon is a motion picture.,1,Transformers: Dark of the Moon is a motion picture.,0
"""A motion picture is Transformers: Dark of the Moon.""",1,Transformers: Dark of the Moon is a motion picture.,1
"""Transformers: Dark of the Moon qualifies as a motion picture.""",1,Transformers: Dark of the Moon is a motion picture.,2
"""As a film, Transformers: Dark of the Moon is categorized as a motion picture.""",1,Transformers: Dark of the Moon is a motion picture.,3
"""The film known as Transformers: Dark of the Moon is a motion picture.""",1,Transformers: Dark of the Moon is a motion picture.,4
The Suite Life Movie was made without a writer.,0,The Suite Life Movie was made without a writer.,0
"""Without a writer, The Suite Life Movie was produced.""",0,The Suite Life Movie was made without a writer.,1
"""The Suite Life Movie was created in the absence of a writer.""",0,The Suite Life Movie was made without a writer.,2
"""A writer was not involved in the making of The Suite Life Movie.""",0,The Suite Life Movie was made without a writer.,3
"""The Suite Life Movie came into existence without the contribution of a writer.""",0,The Suite Life Movie was made without a writer.,4
Jeff Bezos has an estimated net worth of $1 billion.,0,Jeff Bezos has an estimated net worth of $1 billion.,0
The estimated net worth of Jeff Bezos is $1 billion.,0,Jeff Bezos has an estimated net worth of $1 billion.,1
Jeff Bezos's net worth is estimated to be $1 billion.,0,Jeff Bezos has an estimated net worth of $1 billion.,2
An estimate places Jeff Bezos's net worth at $1 billion.,0,Jeff Bezos has an estimated net worth of $1 billion.,3
It is estimated that Jeff Bezos has a net worth of $1 billion.,0,Jeff Bezos has an estimated net worth of $1 billion.,4
Inspectah Deck isn't a rapper.,0,Inspectah Deck isn't a rapper.,0
Inspectah Deck is not classified as a rapper.,0,Inspectah Deck isn't a rapper.,1
A rapper is not how Inspectah Deck is identified.,0,Inspectah Deck isn't a rapper.,2
Inspectah Deck does not fall into the category of rappers.,0,Inspectah Deck isn't a rapper.,3
It is stated that Inspectah Deck isn't a rapper.,0,Inspectah Deck isn't a rapper.,4
Jodie Foster is exclusively a theatre actor.,0,Jodie Foster is exclusively a theatre actor.,0
"""Jodie Foster is solely a theatre actor.""",0,Jodie Foster is exclusively a theatre actor.,1
"""Exclusively, Jodie Foster is a theatre actor.""",0,Jodie Foster is exclusively a theatre actor.,2
"""Jodie Foster only works as a theatre actor.""",0,Jodie Foster is exclusively a theatre actor.,3
"""As a theatre actor, Jodie Foster is exclusive.""",0,Jodie Foster is exclusively a theatre actor.,4
Travis Barker's first band was a different band than Feeble.,0,Travis Barker's first band was a different band than Feeble.,0
"The initial band of Travis Barker was not Feeble, but rather a different group.",0,Travis Barker's first band was a different band than Feeble.,1
Travis Barker's first musical group was not Feeble; it was another band.,0,Travis Barker's first band was a different band than Feeble.,2
A band other than Feeble was Travis Barker's first ensemble.,0,Travis Barker's first band was a different band than Feeble.,3
The band that Travis Barker was part of first was distinct from Feeble.,0,Travis Barker's first band was a different band than Feeble.,4
Vitamin B12 is not produced by plants.,1,Vitamin B12 is not produced by plants.,0
Plants do not produce Vitamin B12.,1,Vitamin B12 is not produced by plants.,1
Vitamin B12 is not synthesized by plants.,1,Vitamin B12 is not produced by plants.,2
It is the case that plants do not generate Vitamin B12.,1,Vitamin B12 is not produced by plants.,3
Vitamin B12 is absent in the production processes of plants.,1,Vitamin B12 is not produced by plants.,4
Gimli was featured in a fantasy legendarium.,1,Gimli was featured in a fantasy legendarium.,0
A fantasy legendarium included Gimli as a character.,1,Gimli was featured in a fantasy legendarium.,1
Gimli appeared in a legendarium of fantasy.,1,Gimli was featured in a fantasy legendarium.,2
"In a fantasy legendarium, Gimli was prominently featured.",1,Gimli was featured in a fantasy legendarium.,3
Featured in a fantasy legendarium was Gimli.,1,Gimli was featured in a fantasy legendarium.,4
American Gods is an American film.,0,American Gods is an American film.,0
"""An American film is American Gods.""",0,American Gods is an American film.,1
"""American Gods qualifies as a film from America.""",0,American Gods is an American film.,2
"""The film American Gods is from the United States.""",0,American Gods is an American film.,3
"""American Gods is classified as a film made in America.""",0,American Gods is an American film.,4
Paul Walker was born on September 12th.,1,Paul Walker was born on September 12th.,0
"On September 12th, Paul Walker was born.",1,Paul Walker was born on September 12th.,1
The birthdate of Paul Walker is September 12th.,1,Paul Walker was born on September 12th.,2
September 12th marks the birth of Paul Walker.,1,Paul Walker was born on September 12th.,3
Paul Walker's birth occurred on September 12th.,1,Paul Walker was born on September 12th.,4
Gennady Golovkin boxes.,1,Gennady Golovkin boxes.,0
Gennady Golovkin is a boxer.,1,Gennady Golovkin boxes.,1
Boxing is a sport that Gennady Golovkin participates in.,1,Gennady Golovkin boxes.,2
Gennady Golovkin engages in boxing.,1,Gennady Golovkin boxes.,3
Gennady Golovkin is involved in the sport of boxing.,1,Gennady Golovkin boxes.,4
Saving Private Ryan only depicts the Battle of Bunker Hill.,0,Saving Private Ryan only depicts the Battle of Bunker Hill.,0
The film Saving Private Ryan exclusively shows the Battle of Bunker Hill.,0,Saving Private Ryan only depicts the Battle of Bunker Hill.,1
Only the Battle of Bunker Hill is portrayed in Saving Private Ryan.,0,Saving Private Ryan only depicts the Battle of Bunker Hill.,2
Saving Private Ryan is limited to depicting the Battle of Bunker Hill.,0,Saving Private Ryan only depicts the Battle of Bunker Hill.,3
The only event illustrated in Saving Private Ryan is the Battle of Bunker Hill.,0,Saving Private Ryan only depicts the Battle of Bunker Hill.,4
No Escape was released in 2015.,1,No Escape was released in 2015.,0
"""In 2015, No Escape was released.""",1,No Escape was released in 2015.,1
"""The release of No Escape took place in 2015.""",1,No Escape was released in 2015.,2
"""No Escape debuted in the year 2015.""",1,No Escape was released in 2015.,3
"""Released in 2015, No Escape became available.""",1,No Escape was released in 2015.,4
Farrah Fawcett received an Emmy Award nomination for her role as a battered wife in the 1984 film The Burning Bed.,1,Farrah Fawcett received an Emmy Award nomination for her role as a battered wife in the 1984 film The Burning Bed.,0
"In 1984, Farrah Fawcett was nominated for an Emmy Award for her portrayal of a battered wife in the film The Burning Bed.",1,Farrah Fawcett received an Emmy Award nomination for her role as a battered wife in the 1984 film The Burning Bed.,1
"Farrah Fawcett earned an Emmy Award nomination for her performance as a battered wife in The Burning Bed, which was released in 1984.",1,Farrah Fawcett received an Emmy Award nomination for her role as a battered wife in the 1984 film The Burning Bed.,2
The role of a battered wife in the 1984 film The Burning Bed earned Farrah Fawcett an Emmy Award nomination.,1,Farrah Fawcett received an Emmy Award nomination for her role as a battered wife in the 1984 film The Burning Bed.,3
"For her depiction of a battered wife in The Burning Bed, a film from 1984, Farrah Fawcett received a nomination for an Emmy Award.",1,Farrah Fawcett received an Emmy Award nomination for her role as a battered wife in the 1984 film The Burning Bed.,4
Chris Hardwick wasn't involved in Singled Out.,0,Chris Hardwick wasn't involved in Singled Out.,0
Chris Hardwick did not participate in Singled Out.,0,Chris Hardwick wasn't involved in Singled Out.,1
Singled Out did not feature Chris Hardwick.,0,Chris Hardwick wasn't involved in Singled Out.,2
Chris Hardwick had no involvement in Singled Out.,0,Chris Hardwick wasn't involved in Singled Out.,3
Involvement in Singled Out was not part of Chris Hardwick's career.,0,Chris Hardwick wasn't involved in Singled Out.,4
Beijing is rarely a city.,0,Beijing is rarely a city.,0
A city is rarely Beijing.,0,Beijing is rarely a city.,1
Rarely is Beijing considered a city.,0,Beijing is rarely a city.,2
Beijing is not often regarded as a city.,0,Beijing is rarely a city.,3
It is uncommon for Beijing to be a city.,0,Beijing is rarely a city.,4
Three Men and a Baby stars at least one American actor.,1,Three Men and a Baby stars at least one American actor.,0
At least one American actor is featured in Three Men and a Baby.,1,Three Men and a Baby stars at least one American actor.,1
Three Men and a Baby includes a minimum of one American actor in its cast.,1,Three Men and a Baby stars at least one American actor.,2
There is at least one American actor in the film Three Men and a Baby.,1,Three Men and a Baby stars at least one American actor.,3
"In Three Men and a Baby, at least one of the actors is American.",1,Three Men and a Baby stars at least one American actor.,4
Seth Rogen was cast.,1,Seth Rogen was cast.,0
"""Seth Rogen has been selected for the role.""",1,Seth Rogen was cast.,1
"""The role was given to Seth Rogen.""",1,Seth Rogen was cast.,2
"""Seth Rogen is part of the cast.""",1,Seth Rogen was cast.,3
"""Seth Rogen was chosen for the casting.""",1,Seth Rogen was cast.,4
Sriti Jha performed the leading role in a soap opera.,1,Sriti Jha performed the leading role in a soap opera.,0
"In a soap opera, Sriti Jha played the leading role.",1,Sriti Jha performed the leading role in a soap opera.,1
The leading role in a soap opera was performed by Sriti Jha.,1,Sriti Jha performed the leading role in a soap opera.,2
Sriti Jha was the one who performed the leading role in a soap opera.,1,Sriti Jha performed the leading role in a soap opera.,3
A soap opera featured Sriti Jha in the leading role.,1,Sriti Jha performed the leading role in a soap opera.,4
Carol Leifer graduated college in 1955.,0,Carol Leifer graduated college in 1955.,0
"In 1955, Carol Leifer completed her college education.",0,Carol Leifer graduated college in 1955.,1
Carol Leifer received her college degree in the year 1955.,0,Carol Leifer graduated college in 1955.,2
The year 1955 marks the graduation of Carol Leifer from college.,0,Carol Leifer graduated college in 1955.,3
Carol Leifer finished her college studies in 1955.,0,Carol Leifer graduated college in 1955.,4
Glenn Frey did not record Top 40 hits.,0,Glenn Frey did not record Top 40 hits.,0
"""Top 40 hits were not recorded by Glenn Frey.""",0,Glenn Frey did not record Top 40 hits.,1
"""Glenn Frey never recorded any Top 40 hits.""",0,Glenn Frey did not record Top 40 hits.,2
"""There were no Top 40 hits recorded by Glenn Frey.""",0,Glenn Frey did not record Top 40 hits.,3
"""Glenn Frey did not have any recordings that made it to the Top 40.""",0,Glenn Frey did not record Top 40 hits.,4
Kobe Bryant was given the regular season's MVP Award in 2008.,1,Kobe Bryant was given the regular season's MVP Award in 2008.,0
"In 2008, the MVP Award for the regular season was awarded to Kobe Bryant.",1,Kobe Bryant was given the regular season's MVP Award in 2008.,1
Kobe Bryant received the MVP Award for the regular season in 2008.,1,Kobe Bryant was given the regular season's MVP Award in 2008.,2
The regular season's MVP Award was bestowed upon Kobe Bryant in 2008.,1,Kobe Bryant was given the regular season's MVP Award in 2008.,3
"In the year 2008, Kobe Bryant was the recipient of the regular season MVP Award.",1,Kobe Bryant was given the regular season's MVP Award in 2008.,4
Elise Neal appeared in an ABC/UPN sitcom.,1,Elise Neal appeared in an ABC/UPN sitcom.,0
An ABC/UPN sitcom featured Elise Neal.,1,Elise Neal appeared in an ABC/UPN sitcom.,1
Elise Neal was part of a sitcom that aired on ABC/UPN.,1,Elise Neal appeared in an ABC/UPN sitcom.,2
"In a sitcom on ABC/UPN, Elise Neal made an appearance.",1,Elise Neal appeared in an ABC/UPN sitcom.,3
Elise Neal had a role in a sitcom broadcasted by ABC/UPN.,1,Elise Neal appeared in an ABC/UPN sitcom.,4
Ministate is also called micronation.,0,Ministate is also called micronation.,0
Micronation is another term for ministate.,0,Ministate is also called micronation.,1
The term micronation refers to what is also known as a ministate.,0,Ministate is also called micronation.,2
A ministate is referred to as a micronation as well.,0,Ministate is also called micronation.,3
"Also known as a micronation, a ministate is referred to by that name.",0,Ministate is also called micronation.,4
The Divergent Series' first movie wasn't directed by Neil Burger.,0,The Divergent Series' first movie wasn't directed by Neil Burger.,0
Neil Burger did not direct the first movie of The Divergent Series.,0,The Divergent Series' first movie wasn't directed by Neil Burger.,1
The first film in The Divergent Series was not directed by Neil Burger.,0,The Divergent Series' first movie wasn't directed by Neil Burger.,2
It was not Neil Burger who directed the first movie of The Divergent Series.,0,The Divergent Series' first movie wasn't directed by Neil Burger.,3
The first movie of The Divergent Series was not under the direction of Neil Burger.,0,The Divergent Series' first movie wasn't directed by Neil Burger.,4
Copyrighted songs taken from other sources are typically included on a mixtape.,1,Copyrighted songs taken from other sources are typically included on a mixtape.,0
Mixtapes usually contain copyrighted songs that have been sourced from other materials.,1,Copyrighted songs taken from other sources are typically included on a mixtape.,1
"Typically, a mixtape features copyrighted songs that are derived from different sources.",1,Copyrighted songs taken from other sources are typically included on a mixtape.,2
"Often, copyrighted songs obtained from various sources are found on a mixtape.",1,Copyrighted songs taken from other sources are typically included on a mixtape.,3
A mixtape generally includes songs that are copyrighted and taken from other sources.,1,Copyrighted songs taken from other sources are typically included on a mixtape.,4
Christie Brinkley has been named one of the most attractive women ever by Playboy.,1,Christie Brinkley has been named one of the most attractive women ever by Playboy.,0
Playboy has recognized Christie Brinkley as one of the most attractive women of all time.,1,Christie Brinkley has been named one of the most attractive women ever by Playboy.,1
"One of the most attractive women ever, according to Playboy, is Christie Brinkley.",1,Christie Brinkley has been named one of the most attractive women ever by Playboy.,2
Christie Brinkley has been acknowledged by Playboy as one of the most beautiful women in history.,1,Christie Brinkley has been named one of the most attractive women ever by Playboy.,3
"According to Playboy, Christie Brinkley ranks among the most attractive women ever.",1,Christie Brinkley has been named one of the most attractive women ever by Playboy.,4
Sister Act is a TV show.,0,Sister Act is a TV show.,0
"""A TV show is Sister Act.""",0,Sister Act is a TV show.,1
"""Sister Act qualifies as a television show.""",0,Sister Act is a TV show.,2
"""The television series known as Sister Act exists.""",0,Sister Act is a TV show.,3
"""Sister Act is categorized as a TV show.""",0,Sister Act is a TV show.,4
Olivia Wilde is a director.,1,Olivia Wilde is a director.,0
"""A director is Olivia Wilde.""",1,Olivia Wilde is a director.,1
"""Olivia Wilde holds the position of a director.""",1,Olivia Wilde is a director.,2
"""As a director, Olivia Wilde is recognized.""",1,Olivia Wilde is a director.,3
"""Olivia Wilde works as a director.""",1,Olivia Wilde is a director.,4
Azerbaijan was the earliest democratic republic in the Muslim world.,1,Azerbaijan was the earliest democratic republic in the Muslim world.,0
The first democratic republic in the Muslim world was Azerbaijan.,1,Azerbaijan was the earliest democratic republic in the Muslim world.,1
Azerbaijan held the distinction of being the earliest democratic republic within the Muslim world.,1,Azerbaijan was the earliest democratic republic in the Muslim world.,2
"In the Muslim world, Azerbaijan was recognized as the first democratic republic.",1,Azerbaijan was the earliest democratic republic in the Muslim world.,3
The earliest democratic republic in the context of the Muslim world was Azerbaijan.,1,Azerbaijan was the earliest democratic republic in the Muslim world.,4
Blake Edwards started as an actor.,1,Blake Edwards started as an actor.,0
Blake Edwards began his career as an actor.,1,Blake Edwards started as an actor.,1
"As an actor, Blake Edwards launched his professional journey.",1,Blake Edwards started as an actor.,2
It was as an actor that Blake Edwards first got started.,1,Blake Edwards started as an actor.,3
Blake Edwards initiated his path in the industry as an actor.,1,Blake Edwards started as an actor.,4
Dragon is a word.,1,Dragon is a word.,0
"""The term 'Dragon' is a word.""",1,Dragon is a word.,1
"""'Dragon' refers to a word.""",1,Dragon is a word.,2
"""A word is represented by the term 'Dragon'.""",1,Dragon is a word.,3
"""'Dragon' is indeed a word.""",1,Dragon is a word.,4
Trumbo starred Bryan Cranston.,1,Trumbo starred Bryan Cranston.,0
Bryan Cranston was the star of Trumbo.,1,Trumbo starred Bryan Cranston.,1
"In Trumbo, the leading role was played by Bryan Cranston.",1,Trumbo starred Bryan Cranston.,2
The film Trumbo featured Bryan Cranston as its star.,1,Trumbo starred Bryan Cranston.,3
Bryan Cranston starred in the movie Trumbo.,1,Trumbo starred Bryan Cranston.,4
Melanie Griffith failed to win a Golden Globe.,0,Melanie Griffith failed to win a Golden Globe.,0
Melanie Griffith did not succeed in winning a Golden Globe.,0,Melanie Griffith failed to win a Golden Globe.,1
A Golden Globe was not won by Melanie Griffith.,0,Melanie Griffith failed to win a Golden Globe.,2
Melanie Griffith was unable to secure a Golden Globe.,0,Melanie Griffith failed to win a Golden Globe.,3
Failing to win a Golden Globe was Melanie Griffith's outcome.,0,Melanie Griffith failed to win a Golden Globe.,4
John Cusack was in the class High Fidelity.,0,John Cusack was in the class High Fidelity.,0
"""In the class High Fidelity, John Cusack was featured.""",0,John Cusack was in the class High Fidelity.,1
"""John Cusack appeared in the class High Fidelity.""",0,John Cusack was in the class High Fidelity.,2
"""The class High Fidelity included John Cusack.""",0,John Cusack was in the class High Fidelity.,3
"""John Cusack was part of the class High Fidelity.""",0,John Cusack was in the class High Fidelity.,4
Jamie Lannister becomes a lazy point of view character in A Storm of Swords.,0,Jamie Lannister becomes a lazy point of view character in A Storm of Swords.,0
"In A Storm of Swords, Jamie Lannister turns into a lazy point of view character.",0,Jamie Lannister becomes a lazy point of view character in A Storm of Swords.,1
A Storm of Swords features Jamie Lannister as a lazy point of view character.,0,Jamie Lannister becomes a lazy point of view character in A Storm of Swords.,2
Jamie Lannister is portrayed as a lazy point of view character in A Storm of Swords.,0,Jamie Lannister becomes a lazy point of view character in A Storm of Swords.,3
"In A Storm of Swords, a lazy point of view character is represented by Jamie Lannister.",0,Jamie Lannister becomes a lazy point of view character in A Storm of Swords.,4
The Jacksons refused to air on any English language broadcast tv network.,0,The Jacksons refused to air on any English language broadcast tv network.,0
The Jacksons declined to appear on any television network that broadcasts in English.,0,The Jacksons refused to air on any English language broadcast tv network.,1
Any English language broadcast television network was turned down by the Jacksons.,0,The Jacksons refused to air on any English language broadcast tv network.,2
The Jacksons did not agree to be featured on any TV network that aired in English.,0,The Jacksons refused to air on any English language broadcast tv network.,3
Any broadcast TV network in the English language was rejected by the Jacksons.,0,The Jacksons refused to air on any English language broadcast tv network.,4
Brunei is on the island of New Guinea.,0,Brunei is on the island of New Guinea.,0
The island of New Guinea is where Brunei is located.,0,Brunei is on the island of New Guinea.,1
"Located on New Guinea, Brunei can be found.",0,Brunei is on the island of New Guinea.,2
Brunei is situated on the island known as New Guinea.,0,Brunei is on the island of New Guinea.,3
"On the island of New Guinea, one can find Brunei.",0,Brunei is on the island of New Guinea.,4
Jacinda Barrett died in 1972.,0,Jacinda Barrett died in 1972.,0
"""In 1972, Jacinda Barrett passed away.""",0,Jacinda Barrett died in 1972.,1
"""Jacinda Barrett passed in the year 1972.""",0,Jacinda Barrett died in 1972.,2
"""The year 1972 saw the death of Jacinda Barrett.""",0,Jacinda Barrett died in 1972.,3
"""Jacinda Barrett was declared dead in 1972.""",0,Jacinda Barrett died in 1972.,4
Before Night Falls is a bleak horror film.,0,Before Night Falls is a bleak horror film.,0
"""A bleak horror film is represented by Before Night Falls.""",0,Before Night Falls is a bleak horror film.,1
"""Before Night Falls can be categorized as a bleak horror film.""",0,Before Night Falls is a bleak horror film.,2
"""The film Before Night Falls is classified as a bleak horror movie.""",0,Before Night Falls is a bleak horror film.,3
"""As a bleak horror film, Before Night Falls delivers its narrative.""",0,Before Night Falls is a bleak horror film.,4
Dhoom 3 was spearheaded by an Indian writer.,1,Dhoom 3 was spearheaded by an Indian writer.,0
An Indian writer was at the forefront of Dhoom 3.,1,Dhoom 3 was spearheaded by an Indian writer.,1
Dhoom 3 was led by a writer from India.,1,Dhoom 3 was spearheaded by an Indian writer.,2
The leadership of Dhoom 3 came from an Indian writer.,1,Dhoom 3 was spearheaded by an Indian writer.,3
An Indian writer took the lead in the creation of Dhoom 3.,1,Dhoom 3 was spearheaded by an Indian writer.,4
Doctor Who is not continued by a movie.,0,Doctor Who is not continued by a movie.,0
A movie does not continue Doctor Who.,0,Doctor Who is not continued by a movie.,1
Doctor Who is not carried on by a film.,0,Doctor Who is not continued by a movie.,2
There is no movie that continues Doctor Who.,0,Doctor Who is not continued by a movie.,3
A film does not extend the story of Doctor Who.,0,Doctor Who is not continued by a movie.,4
Led Zeppelin formed in space.,0,Led Zeppelin formed in space.,0
"""In space, Led Zeppelin was formed.""",0,Led Zeppelin formed in space.,1
"""Led Zeppelin was established in space.""",0,Led Zeppelin formed in space.,2
"""The formation of Led Zeppelin occurred in space.""",0,Led Zeppelin formed in space.,3
"""Space is where Led Zeppelin came into existence.""",0,Led Zeppelin formed in space.,4
Sons of Anarchy premiered on FX.,1,Sons of Anarchy premiered on FX.,0
"""The FX network was the platform that premiered Sons of Anarchy.""",1,Sons of Anarchy premiered on FX.,1
"""Sons of Anarchy made its debut on FX.""",1,Sons of Anarchy premiered on FX.,2
"""On FX, Sons of Anarchy had its premiere.""",1,Sons of Anarchy premiered on FX.,3
"""The premiere of Sons of Anarchy took place on FX.""",1,Sons of Anarchy premiered on FX.,4
Arrested Development first aired in 2003.,1,Arrested Development first aired in 2003.,0
The premiere of Arrested Development took place in 2003.,1,Arrested Development first aired in 2003.,1
"In 2003, Arrested Development made its debut on television.",1,Arrested Development first aired in 2003.,2
Arrested Development was first broadcast in the year 2003.,1,Arrested Development first aired in 2003.,3
The year 2003 marked the initial airing of Arrested Development.,1,Arrested Development first aired in 2003.,4
Heartlight reached number four on the Billboard Hot 100.,0,Heartlight reached number four on the Billboard Hot 100.,0
"""On the Billboard Hot 100, Heartlight attained the fourth position.""",0,Heartlight reached number four on the Billboard Hot 100.,1
"""Heartlight achieved the number four spot on the Billboard Hot 100.""",0,Heartlight reached number four on the Billboard Hot 100.,2
"""The Billboard Hot 100 ranked Heartlight at number four.""",0,Heartlight reached number four on the Billboard Hot 100.,3
"""Heartlight was placed fourth on the Billboard Hot 100 chart.""",0,Heartlight reached number four on the Billboard Hot 100.,4
Inhumans are the basis of a recorded work.,1,Inhumans are the basis of a recorded work.,0
A recorded work is based on Inhumans.,1,Inhumans are the basis of a recorded work.,1
The foundation of a recorded work consists of Inhumans.,1,Inhumans are the basis of a recorded work.,2
Inhumans serve as the basis for a recorded work.,1,Inhumans are the basis of a recorded work.,3
A recorded work is rooted in Inhumans.,1,Inhumans are the basis of a recorded work.,4
The Super Nintendo Entertainment System is only made by a Singaporean company.,0,The Super Nintendo Entertainment System is only made by a Singaporean company.,0
"""Only a Singaporean company manufactures the Super Nintendo Entertainment System.""",0,The Super Nintendo Entertainment System is only made by a Singaporean company.,1
"""The Super Nintendo Entertainment System is exclusively produced by a company from Singapore.""",0,The Super Nintendo Entertainment System is only made by a Singaporean company.,2
"""A Singaporean company is the sole maker of the Super Nintendo Entertainment System.""",0,The Super Nintendo Entertainment System is only made by a Singaporean company.,3
"""The Super Nintendo Entertainment System is manufactured solely by a company based in Singapore.""",0,The Super Nintendo Entertainment System is only made by a Singaporean company.,4
The World According to Paris had an all-male cast.,0,The World According to Paris had an all-male cast.,0
"""The cast of The World According to Paris was entirely male.""",0,The World According to Paris had an all-male cast.,1
"""An all-male cast was featured in The World According to Paris.""",0,The World According to Paris had an all-male cast.,2
"""In The World According to Paris, the cast consisted solely of men.""",0,The World According to Paris had an all-male cast.,3
"""The World According to Paris included only male actors in its cast.""",0,The World According to Paris had an all-male cast.,4
Imagine Dragons is from Denmark.,0,Imagine Dragons is from Denmark.,0
The band Imagine Dragons hails from Denmark.,0,Imagine Dragons is from Denmark.,1
Denmark is the origin of Imagine Dragons.,0,Imagine Dragons is from Denmark.,2
"Originating in Denmark, Imagine Dragons is a music group.",0,Imagine Dragons is from Denmark.,3
Imagine Dragons originates from Denmark.,0,Imagine Dragons is from Denmark.,4
July 21 was the premiere date of Rescue Me.,1,July 21 was the premiere date of Rescue Me.,0
The premiere of Rescue Me took place on July 21.,1,July 21 was the premiere date of Rescue Me.,1
Rescue Me had its premiere on July 21.,1,July 21 was the premiere date of Rescue Me.,2
"On July 21, Rescue Me premiered.",1,July 21 was the premiere date of Rescue Me.,3
July 21 marked the premiere date for Rescue Me.,1,July 21 was the premiere date of Rescue Me.,4
Overwatch is an online multiplayer first-person shooter.,1,Overwatch is an online multiplayer first-person shooter.,0
"""An online multiplayer first-person shooter is what Overwatch is.""",1,Overwatch is an online multiplayer first-person shooter.,1
"""Overwatch functions as a first-person shooter that is multiplayer and online.""",1,Overwatch is an online multiplayer first-person shooter.,2
"""As a game, Overwatch is categorized as an online multiplayer first-person shooter.""",1,Overwatch is an online multiplayer first-person shooter.,3
"""The genre of Overwatch is an online multiplayer first-person shooter.""",1,Overwatch is an online multiplayer first-person shooter.,4
Bridget Moynahan was cut from Lord of War.,0,Bridget Moynahan was cut from Lord of War.,0
"""Lord of War had Bridget Moynahan removed from its cast.""",0,Bridget Moynahan was cut from Lord of War.,1
"""Bridget Moynahan was excluded from the film Lord of War.""",0,Bridget Moynahan was cut from Lord of War.,2
"""In the movie Lord of War, Bridget Moynahan was eliminated.""",0,Bridget Moynahan was cut from Lord of War.,3
"""The role of Bridget Moynahan was taken out of Lord of War.""",0,Bridget Moynahan was cut from Lord of War.,4
Leslie Uggams has only appeared in British films.,0,Leslie Uggams has only appeared in British films.,0
"""Only British films feature Leslie Uggams in her appearances.""",0,Leslie Uggams has only appeared in British films.,1
"""Leslie Uggams has made appearances exclusively in films from Britain.""",0,Leslie Uggams has only appeared in British films.,2
"""The only films in which Leslie Uggams has appeared are British films.""",0,Leslie Uggams has only appeared in British films.,3
"""Leslie Uggams has appeared solely in films that are British.""",0,Leslie Uggams has only appeared in British films.,4
Journey is a band.,1,Journey is a band.,0
A band is Journey.,1,Journey is a band.,1
Journey constitutes a musical band.,1,Journey is a band.,2
The group known as Journey is a band.,1,Journey is a band.,3
Journey functions as a band.,1,Journey is a band.,4
"Florida is between the Gulf of Mexico, the Atlantic Ocean, and the Straits of Florida.",1,"Florida is between the Gulf of Mexico, the Atlantic Ocean, and the Straits of Florida.",0
"""Situated between the Gulf of Mexico, the Atlantic Ocean, and the Straits of Florida, Florida is located in that region.""",1,"Florida is between the Gulf of Mexico, the Atlantic Ocean, and the Straits of Florida.",1
"""Florida lies in the area surrounded by the Gulf of Mexico, the Atlantic Ocean, and the Straits of Florida.""",1,"Florida is between the Gulf of Mexico, the Atlantic Ocean, and the Straits of Florida.",2
"""The Gulf of Mexico, the Atlantic Ocean, and the Straits of Florida are all positioned around Florida.""",1,"Florida is between the Gulf of Mexico, the Atlantic Ocean, and the Straits of Florida.",3
"""Florida is bordered by the Gulf of Mexico, the Atlantic Ocean, and the Straits of Florida.""",1,"Florida is between the Gulf of Mexico, the Atlantic Ocean, and the Straits of Florida.",4
Dustin Hoffman has an acting career.,1,Dustin Hoffman has an acting career.,0
An acting career belongs to Dustin Hoffman.,1,Dustin Hoffman has an acting career.,1
Dustin Hoffman possesses a career in acting.,1,Dustin Hoffman has an acting career.,2
There is an acting career associated with Dustin Hoffman.,1,Dustin Hoffman has an acting career.,3
Dustin Hoffman holds a career in the field of acting.,1,Dustin Hoffman has an acting career.,4
Elvis was a program.,1,Elvis was a program.,0
Elvis was a software program.,1,Elvis was a program.,1
A program was Elvis.,1,Elvis was a program.,2
Elvis constituted a program.,1,Elvis was a program.,3
Elvis represented a program.,1,Elvis was a program.,4
Bon Scott was in Fraternity.,1,Bon Scott was in Fraternity.,0
Fraternity included Bon Scott as a member.,1,Bon Scott was in Fraternity.,1
Bon Scott was a part of the band Fraternity.,1,Bon Scott was in Fraternity.,2
"In Fraternity, there was Bon Scott.",1,Bon Scott was in Fraternity.,3
Bon Scott played in Fraternity.,1,Bon Scott was in Fraternity.,4
One game sequel is Super Metroid.,1,One game sequel is Super Metroid.,0
"""A sequel to a game is Super Metroid.""",1,One game sequel is Super Metroid.,1
"""Super Metroid is one of the sequels to a game.""",1,One game sequel is Super Metroid.,2
"""Among game sequels, there is Super Metroid.""",1,One game sequel is Super Metroid.,3
"""Super Metroid qualifies as a sequel to a game.""",1,One game sequel is Super Metroid.,4
The Walt Disney Company does not own A+E Networks.,0,The Walt Disney Company does not own A+E Networks.,0
A+E Networks is not owned by The Walt Disney Company.,0,The Walt Disney Company does not own A+E Networks.,1
The Walt Disney Company does not have ownership of A+E Networks.,0,The Walt Disney Company does not own A+E Networks.,2
Ownership of A+E Networks does not belong to The Walt Disney Company.,0,The Walt Disney Company does not own A+E Networks.,3
A+E Networks is not under the ownership of The Walt Disney Company.,0,The Walt Disney Company does not own A+E Networks.,4
Alcoholism is incapable of negatively affecting Florence Ballard.,0,Alcoholism is incapable of negatively affecting Florence Ballard.,0
Florence Ballard is unaffected negatively by alcoholism.,0,Alcoholism is incapable of negatively affecting Florence Ballard.,1
Alcoholism does not have the ability to harm Florence Ballard.,0,Alcoholism is incapable of negatively affecting Florence Ballard.,2
It is impossible for alcoholism to negatively impact Florence Ballard.,0,Alcoholism is incapable of negatively affecting Florence Ballard.,3
Florence Ballard cannot be negatively affected by alcoholism.,0,Alcoholism is incapable of negatively affecting Florence Ballard.,4
Enemy is strictly a romantic-comedy.,0,Enemy is strictly a romantic-comedy.,0
"""Enemy is exclusively a romantic-comedy.""",0,Enemy is strictly a romantic-comedy.,1
"""Enemy is solely categorized as a romantic-comedy.""",0,Enemy is strictly a romantic-comedy.,2
"""Enemy is purely a romantic-comedy.""",0,Enemy is strictly a romantic-comedy.,3
"""Enemy is nothing but a romantic-comedy.""",0,Enemy is strictly a romantic-comedy.,4
Barack Obama's planned presidential library will be in Detroit.,0,Barack Obama's planned presidential library will be in Detroit.,0
The presidential library that Barack Obama plans to establish will be located in Detroit.,0,Barack Obama's planned presidential library will be in Detroit.,1
Barack Obama intends for his presidential library to be situated in Detroit.,0,Barack Obama's planned presidential library will be in Detroit.,2
"In Detroit, Barack Obama's proposed presidential library is set to be built.",0,Barack Obama's planned presidential library will be in Detroit.,3
The location of Barack Obama's upcoming presidential library will be in Detroit.,0,Barack Obama's planned presidential library will be in Detroit.,4
Whiskey Tango Foxtrot is based on The Taliban Shuffle: Strange Days in Afghanistan and Pakistan.,1,Whiskey Tango Foxtrot is based on The Taliban Shuffle: Strange Days in Afghanistan and Pakistan.,0
"""The Taliban Shuffle: Strange Days in Afghanistan and Pakistan serves as the basis for Whiskey Tango Foxtrot.""",1,Whiskey Tango Foxtrot is based on The Taliban Shuffle: Strange Days in Afghanistan and Pakistan.,1
"""Whiskey Tango Foxtrot is derived from The Taliban Shuffle: Strange Days in Afghanistan and Pakistan.""",1,Whiskey Tango Foxtrot is based on The Taliban Shuffle: Strange Days in Afghanistan and Pakistan.,2
"""The foundation of Whiskey Tango Foxtrot is The Taliban Shuffle: Strange Days in Afghanistan and Pakistan.""",1,Whiskey Tango Foxtrot is based on The Taliban Shuffle: Strange Days in Afghanistan and Pakistan.,3
"""Whiskey Tango Foxtrot takes its inspiration from The Taliban Shuffle: Strange Days in Afghanistan and Pakistan.""",1,Whiskey Tango Foxtrot is based on The Taliban Shuffle: Strange Days in Afghanistan and Pakistan.,4
Nelson Mandela was a revolutionary who was against apartheid.,1,Nelson Mandela was a revolutionary who was against apartheid.,0
Nelson Mandela was an activist who opposed apartheid.,1,Nelson Mandela was a revolutionary who was against apartheid.,1
"A revolutionary, Nelson Mandela fought against apartheid.",1,Nelson Mandela was a revolutionary who was against apartheid.,2
Nelson Mandela opposed apartheid as a revolutionary.,1,Nelson Mandela was a revolutionary who was against apartheid.,3
"As a revolutionary, Nelson Mandela was against apartheid.",1,Nelson Mandela was a revolutionary who was against apartheid.,4
Chicago grew rapidly.,1,Chicago grew rapidly.,0
"""Rapid growth occurred in Chicago.""",1,Chicago grew rapidly.,1
"""Chicago experienced significant growth.""",1,Chicago grew rapidly.,2
"""The city of Chicago expanded quickly.""",1,Chicago grew rapidly.,3
"""Chicago saw a swift increase in size.""",1,Chicago grew rapidly.,4
Lightning Point was filmed in 2012.,0,Lightning Point was filmed in 2012.,0
The filming of Lightning Point took place in 2012.,0,Lightning Point was filmed in 2012.,1
"In 2012, Lightning Point was recorded.",0,Lightning Point was filmed in 2012.,2
Lightning Point was shot in the year 2012.,0,Lightning Point was filmed in 2012.,3
The year 2012 saw the filming of Lightning Point.,0,Lightning Point was filmed in 2012.,4
Tony Blair was voted in subsequent to John Smith's death from a heart attack.,1,Tony Blair was voted in subsequent to John Smith's death from a heart attack.,0
"""Following John Smith's death from a heart attack, Tony Blair was elected.""",1,Tony Blair was voted in subsequent to John Smith's death from a heart attack.,1
"""Tony Blair was elected after the passing of John Smith due to a heart attack.""",1,Tony Blair was voted in subsequent to John Smith's death from a heart attack.,2
"""After John Smith died from a heart attack, Tony Blair was the one who was voted in.""",1,Tony Blair was voted in subsequent to John Smith's death from a heart attack.,3
"""Tony Blair was voted into office subsequent to the heart attack that caused John Smith's death.""",1,Tony Blair was voted in subsequent to John Smith's death from a heart attack.,4
Tom Cruise turn down the role he was offered in Rain Man.,0,Tom Cruise turn down the role he was offered in Rain Man.,0
Tom Cruise declined the part he was offered in Rain Man.,0,Tom Cruise turn down the role he was offered in Rain Man.,1
The role offered to Tom Cruise in Rain Man was turned down by him.,0,Tom Cruise turn down the role he was offered in Rain Man.,2
Tom Cruise rejected the opportunity to act in Rain Man.,0,Tom Cruise turn down the role he was offered in Rain Man.,3
The part in Rain Man that was offered to Tom Cruise was not accepted by him.,0,Tom Cruise turn down the role he was offered in Rain Man.,4
A writer of Constantine's screenplay was a screen writer.,1,A writer of Constantine's screenplay was a screen writer.,0
The screenplay of Constantine was written by a screenwriter.,1,A writer of Constantine's screenplay was a screen writer.,1
A screenwriter authored the screenplay for Constantine.,1,A writer of Constantine's screenplay was a screen writer.,2
The writer responsible for Constantine's screenplay was a screenwriter.,1,A writer of Constantine's screenplay was a screen writer.,3
A screenwriter was the individual who wrote the screenplay for Constantine.,1,A writer of Constantine's screenplay was a screen writer.,4
Paris is featured in several Greek myths.,1,Paris is featured in several Greek myths.,0
Several Greek myths feature Paris.,1,Paris is featured in several Greek myths.,1
"In various Greek myths, Paris is mentioned.",1,Paris is featured in several Greek myths.,2
Paris appears in multiple Greek myths.,1,Paris is featured in several Greek myths.,3
Numerous Greek myths include Paris.,1,Paris is featured in several Greek myths.,4
Marlon Brando was in any movie but Julius Caesar.,0,Marlon Brando was in any movie but Julius Caesar.,0
Marlon Brando appeared in every movie except for Julius Caesar.,0,Marlon Brando was in any movie but Julius Caesar.,1
"Besides Julius Caesar, Marlon Brando was featured in all other films.",0,Marlon Brando was in any movie but Julius Caesar.,2
"Marlon Brando acted in every film, with the exception of Julius Caesar.",0,Marlon Brando was in any movie but Julius Caesar.,3
The only movie that Marlon Brando was not in is Julius Caesar.,0,Marlon Brando was in any movie but Julius Caesar.,4
Marie Antoinette died in 1793.,1,Marie Antoinette died in 1793.,0
"In 1793, Marie Antoinette passed away.",1,Marie Antoinette died in 1793.,1
The year 1793 marks the death of Marie Antoinette.,1,Marie Antoinette died in 1793.,2
Marie Antoinette's death occurred in 1793.,1,Marie Antoinette died in 1793.,3
"In the year 1793, Marie Antoinette was killed.",1,Marie Antoinette died in 1793.,4
Molly Bernard is an American farmer only.,0,Molly Bernard is an American farmer only.,0
Molly Bernard is solely an American farmer.,0,Molly Bernard is an American farmer only.,1
An American farmer is the only role of Molly Bernard.,0,Molly Bernard is an American farmer only.,2
Molly Bernard exclusively identifies as an American farmer.,0,Molly Bernard is an American farmer only.,3
Only an American farmer is what Molly Bernard is.,0,Molly Bernard is an American farmer only.,4
There are zero actors in Pitch Perfect 3.,0,There are zero actors in Pitch Perfect 3.,0
"""Pitch Perfect 3 features no actors at all.""",0,There are zero actors in Pitch Perfect 3.,1
"""In Pitch Perfect 3, there are no actors present.""",0,There are zero actors in Pitch Perfect 3.,2
"""There are absolutely no actors in Pitch Perfect 3.""",0,There are zero actors in Pitch Perfect 3.,3
"""Pitch Perfect 3 contains zero actors.""",0,There are zero actors in Pitch Perfect 3.,4
Kingdom Hearts III is developed by an American company.,0,Kingdom Hearts III is developed by an American company.,0
An American company developed Kingdom Hearts III.,0,Kingdom Hearts III is developed by an American company.,1
Kingdom Hearts III was created by a company based in America.,0,Kingdom Hearts III is developed by an American company.,2
The development of Kingdom Hearts III is attributed to an American company.,0,Kingdom Hearts III is developed by an American company.,3
An American firm is responsible for the development of Kingdom Hearts III.,0,Kingdom Hearts III is developed by an American company.,4
Wyatt Earp's first wife was not Urilla Sutherland Earp.,0,Wyatt Earp's first wife was not Urilla Sutherland Earp.,0
The first wife of Wyatt Earp was not Urilla Sutherland Earp.,0,Wyatt Earp's first wife was not Urilla Sutherland Earp.,1
Urilla Sutherland Earp was not the first wife of Wyatt Earp.,0,Wyatt Earp's first wife was not Urilla Sutherland Earp.,2
Wyatt Earp did not have Urilla Sutherland Earp as his first wife.,0,Wyatt Earp's first wife was not Urilla Sutherland Earp.,3
It is incorrect to say that Urilla Sutherland Earp was Wyatt Earp's first wife.,0,Wyatt Earp's first wife was not Urilla Sutherland Earp.,4
Game of Thrones (season 3) had 0 episodes.,0,Game of Thrones (season 3) had 0 episodes.,0
Season 3 of Game of Thrones featured 0 episodes.,0,Game of Thrones (season 3) had 0 episodes.,1
There were 0 episodes in Game of Thrones (season 3).,0,Game of Thrones (season 3) had 0 episodes.,2
Game of Thrones (season 3) contained 0 episodes.,0,Game of Thrones (season 3) had 0 episodes.,3
The third season of Game of Thrones had a total of 0 episodes.,0,Game of Thrones (season 3) had 0 episodes.,4
Time Lords traditionally believe in neutrality.,1,Time Lords traditionally believe in neutrality.,0
"Traditionally, Time Lords hold a belief in neutrality.",1,Time Lords traditionally believe in neutrality.,1
The belief in neutrality is a traditional view among Time Lords.,1,Time Lords traditionally believe in neutrality.,2
Neutrality is a principle that Time Lords traditionally uphold.,1,Time Lords traditionally believe in neutrality.,3
Time Lords have a traditional belief in remaining neutral.,1,Time Lords traditionally believe in neutrality.,4
Islam's followers are not known as Muslims.,0,Islam's followers are not known as Muslims.,0
The individuals who follow Islam are not referred to as Muslims.,0,Islam's followers are not known as Muslims.,1
Followers of Islam are not called Muslims.,0,Islam's followers are not known as Muslims.,2
Muslims is not the term used for those who practice Islam.,0,Islam's followers are not known as Muslims.,3
The adherents of Islam do not go by the name Muslims.,0,Islam's followers are not known as Muslims.,4
Where the Wild Things Are was put out in 2009.,1,Where the Wild Things Are was put out in 2009.,0
"""The release year of Where the Wild Things Are was 2009.""",1,Where the Wild Things Are was put out in 2009.,1
"""In 2009, Where the Wild Things Are was released.""",1,Where the Wild Things Are was put out in 2009.,2
"""Where the Wild Things Are came out in 2009.""",1,Where the Wild Things Are was put out in 2009.,3
"""Released in 2009, Where the Wild Things Are.""",1,Where the Wild Things Are was put out in 2009.,4
Daft Punk has had success from 1991 to the present.,0,Daft Punk has had success from 1991 to the present.,0
"Since 1991 and continuing to the present, Daft Punk has experienced success.",0,Daft Punk has had success from 1991 to the present.,1
Daft Punk has been successful from 1991 up until now.,0,Daft Punk has had success from 1991 to the present.,2
"From 1991 to the present day, Daft Punk has achieved success.",0,Daft Punk has had success from 1991 to the present.,3
Daft Punk has enjoyed success starting in 1991 and lasting until the present.,0,Daft Punk has had success from 1991 to the present.,4
Danny DeVito received an Academy Award nomination.,1,Danny DeVito received an Academy Award nomination.,0
An Academy Award nomination was received by Danny DeVito.,1,Danny DeVito received an Academy Award nomination.,1
Danny DeVito was nominated for an Academy Award.,1,Danny DeVito received an Academy Award nomination.,2
An Academy Award nomination has been awarded to Danny DeVito.,1,Danny DeVito received an Academy Award nomination.,3
Danny DeVito obtained a nomination for an Academy Award.,1,Danny DeVito received an Academy Award nomination.,4
Look at My Dab is a law.,0,Look at My Dab is a law.,0
"""My Dab is considered a law.""",0,Look at My Dab is a law.,1
"""A law is what Look at My Dab is.""",0,Look at My Dab is a law.,2
"""Look at My Dab qualifies as a law.""",0,Look at My Dab is a law.,3
"""The law is Look at My Dab.""",0,Look at My Dab is a law.,4
All the Pretty Horses is a 2017 film.,0,All the Pretty Horses is a 2017 film.,0
"The film ""All the Pretty Horses"" was released in 2017.",0,All the Pretty Horses is a 2017 film.,1
"In 2017, ""All the Pretty Horses"" was produced as a film.",0,All the Pretty Horses is a 2017 film.,2
"""All the Pretty Horses"" is a film from the year 2017.",0,All the Pretty Horses is a 2017 film.,3
"Released in 2017, ""All the Pretty Horses"" is a film.",0,All the Pretty Horses is a 2017 film.,4
Rumi's influence transcends ethnic divisions.,1,Rumi's influence transcends ethnic divisions.,0
The impact of Rumi goes beyond ethnic boundaries.,1,Rumi's influence transcends ethnic divisions.,1
Rumi's impact crosses over ethnic lines.,1,Rumi's influence transcends ethnic divisions.,2
Ethnic divisions do not limit Rumi's influence.,1,Rumi's influence transcends ethnic divisions.,3
Rumi's influence surpasses divisions based on ethnicity.,1,Rumi's influence transcends ethnic divisions.,4
X-Men: Days of Future Past is a novel based on X-Men characters in comics.,0,X-Men: Days of Future Past is a novel based on X-Men characters in comics.,0
"""Based on characters from the comics, X-Men: Days of Future Past is a novel featuring X-Men.""",0,X-Men: Days of Future Past is a novel based on X-Men characters in comics.,1
"""The novel X-Men: Days of Future Past is inspired by X-Men characters found in comics.""",0,X-Men: Days of Future Past is a novel based on X-Men characters in comics.,2
"""X-Men: Days of Future Past is a novel that draws from X-Men characters in the comics.""",0,X-Men: Days of Future Past is a novel based on X-Men characters in comics.,3
"""A novel centered around X-Men characters in comics is X-Men: Days of Future Past.""",0,X-Men: Days of Future Past is a novel based on X-Men characters in comics.,4
"In 1937, William Hanna worked.",1,"In 1937, William Hanna worked.",0
William Hanna was employed in 1937.,1,"In 1937, William Hanna worked.",1
"In the year 1937, William Hanna was engaged in work.",1,"In 1937, William Hanna worked.",2
The year 1937 saw William Hanna in the workforce.,1,"In 1937, William Hanna worked.",3
William Hanna had a job in 1937.,1,"In 1937, William Hanna worked.",4
Thiokol was concerned with anything except rubber.,0,Thiokol was concerned with anything except rubber.,0
Thiokol was worried about everything other than rubber.,0,Thiokol was concerned with anything except rubber.,1
Anything besides rubber was a concern for Thiokol.,0,Thiokol was concerned with anything except rubber.,2
Thiokol focused on matters unrelated to rubber.,0,Thiokol was concerned with anything except rubber.,3
Thiokol had concerns regarding all topics except for rubber.,0,Thiokol was concerned with anything except rubber.,4
"Jules Dumont d'Urville died on May 8, 1842.",1,"Jules Dumont d'Urville died on May 8, 1842.",0
"On May 8, 1842, Jules Dumont d'Urville passed away.",1,"Jules Dumont d'Urville died on May 8, 1842.",1
"Jules Dumont d'Urville's death occurred on May 8, 1842.",1,"Jules Dumont d'Urville died on May 8, 1842.",2
"The date of Jules Dumont d'Urville's demise was May 8, 1842.",1,"Jules Dumont d'Urville died on May 8, 1842.",3
"May 8, 1842, marks the day Jules Dumont d'Urville died.",1,"Jules Dumont d'Urville died on May 8, 1842.",4
Take a Bow is an LP by Madonna.,0,Take a Bow is an LP by Madonna.,0
"""Madonna's LP is titled Take a Bow.""",0,Take a Bow is an LP by Madonna.,1
"""The album Take a Bow is by Madonna.""",0,Take a Bow is an LP by Madonna.,2
"""Take a Bow is an album released by Madonna.""",0,Take a Bow is an LP by Madonna.,3
"""Madonna produced the LP known as Take a Bow.""",0,Take a Bow is an LP by Madonna.,4
Pulp Fiction is written by Edgar Allan Poe.,0,Pulp Fiction is written by Edgar Allan Poe.,0
"""Edgar Allan Poe is the author of Pulp Fiction.""",0,Pulp Fiction is written by Edgar Allan Poe.,1
"""The writer of Pulp Fiction is Edgar Allan Poe.""",0,Pulp Fiction is written by Edgar Allan Poe.,2
"""Pulp Fiction was penned by Edgar Allan Poe.""",0,Pulp Fiction is written by Edgar Allan Poe.,3
"""It is Edgar Allan Poe who wrote Pulp Fiction.""",0,Pulp Fiction is written by Edgar Allan Poe.,4
"Michael Fassbender died April 2, 1977.",0,"Michael Fassbender died April 2, 1977.",0
"On April 2, 1977, Michael Fassbender passed away.",0,"Michael Fassbender died April 2, 1977.",1
"Michael Fassbender passed on April 2, 1977.",0,"Michael Fassbender died April 2, 1977.",2
"The date April 2, 1977, marks the death of Michael Fassbender.",0,"Michael Fassbender died April 2, 1977.",3
"Michael Fassbender's death occurred on April 2, 1977.",0,"Michael Fassbender died April 2, 1977.",4
Thor: The Dark World was made available for general viewing in the US in November 2013.,1,Thor: The Dark World was made available for general viewing in the US in November 2013.,0
"""In November 2013, Thor: The Dark World became available for public viewing in the US.""",1,Thor: The Dark World was made available for general viewing in the US in November 2013.,1
"""The US saw the release of Thor: The Dark World for general viewing in November 2013.""",1,Thor: The Dark World was made available for general viewing in the US in November 2013.,2
"""Thor: The Dark World was released for general audiences in the US in November 2013.""",1,Thor: The Dark World was made available for general viewing in the US in November 2013.,3
"""In November 2013, the US audience was able to watch Thor: The Dark World.""",1,Thor: The Dark World was made available for general viewing in the US in November 2013.,4
The United States is partially in the Northern Hemisphere.,1,The United States is partially in the Northern Hemisphere.,0
"""Part of the United States is located in the Northern Hemisphere.""",1,The United States is partially in the Northern Hemisphere.,1
"""The Northern Hemisphere includes a portion of the United States.""",1,The United States is partially in the Northern Hemisphere.,2
"""A section of the United States falls within the Northern Hemisphere.""",1,The United States is partially in the Northern Hemisphere.,3
"""The United States is situated partly in the Northern Hemisphere.""",1,The United States is partially in the Northern Hemisphere.,4
"The OA did not premiere on December 16, 2016.",0,"The OA did not premiere on December 16, 2016.",0
"The premiere of the OA did not occur on December 16, 2016.",0,"The OA did not premiere on December 16, 2016.",1
"December 16, 2016, was not the date when the OA premiered.",0,"The OA did not premiere on December 16, 2016.",2
"The OA was not launched on December 16, 2016.",0,"The OA did not premiere on December 16, 2016.",3
"On December 16, 2016, the OA did not make its debut.",0,"The OA did not premiere on December 16, 2016.",4
Deadpool does not star Morena Baccarin.,0,Deadpool does not star Morena Baccarin.,0
Morena Baccarin is not featured in the cast of Deadpool.,0,Deadpool does not star Morena Baccarin.,1
"In Deadpool, Morena Baccarin does not have a starring role.",0,Deadpool does not star Morena Baccarin.,2
The character played by Morena Baccarin does not appear in Deadpool.,0,Deadpool does not star Morena Baccarin.,3
Deadpool does not include Morena Baccarin in its lineup of stars.,0,Deadpool does not star Morena Baccarin.,4
True Blood ignores Sookie Stackhouse.,0,True Blood ignores Sookie Stackhouse.,0
Sookie Stackhouse is overlooked by True Blood.,0,True Blood ignores Sookie Stackhouse.,1
True Blood does not pay attention to Sookie Stackhouse.,0,True Blood ignores Sookie Stackhouse.,2
Sookie Stackhouse is disregarded by True Blood.,0,True Blood ignores Sookie Stackhouse.,3
True Blood fails to acknowledge Sookie Stackhouse.,0,True Blood ignores Sookie Stackhouse.,4
Narendra Modi is serving as the 14th Prime Minister of India.,1,Narendra Modi is serving as the 14th Prime Minister of India.,0
Narendra Modi holds the position of the 14th Prime Minister of India.,1,Narendra Modi is serving as the 14th Prime Minister of India.,1
Serving as the 14th Prime Minister of India is Narendra Modi.,1,Narendra Modi is serving as the 14th Prime Minister of India.,2
The 14th Prime Minister of India is Narendra Modi.,1,Narendra Modi is serving as the 14th Prime Minister of India.,3
Narendra Modi currently serves as India's 14th Prime Minister.,1,Narendra Modi is serving as the 14th Prime Minister of India.,4
Green Arrow is a comic book character who became the subject of a 1970s television show.,1,Green Arrow is a comic book character who became the subject of a 1970s television show.,0
"""In the 1970s, a television show was based on the comic book character Green Arrow.""",1,Green Arrow is a comic book character who became the subject of a 1970s television show.,1
"""Green Arrow, a character from comic books, was featured in a television series during the 1970s.""",1,Green Arrow is a comic book character who became the subject of a 1970s television show.,2
"""The comic book character Green Arrow was the focus of a television show in the 1970s.""",1,Green Arrow is a comic book character who became the subject of a 1970s television show.,3
"""During the 1970s, a television program centered around the comic book character Green Arrow.""",1,Green Arrow is a comic book character who became the subject of a 1970s television show.,4
Paul Newman was an actor.,1,Paul Newman was an actor.,0
An actor was Paul Newman.,1,Paul Newman was an actor.,1
Paul Newman was known as an actor.,1,Paul Newman was an actor.,2
"As an actor, Paul Newman was recognized.",1,Paul Newman was an actor.,3
Paul Newman is identified as an actor.,1,Paul Newman was an actor.,4
Sofia Coppola wrote a remake of a 1971 film.,1,Sofia Coppola wrote a remake of a 1971 film.,0
A remake of a film from 1971 was written by Sofia Coppola.,1,Sofia Coppola wrote a remake of a 1971 film.,1
Sofia Coppola is the writer of a remake of a film originally made in 1971.,1,Sofia Coppola wrote a remake of a 1971 film.,2
"A film that was originally released in 1971 has been remade by Sofia Coppola, who wrote it.",1,Sofia Coppola wrote a remake of a 1971 film.,3
The remake of a 1971 film was authored by Sofia Coppola.,1,Sofia Coppola wrote a remake of a 1971 film.,4
Mike Love created a solo album.,1,Mike Love created a solo album.,0
A solo album was created by Mike Love.,1,Mike Love created a solo album.,1
Mike Love is the creator of a solo album.,1,Mike Love created a solo album.,2
A solo album was made by Mike Love.,1,Mike Love created a solo album.,3
Mike Love produced a solo album.,1,Mike Love created a solo album.,4
Broadchurch is a television presenter.,0,Broadchurch is a television presenter.,0
"""A television presenter is Broadchurch.""",0,Broadchurch is a television presenter.,1
"""Broadchurch functions as a television presenter.""",0,Broadchurch is a television presenter.,2
"""The role of Broadchurch is that of a television presenter.""",0,Broadchurch is a television presenter.,3
"""Broadchurch serves as a television presenter.""",0,Broadchurch is a television presenter.,4
Haiti shares an island in the Caribbean with the Dominican Republic.,1,Haiti shares an island in the Caribbean with the Dominican Republic.,0
The island in the Caribbean is shared by Haiti and the Dominican Republic.,1,Haiti shares an island in the Caribbean with the Dominican Republic.,1
Haiti and the Dominican Republic are co-inhabitants of an island in the Caribbean.,1,Haiti shares an island in the Caribbean with the Dominican Republic.,2
An island in the Caribbean is jointly occupied by Haiti and the Dominican Republic.,1,Haiti shares an island in the Caribbean with the Dominican Republic.,3
"In the Caribbean, Haiti shares an island with the Dominican Republic.",1,Haiti shares an island in the Caribbean with the Dominican Republic.,4
Jet Li was in The Forbidden Kingdom with Jackie Chan.,1,Jet Li was in The Forbidden Kingdom with Jackie Chan.,0
"""In The Forbidden Kingdom, Jet Li appeared alongside Jackie Chan.""",1,Jet Li was in The Forbidden Kingdom with Jackie Chan.,1
"""Jet Li starred in The Forbidden Kingdom with Jackie Chan.""",1,Jet Li was in The Forbidden Kingdom with Jackie Chan.,2
"""The Forbidden Kingdom featured Jet Li and Jackie Chan together.""",1,Jet Li was in The Forbidden Kingdom with Jackie Chan.,3
"""Alongside Jackie Chan, Jet Li was part of The Forbidden Kingdom.""",1,Jet Li was in The Forbidden Kingdom with Jackie Chan.,4
"The Belko Experiment premiered on September 12, 2011.",0,"The Belko Experiment premiered on September 12, 2011.",0
"""On September 12, 2011, The Belko Experiment had its premiere.""",0,"The Belko Experiment premiered on September 12, 2011.",1
"""The premiere of The Belko Experiment took place on September 12, 2011.""",0,"The Belko Experiment premiered on September 12, 2011.",2
"""September 12, 2011, marked the premiere date of The Belko Experiment.""",0,"The Belko Experiment premiered on September 12, 2011.",3
"""The Belko Experiment was first shown to audiences on September 12, 2011.""",0,"The Belko Experiment premiered on September 12, 2011.",4
Emmy Rossum had a prominent role in a movie of which Maggie Greenwald was the director.,1,Emmy Rossum had a prominent role in a movie of which Maggie Greenwald was the director.,0
"In a film directed by Maggie Greenwald, Emmy Rossum played a significant role.",1,Emmy Rossum had a prominent role in a movie of which Maggie Greenwald was the director.,1
Emmy Rossum took on a key part in a movie that was directed by Maggie Greenwald.,1,Emmy Rossum had a prominent role in a movie of which Maggie Greenwald was the director.,2
A movie directed by Maggie Greenwald featured Emmy Rossum in a major role.,1,Emmy Rossum had a prominent role in a movie of which Maggie Greenwald was the director.,3
Maggie Greenwald was the director of a film in which Emmy Rossum had a notable role.,1,Emmy Rossum had a prominent role in a movie of which Maggie Greenwald was the director.,4
Jean Grey was featured in all three X-Men animated series.,1,Jean Grey was featured in all three X-Men animated series.,0
"""All three X-Men animated series featured Jean Grey.""",1,Jean Grey was featured in all three X-Men animated series.,1
"""Jean Grey appeared in every one of the three X-Men animated series.""",1,Jean Grey was featured in all three X-Men animated series.,2
"""In each of the three X-Men animated series, Jean Grey was included.""",1,Jean Grey was featured in all three X-Men animated series.,3
"""Jean Grey was present in all three of the X-Men animated series.""",1,Jean Grey was featured in all three X-Men animated series.,4
Kiefer Sutherland is a producer.,1,Kiefer Sutherland is a producer.,0
Kiefer Sutherland works as a producer.,1,Kiefer Sutherland is a producer.,1
A producer is Kiefer Sutherland.,1,Kiefer Sutherland is a producer.,2
Kiefer Sutherland holds the position of a producer.,1,Kiefer Sutherland is a producer.,3
The role of producer is filled by Kiefer Sutherland.,1,Kiefer Sutherland is a producer.,4
Laadla was released on April 17 1994.,1,Laadla was released on April 17 1994.,0
"""On April 17, 1994, Laadla was released.""",1,Laadla was released on April 17 1994.,1
"""Laadla's release took place on April 17, 1994.""",1,Laadla was released on April 17 1994.,2
"""The release date of Laadla was April 17, 1994.""",1,Laadla was released on April 17 1994.,3
"""April 17, 1994, marked the release of Laadla.""",1,Laadla was released on April 17 1994.,4
The Strain is series from Thailand only.,0,The Strain is series from Thailand only.,0
"""The Strain is a series that originates solely from Thailand.""",0,The Strain is series from Thailand only.,1
"""Only Thailand is the source of the series The Strain.""",0,The Strain is series from Thailand only.,2
"""The series The Strain comes exclusively from Thailand.""",0,The Strain is series from Thailand only.,3
"""The Strain is a series that is exclusively from Thailand.""",0,The Strain is series from Thailand only.,4
Planet of the Apes did not earn a lifetime domestic gross of $32.6 million.,0,Planet of the Apes did not earn a lifetime domestic gross of $32.6 million.,0
"""The lifetime domestic gross of Planet of the Apes was not $32.6 million.""",0,Planet of the Apes did not earn a lifetime domestic gross of $32.6 million.,1
"""Planet of the Apes failed to achieve a lifetime domestic gross of $32.6 million.""",0,Planet of the Apes did not earn a lifetime domestic gross of $32.6 million.,2
"""A lifetime domestic gross of $32.6 million was not earned by Planet of the Apes.""",0,Planet of the Apes did not earn a lifetime domestic gross of $32.6 million.,3
"""It is not true that Planet of the Apes earned a lifetime domestic gross of $32.6 million.""",0,Planet of the Apes did not earn a lifetime domestic gross of $32.6 million.,4
The World Senior Chess Championship is a chess competition.,1,The World Senior Chess Championship is a chess competition.,0
The chess competition known as the World Senior Chess Championship is held for players of senior age.,1,The World Senior Chess Championship is a chess competition.,1
A chess competition is represented by the World Senior Chess Championship.,1,The World Senior Chess Championship is a chess competition.,2
The World Senior Chess Championship serves as a competition in the game of chess.,1,The World Senior Chess Championship is a chess competition.,3
There exists a chess competition called the World Senior Chess Championship.,1,The World Senior Chess Championship is a chess competition.,4
The Sopranos does not have any episodes.,0,The Sopranos does not have any episodes.,0
There are no episodes of The Sopranos.,0,The Sopranos does not have any episodes.,1
The Sopranos lacks any episodes.,0,The Sopranos does not have any episodes.,2
No episodes exist for The Sopranos.,0,The Sopranos does not have any episodes.,3
The Sopranos does not feature a single episode.,0,The Sopranos does not have any episodes.,4
The Entire History of You was written by Harry S. Truman.,0,The Entire History of You was written by Harry S. Truman.,0
"""Harry S. Truman is the author of The Entire History of You.""",0,The Entire History of You was written by Harry S. Truman.,1
"""The Entire History of You was authored by Harry S. Truman.""",0,The Entire History of You was written by Harry S. Truman.,2
"""Written by Harry S. Truman, The Entire History of You is a work by that author.""",0,The Entire History of You was written by Harry S. Truman.,3
"""The author of The Entire History of You is Harry S. Truman.""",0,The Entire History of You was written by Harry S. Truman.,4
Venus Williams has a sister that plays professional tennis.,1,Venus Williams has a sister that plays professional tennis.,0
"""Venus Williams has a sibling who competes in professional tennis.""",1,Venus Williams has a sister that plays professional tennis.,1
"""A sister of Venus Williams plays tennis at a professional level.""",1,Venus Williams has a sister that plays professional tennis.,2
"""There is a sister of Venus Williams who is a professional tennis player.""",1,Venus Williams has a sister that plays professional tennis.,3
"""Venus Williams has a sister who participates in professional tennis.""",1,Venus Williams has a sister that plays professional tennis.,4
The Silence of the Lambs was a film starring Scott Glenn.,1,The Silence of the Lambs was a film starring Scott Glenn.,0
Scott Glenn starred in the film The Silence of the Lambs.,1,The Silence of the Lambs was a film starring Scott Glenn.,1
The film The Silence of the Lambs featured Scott Glenn as a star.,1,The Silence of the Lambs was a film starring Scott Glenn.,2
"In The Silence of the Lambs, Scott Glenn had a starring role.",1,The Silence of the Lambs was a film starring Scott Glenn.,3
A film titled The Silence of the Lambs included Scott Glenn in its cast.,1,The Silence of the Lambs was a film starring Scott Glenn.,4
The Challenge had originally been called Road Rules: All Stars.,1,The Challenge had originally been called Road Rules: All Stars.,0
"Originally, the Challenge was named Road Rules: All Stars.",1,The Challenge had originally been called Road Rules: All Stars.,1
The original name of the Challenge was Road Rules: All Stars.,1,The Challenge had originally been called Road Rules: All Stars.,2
"Initially, the Challenge went by the title Road Rules: All Stars.",1,The Challenge had originally been called Road Rules: All Stars.,3
The Challenge was first referred to as Road Rules: All Stars.,1,The Challenge had originally been called Road Rules: All Stars.,4
Cannibalism was sparse in the past among humans.,0,Cannibalism was sparse in the past among humans.,0
"In the past, instances of cannibalism were rare among humans.",0,Cannibalism was sparse in the past among humans.,1
"Among humans, cannibalism was infrequent in historical times.",0,Cannibalism was sparse in the past among humans.,2
"Historically, cannibalism occurred infrequently among humans.",0,Cannibalism was sparse in the past among humans.,3
"In earlier times, humans practiced cannibalism only on rare occasions.",0,Cannibalism was sparse in the past among humans.,4
Malaysia's independence is unrecognized.,0,Malaysia's independence is unrecognized.,0
"""The independence of Malaysia is not acknowledged.""",0,Malaysia's independence is unrecognized.,1
"""Malaysia's claim to independence is not recognized.""",0,Malaysia's independence is unrecognized.,2
"""There is a lack of recognition for Malaysia's independence.""",0,Malaysia's independence is unrecognized.,3
"""Malaysia's independence remains unacknowledged.""",0,Malaysia's independence is unrecognized.,4
Only one parent of Chris Froome is British.,0,Only one parent of Chris Froome is British.,0
"""Chris Froome has only one parent who is British.""",0,Only one parent of Chris Froome is British.,1
"""There is just one British parent of Chris Froome.""",0,Only one parent of Chris Froome is British.,2
"""Of Chris Froome's parents, only one is British.""",0,Only one parent of Chris Froome is British.,3
"""Only a single parent of Chris Froome holds British nationality.""",0,Only one parent of Chris Froome is British.,4
Harald V of Norway married a commoner named Sonja Haraldsen.,1,Harald V of Norway married a commoner named Sonja Haraldsen.,0
"""A commoner named Sonja Haraldsen married Harald V of Norway.""",1,Harald V of Norway married a commoner named Sonja Haraldsen.,1
"""Harald V of Norway wedded Sonja Haraldsen, who was a commoner.""",1,Harald V of Norway married a commoner named Sonja Haraldsen.,2
"""Sonja Haraldsen, a commoner, became the wife of Harald V of Norway.""",1,Harald V of Norway married a commoner named Sonja Haraldsen.,3
"""The marriage of Harald V of Norway to a commoner, Sonja Haraldsen, took place.""",1,Harald V of Norway married a commoner named Sonja Haraldsen.,4
Ted Kaczynski attempt to remove his lawyers that the court assigned him.,1,Ted Kaczynski attempt to remove his lawyers that the court assigned him.,0
Ted Kaczynski tried to dismiss the lawyers that were appointed to him by the court.,1,Ted Kaczynski attempt to remove his lawyers that the court assigned him.,1
Ted Kaczynski made an attempt to eliminate his court-appointed lawyers.,1,Ted Kaczynski attempt to remove his lawyers that the court assigned him.,2
Ted Kaczynski sought to remove the lawyers assigned to him by the court.,1,Ted Kaczynski attempt to remove his lawyers that the court assigned him.,3
Ted Kaczynski attempted to get rid of his lawyers that the court had assigned.,1,Ted Kaczynski attempt to remove his lawyers that the court assigned him.,4
Dangerous Beauty is a 1990 film.,0,Dangerous Beauty is a 1990 film.,0
The film Dangerous Beauty was released in 1990.,0,Dangerous Beauty is a 1990 film.,1
"Released in 1990, Dangerous Beauty is a film.",0,Dangerous Beauty is a 1990 film.,2
Dangerous Beauty is a film that came out in 1990.,0,Dangerous Beauty is a 1990 film.,3
"In 1990, the film titled Dangerous Beauty was made.",0,Dangerous Beauty is a 1990 film.,4
Charles I did not marry a Bourbon princess.,0,Charles I did not marry a Bourbon princess.,0
"""A Bourbon princess was not married by Charles I.""",0,Charles I did not marry a Bourbon princess.,1
"""Charles I did not enter into marriage with a Bourbon princess.""",0,Charles I did not marry a Bourbon princess.,2
"""It was not a Bourbon princess that Charles I married.""",0,Charles I did not marry a Bourbon princess.,3
"""Charles I's marriage did not involve a Bourbon princess.""",0,Charles I did not marry a Bourbon princess.,4
Guam was employed by America.,0,Guam was employed by America.,0
"""America employed Guam.""",0,Guam was employed by America.,1
"""Guam was utilized by America.""",0,Guam was employed by America.,2
"""America made use of Guam.""",0,Guam was employed by America.,3
"""Guam was hired by America.""",0,Guam was employed by America.,4
Anne Hathaway is a singer.,1,Anne Hathaway is a singer.,0
"""A singer is Anne Hathaway.""",1,Anne Hathaway is a singer.,1
"""Anne Hathaway is known as a singer.""",1,Anne Hathaway is a singer.,2
"""As a singer, Anne Hathaway is recognized.""",1,Anne Hathaway is a singer.,3
"""Anne Hathaway holds the title of a singer.""",1,Anne Hathaway is a singer.,4
Honey to the B was the first album of a singer and actress from England.,1,Honey to the B was the first album of a singer and actress from England.,0
The debut album of a singer and actress from England was Honey to the B.,1,Honey to the B was the first album of a singer and actress from England.,1
Honey to the B marked the first album release by a singer and actress from England.,1,Honey to the B was the first album of a singer and actress from England.,2
A singer and actress from England had her initial album titled Honey to the B.,1,Honey to the B was the first album of a singer and actress from England.,3
The first album released by a singer and actress from England is Honey to the B.,1,Honey to the B was the first album of a singer and actress from England.,4
Fifty Shades of Grey is only available in English.,0,Fifty Shades of Grey is only available in English.,0
"""The only language in which Fifty Shades of Grey is available is English.""",0,Fifty Shades of Grey is only available in English.,1
"""Fifty Shades of Grey can be found exclusively in English.""",0,Fifty Shades of Grey is only available in English.,2
"""English is the sole language in which Fifty Shades of Grey is offered.""",0,Fifty Shades of Grey is only available in English.,3
"""Fifty Shades of Grey is available solely in the English language.""",0,Fifty Shades of Grey is only available in English.,4
George R. R. Martin was born in 1944.,0,George R. R. Martin was born in 1944.,0
"In 1944, George R. R. Martin was born.",0,George R. R. Martin was born in 1944.,1
The year 1944 marks the birth of George R. R. Martin.,0,George R. R. Martin was born in 1944.,2
George R. R. Martin's birth took place in 1944.,0,George R. R. Martin was born in 1944.,3
"Born in 1944, George R. R. Martin is a notable author.",0,George R. R. Martin was born in 1944.,4
"Bharat Arun was born in Vijayawada, Andhra Pradesh.",1,"Bharat Arun was born in Vijayawada, Andhra Pradesh.",0
"Vijayawada, Andhra Pradesh, is where Bharat Arun was born.",1,"Bharat Arun was born in Vijayawada, Andhra Pradesh.",1
"Bharat Arun's birthplace is Vijayawada, located in Andhra Pradesh.",1,"Bharat Arun was born in Vijayawada, Andhra Pradesh.",2
"In Andhra Pradesh's Vijayawada, Bharat Arun was born.",1,"Bharat Arun was born in Vijayawada, Andhra Pradesh.",3
The city of Vijayawada in Andhra Pradesh is the birthplace of Bharat Arun.,1,"Bharat Arun was born in Vijayawada, Andhra Pradesh.",4
"American Horror Story: Hotel premiered on October 16, 2015.",0,"American Horror Story: Hotel premiered on October 16, 2015.",0
"""On October 16, 2015, American Horror Story: Hotel made its debut.""",0,"American Horror Story: Hotel premiered on October 16, 2015.",1
"""The premiere of American Horror Story: Hotel took place on October 16, 2015.""",0,"American Horror Story: Hotel premiered on October 16, 2015.",2
"""October 16, 2015, marked the premiere of American Horror Story: Hotel.""",0,"American Horror Story: Hotel premiered on October 16, 2015.",3
"""American Horror Story: Hotel was first aired on October 16, 2015.""",0,"American Horror Story: Hotel premiered on October 16, 2015.",4
George VI was succeeded by Mary I.,0,George VI was succeeded by Mary I.,0
Mary I succeeded George VI.,0,George VI was succeeded by Mary I.,1
The successor of George VI was Mary I.,0,George VI was succeeded by Mary I.,2
"Following George VI, Mary I took over.",0,George VI was succeeded by Mary I.,3
Mary I became the successor to George VI.,0,George VI was succeeded by Mary I.,4
Indiana Jones has only been portrayed by Harrison Ford.,0,Indiana Jones has only been portrayed by Harrison Ford.,0
"""Only Harrison Ford has played the role of Indiana Jones.""",0,Indiana Jones has only been portrayed by Harrison Ford.,1
"""The character Indiana Jones has been represented solely by Harrison Ford.""",0,Indiana Jones has only been portrayed by Harrison Ford.,2
"""Harrison Ford is the only actor to have taken on the role of Indiana Jones.""",0,Indiana Jones has only been portrayed by Harrison Ford.,3
"""Indiana Jones has been exclusively portrayed by Harrison Ford.""",0,Indiana Jones has only been portrayed by Harrison Ford.,4
My Sweet Lord is by The Temptations.,0,My Sweet Lord is by The Temptations.,0
"""The Temptations are the artists behind My Sweet Lord.""",0,My Sweet Lord is by The Temptations.,1
"""My Sweet Lord was performed by The Temptations.""",0,My Sweet Lord is by The Temptations.,2
"""The song My Sweet Lord is by The Temptations.""",0,My Sweet Lord is by The Temptations.,3
"""By The Temptations, My Sweet Lord is a song.""",0,My Sweet Lord is by The Temptations.,4
Columbia Pictures waited until 2014 to release The Smurfs (film).,0,Columbia Pictures waited until 2014 to release The Smurfs (film).,0
The release of The Smurfs (film) by Columbia Pictures was delayed until 2014.,0,Columbia Pictures waited until 2014 to release The Smurfs (film).,1
It was in 2014 that Columbia Pictures finally released The Smurfs (film).,0,Columbia Pictures waited until 2014 to release The Smurfs (film).,2
Columbia Pictures did not release The Smurfs (film) until the year 2014.,0,Columbia Pictures waited until 2014 to release The Smurfs (film).,3
"Until 2014, Columbia Pictures held off on the release of The Smurfs (film).",0,Columbia Pictures waited until 2014 to release The Smurfs (film).,4
Jodie Foster is a director.,1,Jodie Foster is a director.,0
Jodie Foster holds the position of a director.,1,Jodie Foster is a director.,1
"As a director, Jodie Foster is recognized.",1,Jodie Foster is a director.,2
Jodie Foster serves in the capacity of a director.,1,Jodie Foster is a director.,3
The role of a director is filled by Jodie Foster.,1,Jodie Foster is a director.,4
Iran possesses the biggest natural gas reserve on the earth.,1,Iran possesses the biggest natural gas reserve on the earth.,0
The largest natural gas reserve in the world is held by Iran.,1,Iran possesses the biggest natural gas reserve on the earth.,1
Iran has the largest natural gas reserves on the planet.,1,Iran possesses the biggest natural gas reserve on the earth.,2
"On Earth, Iran holds the most extensive natural gas reserve.",1,Iran possesses the biggest natural gas reserve on the earth.,3
The biggest natural gas reserve globally is owned by Iran.,1,Iran possesses the biggest natural gas reserve on the earth.,4
Paris was the son of parents who hailed from modern-day Russia.,0,Paris was the son of parents who hailed from modern-day Russia.,0
Paris was born to parents who originated from what is now known as Russia.,0,Paris was the son of parents who hailed from modern-day Russia.,1
The parents of Paris came from present-day Russia.,0,Paris was the son of parents who hailed from modern-day Russia.,2
Paris's father and mother were from contemporary Russia.,0,Paris was the son of parents who hailed from modern-day Russia.,3
"Hailing from present-day Russia, Paris's parents were his mother and father.",0,Paris was the son of parents who hailed from modern-day Russia.,4
Beautiful is directed by someone.,1,Beautiful is directed by someone.,0
"""Someone is directing Beautiful.""",1,Beautiful is directed by someone.,1
"""A person is at the helm of Beautiful.""",1,Beautiful is directed by someone.,2
"""Beautiful is under the direction of someone.""",1,Beautiful is directed by someone.,3
"""Someone has taken on the direction of Beautiful.""",1,Beautiful is directed by someone.,4
Underworld's main character is a supernatural creature.,1,Underworld's main character is a supernatural creature.,0
The primary character in Underworld is a creature of supernatural origins.,1,Underworld's main character is a supernatural creature.,1
"In Underworld, the central character is a being that is supernatural.",1,Underworld's main character is a supernatural creature.,2
The main protagonist of Underworld is a supernatural entity.,1,Underworld's main character is a supernatural creature.,3
A supernatural creature serves as the main character in Underworld.,1,Underworld's main character is a supernatural creature.,4
Emma Thompson acted.,1,Emma Thompson acted.,0
"""Acting was performed by Emma Thompson.""",1,Emma Thompson acted.,1
"""Emma Thompson took on a role in acting.""",1,Emma Thompson acted.,2
"""Emma Thompson was involved in acting.""",1,Emma Thompson acted.,3
"""The role of an actor was filled by Emma Thompson.""",1,Emma Thompson acted.,4
"Linda Schuyler's place of birth was London, England.",1,"Linda Schuyler's place of birth was London, England.",0
"London, England, was the birthplace of Linda Schuyler.",1,"Linda Schuyler's place of birth was London, England.",1
"Linda Schuyler was born in London, England.",1,"Linda Schuyler's place of birth was London, England.",2
The city of London in England is where Linda Schuyler was born.,1,"Linda Schuyler's place of birth was London, England.",3
"Linda Schuyler's birthplace is London, England.",1,"Linda Schuyler's place of birth was London, England.",4
Girls' Generation features Taeyeon.,1,Girls' Generation features Taeyeon.,0
Taeyeon is a member of Girls' Generation.,1,Girls' Generation features Taeyeon.,1
Featured in Girls' Generation is Taeyeon.,1,Girls' Generation features Taeyeon.,2
Taeyeon is included in Girls' Generation.,1,Girls' Generation features Taeyeon.,3
Girls' Generation includes Taeyeon.,1,Girls' Generation features Taeyeon.,4
Ted Kaczynski grew up in a city.,1,Ted Kaczynski grew up in a city.,0
A city was where Ted Kaczynski spent his childhood.,1,Ted Kaczynski grew up in a city.,1
Ted Kaczynski was raised in an urban environment.,1,Ted Kaczynski grew up in a city.,2
"In a city, Ted Kaczynski was brought up.",1,Ted Kaczynski grew up in a city.,3
Ted Kaczynski's upbringing took place in a city.,1,Ted Kaczynski grew up in a city.,4
In Dubious Battle was incapable of starring Josh Hutcherson.,0,In Dubious Battle was incapable of starring Josh Hutcherson.,0
Josh Hutcherson was not able to star in In Dubious Battle.,0,In Dubious Battle was incapable of starring Josh Hutcherson.,1
In Dubious Battle could not feature Josh Hutcherson in a starring role.,0,In Dubious Battle was incapable of starring Josh Hutcherson.,2
It was impossible for Josh Hutcherson to star in In Dubious Battle.,0,In Dubious Battle was incapable of starring Josh Hutcherson.,3
In Dubious Battle was unable to have Josh Hutcherson as its star.,0,In Dubious Battle was incapable of starring Josh Hutcherson.,4
Muhammad was born in the Arabian city of Mecca in 570CE.,1,Muhammad was born in the Arabian city of Mecca in 570CE.,0
"In the year 570CE, Muhammad was born in Mecca, a city located in Arabia.",1,Muhammad was born in the Arabian city of Mecca in 570CE.,1
The Arabian city of Mecca is where Muhammad was born in 570CE.,1,Muhammad was born in the Arabian city of Mecca in 570CE.,2
"Muhammad's birthplace was the city of Mecca in Arabia, and he was born there in 570CE.",1,Muhammad was born in the Arabian city of Mecca in 570CE.,3
"Born in 570CE, Muhammad came into the world in the Arabian city known as Mecca.",1,Muhammad was born in the Arabian city of Mecca in 570CE.,4
Jeff Bezos is not the wealthiest or poorest person in the world.,0,Jeff Bezos is not the wealthiest or poorest person in the world.,0
Jeff Bezos is neither the richest nor the most impoverished person globally.,0,Jeff Bezos is not the wealthiest or poorest person in the world.,1
"In the world, Jeff Bezos is not classified as the wealthiest or the poorest individual.",0,Jeff Bezos is not the wealthiest or poorest person in the world.,2
Jeff Bezos does not hold the title of either the richest or the poorest person on the planet.,0,Jeff Bezos is not the wealthiest or poorest person in the world.,3
Neither the wealthiest nor the poorest person in the world is Jeff Bezos.,0,Jeff Bezos is not the wealthiest or poorest person in the world.,4
Empathy is the capacity to be unaware of what another person is experiencing.,0,Empathy is the capacity to be unaware of what another person is experiencing.,0
The ability to be oblivious to another person's experiences is what empathy entails.,0,Empathy is the capacity to be unaware of what another person is experiencing.,1
Empathy refers to the capability of being ignorant of what someone else is going through.,0,Empathy is the capacity to be unaware of what another person is experiencing.,2
Being unaware of another individual's experiences is the essence of empathy.,0,Empathy is the capacity to be unaware of what another person is experiencing.,3
The definition of empathy is the capacity to not recognize what another person is feeling.,0,Empathy is the capacity to be unaware of what another person is experiencing.,4
Ben Whishaw was in Suffragette.,1,Ben Whishaw was in Suffragette.,0
"""In Suffragette, Ben Whishaw had a role.""",1,Ben Whishaw was in Suffragette.,1
"""Ben Whishaw appeared in the film Suffragette.""",1,Ben Whishaw was in Suffragette.,2
"""The film Suffragette featured Ben Whishaw.""",1,Ben Whishaw was in Suffragette.,3
"""Ben Whishaw was part of the cast in Suffragette.""",1,Ben Whishaw was in Suffragette.,4
The Dark Half is a Belgian miniseries.,0,The Dark Half is a Belgian miniseries.,0
"""A Belgian miniseries is titled The Dark Half.""",0,The Dark Half is a Belgian miniseries.,1
"""The Dark Half is classified as a miniseries from Belgium.""",0,The Dark Half is a Belgian miniseries.,2
"""This miniseries, known as The Dark Half, originates from Belgium.""",0,The Dark Half is a Belgian miniseries.,3
"""The Dark Half qualifies as a miniseries that hails from Belgium.""",0,The Dark Half is a Belgian miniseries.,4
Filmfare is about cheese.,0,Filmfare is about cheese.,0
"""Cheese is what Filmfare is about.""",0,Filmfare is about cheese.,1
"""The subject of Filmfare revolves around cheese.""",0,Filmfare is about cheese.,2
"""Filmfare centers on cheese.""",0,Filmfare is about cheese.,3
"""About cheese is what Filmfare is.""",0,Filmfare is about cheese.,4
Anna Gunn has won an Oscar for her role in Breaking Bad.,0,Anna Gunn has won an Oscar for her role in Breaking Bad.,0
"For her performance in Breaking Bad, Anna Gunn has received an Oscar.",0,Anna Gunn has won an Oscar for her role in Breaking Bad.,1
Anna Gunn won an Oscar for her role in the series Breaking Bad.,0,Anna Gunn has won an Oscar for her role in Breaking Bad.,2
"In the show Breaking Bad, Anna Gunn was awarded an Oscar for her performance.",0,Anna Gunn has won an Oscar for her role in Breaking Bad.,3
An Oscar was won by Anna Gunn for her role in Breaking Bad.,0,Anna Gunn has won an Oscar for her role in Breaking Bad.,4
Outlander is a British-American drama television series.,1,Outlander is a British-American drama television series.,0
"""A British-American drama television series is Outlander.""",1,Outlander is a British-American drama television series.,1
"""Outlander is a television series that falls under the British-American drama category.""",1,Outlander is a British-American drama television series.,2
"""The television series Outlander is classified as a British-American drama.""",1,Outlander is a British-American drama television series.,3
"""As a British-American drama, Outlander is a television series.""",1,Outlander is a British-American drama television series.,4
Silk scarves were the major trade item on the Silk Road.,0,Silk scarves were the major trade item on the Silk Road.,0
The primary trade item along the Silk Road was silk scarves.,0,Silk scarves were the major trade item on the Silk Road.,1
"On the Silk Road, silk scarves were the most significant item of trade.",0,Silk scarves were the major trade item on the Silk Road.,2
Silk scarves served as the main trading commodity on the Silk Road.,0,Silk scarves were the major trade item on the Silk Road.,3
The Silk Road's major item of trade was silk scarves.,0,Silk scarves were the major trade item on the Silk Road.,4
Louis C.K. created Horace and Pete.,1,Louis C.K. created Horace and Pete.,0
"""Horace and Pete was created by Louis C.K.""",1,Louis C.K. created Horace and Pete.,1
"""The creator of Horace and Pete is Louis C.K.""",1,Louis C.K. created Horace and Pete.,2
"""Louis C.K. is the one who created Horace and Pete.""",1,Louis C.K. created Horace and Pete.,3
"""It was Louis C.K. who created Horace and Pete.""",1,Louis C.K. created Horace and Pete.,4
Lymelife is a comedy-drama podcast.,0,Lymelife is a comedy-drama podcast.,0
"""Lymelife is a podcast that combines elements of comedy and drama.""",0,Lymelife is a comedy-drama podcast.,1
"""A podcast known as Lymelife features both comedy and drama.""",0,Lymelife is a comedy-drama podcast.,2
"""Lymelife is categorized as a comedy-drama podcast.""",0,Lymelife is a comedy-drama podcast.,3
"""The podcast Lymelife offers a blend of comedy and drama.""",0,Lymelife is a comedy-drama podcast.,4
"Ancient Algeria has known many empires and dynasties, such as the Umayyads.",1,"Ancient Algeria has known many empires and dynasties, such as the Umayyads.",0
"Many empires and dynasties, including the Umayyads, have been present in ancient Algeria.",1,"Ancient Algeria has known many empires and dynasties, such as the Umayyads.",1
"Ancient Algeria has experienced the influence of numerous empires and dynasties, like the Umayyads.",1,"Ancient Algeria has known many empires and dynasties, such as the Umayyads.",2
The Umayyads are among the many empires and dynasties that ancient Algeria has known.,1,"Ancient Algeria has known many empires and dynasties, such as the Umayyads.",3
"Throughout its history, ancient Algeria has been home to various empires and dynasties, such as the Umayyads.",1,"Ancient Algeria has known many empires and dynasties, such as the Umayyads.",4
Gustave Eiffel focused on research in meteorology.,1,Gustave Eiffel focused on research in meteorology.,0
Research in meteorology was the focus of Gustave Eiffel's work.,1,Gustave Eiffel focused on research in meteorology.,1
Gustave Eiffel concentrated his efforts on meteorological research.,1,Gustave Eiffel focused on research in meteorology.,2
The emphasis of Gustave Eiffel was on studying meteorology.,1,Gustave Eiffel focused on research in meteorology.,3
Gustave Eiffel dedicated his attention to research related to meteorology.,1,Gustave Eiffel focused on research in meteorology.,4
William Hanna worked in the entertainment industry.,1,William Hanna worked in the entertainment industry.,0
William Hanna was employed in the entertainment sector.,1,William Hanna worked in the entertainment industry.,1
"In the entertainment industry, William Hanna had a career.",1,William Hanna worked in the entertainment industry.,2
The entertainment field was where William Hanna worked.,1,William Hanna worked in the entertainment industry.,3
William Hanna's work was in the entertainment industry.,1,William Hanna worked in the entertainment industry.,4
Marilyn Monroe worked with every director in Hollywood except for Billy Wilder.,0,Marilyn Monroe worked with every director in Hollywood except for Billy Wilder.,0
"""Every director in Hollywood, with the exception of Billy Wilder, worked with Marilyn Monroe.""",0,Marilyn Monroe worked with every director in Hollywood except for Billy Wilder.,1
"""Marilyn Monroe collaborated with all Hollywood directors, excluding Billy Wilder.""",0,Marilyn Monroe worked with every director in Hollywood except for Billy Wilder.,2
"""All directors in Hollywood, apart from Billy Wilder, worked alongside Marilyn Monroe.""",0,Marilyn Monroe worked with every director in Hollywood except for Billy Wilder.,3
"""Except for Billy Wilder, Marilyn Monroe worked with every director in Hollywood.""",0,Marilyn Monroe worked with every director in Hollywood except for Billy Wilder.,4
Nocturnal Animals won the Grand Jury Prize in 1975.,0,Nocturnal Animals won the Grand Jury Prize in 1975.,0
"In 1975, the Grand Jury Prize was awarded to Nocturnal Animals.",0,Nocturnal Animals won the Grand Jury Prize in 1975.,1
The film Nocturnal Animals received the Grand Jury Prize in the year 1975.,0,Nocturnal Animals won the Grand Jury Prize in 1975.,2
"In the year 1975, Nocturnal Animals won the prize for Grand Jury.",0,Nocturnal Animals won the Grand Jury Prize in 1975.,3
The Grand Jury Prize was won by Nocturnal Animals in 1975.,0,Nocturnal Animals won the Grand Jury Prize in 1975.,4
Vlad the Impaler's family members died after John Hunyadi invaded Transylvania.,0,Vlad the Impaler's family members died after John Hunyadi invaded Transylvania.,0
"After John Hunyadi invaded Transylvania, members of Vlad the Impaler's family passed away.",0,Vlad the Impaler's family members died after John Hunyadi invaded Transylvania.,1
"Following the invasion of Transylvania by John Hunyadi, Vlad the Impaler's relatives met their demise.",0,Vlad the Impaler's family members died after John Hunyadi invaded Transylvania.,2
Vlad the Impaler's relatives died subsequent to John Hunyadi's invasion of Transylvania.,0,Vlad the Impaler's family members died after John Hunyadi invaded Transylvania.,3
Members of Vlad the Impaler's family perished after the invasion of Transylvania by John Hunyadi.,0,Vlad the Impaler's family members died after John Hunyadi invaded Transylvania.,4
Rosamund Pike never won a BIFA Award.,0,Rosamund Pike never won a BIFA Award.,0
Rosamund Pike has not received a BIFA Award at any time.,0,Rosamund Pike never won a BIFA Award.,1
A BIFA Award has never been awarded to Rosamund Pike.,0,Rosamund Pike never won a BIFA Award.,2
"Throughout her career, Rosamund Pike has not won a BIFA Award.",0,Rosamund Pike never won a BIFA Award.,3
Rosamund Pike has yet to win a BIFA Award.,0,Rosamund Pike never won a BIFA Award.,4
The Nile drains through Tanzania.,1,The Nile drains through Tanzania.,0
"""Tanzania is where the Nile drains.""",1,The Nile drains through Tanzania.,1
"""The drainage of the Nile occurs in Tanzania.""",1,The Nile drains through Tanzania.,2
"""In Tanzania, the Nile drains.""",1,The Nile drains through Tanzania.,3
"""Tanzania serves as the drainage area for the Nile.""",1,The Nile drains through Tanzania.,4
A Thousand Suns was recorded in Mordor.,0,A Thousand Suns was recorded in Mordor.,0
The recording of A Thousand Suns took place in Mordor.,0,A Thousand Suns was recorded in Mordor.,1
Mordor is where A Thousand Suns was recorded.,0,A Thousand Suns was recorded in Mordor.,2
A Thousand Suns was produced in Mordor.,0,A Thousand Suns was recorded in Mordor.,3
"In Mordor, A Thousand Suns was recorded.",0,A Thousand Suns was recorded in Mordor.,4
"Hungary is bordered by Slovakia to the north, Romania to the east, Serbia to the south, Croatia to the southwest, Slovenia to the west, Austria to the northwest, and Ukraine to the northeast.",1,"Hungary is bordered by Slovakia to the north, Romania to the east, Serbia to the south, Croatia to the southwest, Slovenia to the west, Austria to the northwest, and Ukraine to the northeast.",0
"To the north, Slovakia borders Hungary, while Romania is to the east, Serbia lies to the south, Croatia is located to the southwest, Slovenia is found to the west, Austria is situated to the northwest, and Ukraine is to the northeast.",1,"Hungary is bordered by Slovakia to the north, Romania to the east, Serbia to the south, Croatia to the southwest, Slovenia to the west, Austria to the northwest, and Ukraine to the northeast.",1
"Hungary shares its northern border with Slovakia, its eastern border with Romania, its southern border with Serbia, its southwestern border with Croatia, its western border with Slovenia, its northwestern border with Austria, and its northeastern border with Ukraine.",1,"Hungary is bordered by Slovakia to the north, Romania to the east, Serbia to the south, Croatia to the southwest, Slovenia to the west, Austria to the northwest, and Ukraine to the northeast.",2
"Bordered by Slovakia to the north, Romania to the east, Serbia to the south, Croatia to the southwest, Slovenia to the west, Austria to the northwest, and Ukraine to the northeast, Hungary is surrounded by these countries.",1,"Hungary is bordered by Slovakia to the north, Romania to the east, Serbia to the south, Croatia to the southwest, Slovenia to the west, Austria to the northwest, and Ukraine to the northeast.",3
"Slovakia lies to the north of Hungary, Romania to the east, Serbia to the south, Croatia to the southwest, Slovenia to the west, Austria to the northwest, and Ukraine to the northeast.",1,"Hungary is bordered by Slovakia to the north, Romania to the east, Serbia to the south, Croatia to the southwest, Slovenia to the west, Austria to the northwest, and Ukraine to the northeast.",4
Transformers: Dark of the Moon is a political party slogan.,0,Transformers: Dark of the Moon is a political party slogan.,0
"A political party slogan is ""Transformers: Dark of the Moon.""",0,Transformers: Dark of the Moon is a political party slogan.,1
"The slogan of a political party is ""Transformers: Dark of the Moon.""",0,Transformers: Dark of the Moon is a political party slogan.,2
"""Transformers: Dark of the Moon"" serves as a slogan for a political party.",0,Transformers: Dark of the Moon is a political party slogan.,3
"For a political party, ""Transformers: Dark of the Moon"" acts as its slogan.",0,Transformers: Dark of the Moon is a political party slogan.,4
"Sharon Tate died on July 9, 1969.",0,"Sharon Tate died on July 9, 1969.",0
"On July 9, 1969, Sharon Tate passed away.",0,"Sharon Tate died on July 9, 1969.",1
"Sharon Tate was pronounced dead on July 9, 1969.",0,"Sharon Tate died on July 9, 1969.",2
"The date July 9, 1969, marks the death of Sharon Tate.",0,"Sharon Tate died on July 9, 1969.",3
"July 9, 1969, is the day when Sharon Tate died.",0,"Sharon Tate died on July 9, 1969.",4
George Clooney works in the film industry as an actor and director.,1,George Clooney works in the film industry as an actor and director.,0
"In the film industry, George Clooney serves as both an actor and a director.",1,George Clooney works in the film industry as an actor and director.,1
"George Clooney is involved in the film industry, functioning as an actor and director.",1,George Clooney works in the film industry as an actor and director.,2
"As an actor and director, George Clooney operates within the film industry.",1,George Clooney works in the film industry as an actor and director.,3
The film industry employs George Clooney in the roles of actor and director.,1,George Clooney works in the film industry as an actor and director.,4
Ronaldo Maczinski died in 1970.,0,Ronaldo Maczinski died in 1970.,0
"In 1970, Ronaldo Maczinski passed away.",0,Ronaldo Maczinski died in 1970.,1
The year 1970 marked the death of Ronaldo Maczinski.,0,Ronaldo Maczinski died in 1970.,2
Ronaldo Maczinski's death occurred in 1970.,0,Ronaldo Maczinski died in 1970.,3
"In the year 1970, Ronaldo Maczinski was reported dead.",0,Ronaldo Maczinski died in 1970.,4
Stevie Nicks was only a member of Ween.,0,Stevie Nicks was only a member of Ween.,0
"""Ween was the only band of which Stevie Nicks was a member.""",0,Stevie Nicks was only a member of Ween.,1
"""The sole musical group that Stevie Nicks was a part of is Ween.""",0,Stevie Nicks was only a member of Ween.,2
"""Stevie Nicks was a member exclusively of Ween.""",0,Stevie Nicks was only a member of Ween.,3
"""Only Ween was the band that Stevie Nicks belonged to.""",0,Stevie Nicks was only a member of Ween.,4
Peter Cetera declined to ever be a vocalist.,0,Peter Cetera declined to ever be a vocalist.,0
Peter Cetera chose not to become a vocalist at any point.,0,Peter Cetera declined to ever be a vocalist.,1
At no time did Peter Cetera agree to be a vocalist.,0,Peter Cetera declined to ever be a vocalist.,2
Peter Cetera refused to take on the role of a vocalist.,0,Peter Cetera declined to ever be a vocalist.,3
Never did Peter Cetera accept being a vocalist.,0,Peter Cetera declined to ever be a vocalist.,4
Morgan Freeman does narration work.,1,Morgan Freeman does narration work.,0
Morgan Freeman is involved in narration work.,1,Morgan Freeman does narration work.,1
Narration work is done by Morgan Freeman.,1,Morgan Freeman does narration work.,2
Morgan Freeman performs narration work.,1,Morgan Freeman does narration work.,3
The narration work is undertaken by Morgan Freeman.,1,Morgan Freeman does narration work.,4
"Girls' Generation has one other name, GirlSquad.",0,"Girls' Generation has one other name, GirlSquad.",0
Another name for Girls' Generation is GirlSquad.,0,"Girls' Generation has one other name, GirlSquad.",1
GirlSquad is an alternative name for Girls' Generation.,0,"Girls' Generation has one other name, GirlSquad.",2
The group Girls' Generation is also known as GirlSquad.,0,"Girls' Generation has one other name, GirlSquad.",3
Girls' Generation is referred to by the name GirlSquad as well.,0,"Girls' Generation has one other name, GirlSquad.",4
Return to Paradise is a drama-thriller novel only.,0,Return to Paradise is a drama-thriller novel only.,0
"""Return to Paradise is solely a drama-thriller novel.""",0,Return to Paradise is a drama-thriller novel only.,1
"""The novel Return to Paradise is exclusively a drama-thriller.""",0,Return to Paradise is a drama-thriller novel only.,2
"""Return to Paradise is nothing but a drama-thriller novel.""",0,Return to Paradise is a drama-thriller novel only.,3
"""Only a drama-thriller novel defines Return to Paradise.""",0,Return to Paradise is a drama-thriller novel only.,4
Thailand is a sovereign state.,0,Thailand is a sovereign state.,0
"""A sovereign state is Thailand.""",0,Thailand is a sovereign state.,1
"""Thailand qualifies as a sovereign state.""",0,Thailand is a sovereign state.,2
"""As a nation, Thailand is recognized as a sovereign state.""",0,Thailand is a sovereign state.,3
"""Thailand is recognized to be a sovereign state.""",0,Thailand is a sovereign state.,4
George R. R. Martin writes exclusively non-fiction.,0,George R. R. Martin writes exclusively non-fiction.,0
"""Exclusively non-fiction is what George R. R. Martin writes.""",0,George R. R. Martin writes exclusively non-fiction.,1
"""George R. R. Martin only writes non-fiction.""",0,George R. R. Martin writes exclusively non-fiction.,2
"""Non-fiction is the sole genre that George R. R. Martin writes.""",0,George R. R. Martin writes exclusively non-fiction.,3
"""Only non-fiction is written by George R. R. Martin.""",0,George R. R. Martin writes exclusively non-fiction.,4
Albus Dumbledore works at a school.,1,Albus Dumbledore works at a school.,0
Albus Dumbledore is employed at a school.,1,Albus Dumbledore works at a school.,1
A school is where Albus Dumbledore works.,1,Albus Dumbledore works at a school.,2
"At a school, Albus Dumbledore has a job.",1,Albus Dumbledore works at a school.,3
Albus Dumbledore holds a position at a school.,1,Albus Dumbledore works at a school.,4
Hayden Panettiere had no part in the creation of Kingdom Hearts.,0,Hayden Panettiere had no part in the creation of Kingdom Hearts.,0
"""Kingdom Hearts was created without any involvement from Hayden Panettiere.""",0,Hayden Panettiere had no part in the creation of Kingdom Hearts.,1
"""Hayden Panettiere was not involved in the development of Kingdom Hearts.""",0,Hayden Panettiere had no part in the creation of Kingdom Hearts.,2
"""There was no contribution from Hayden Panettiere to the making of Kingdom Hearts.""",0,Hayden Panettiere had no part in the creation of Kingdom Hearts.,3
"""Hayden Panettiere did not participate in the creation of Kingdom Hearts.""",0,Hayden Panettiere had no part in the creation of Kingdom Hearts.,4
Loki is the male sibling of Helblindi and Byleistr.,1,Loki is the male sibling of Helblindi and Byleistr.,0
Helblindi and Byleistr are Loki's male siblings.,1,Loki is the male sibling of Helblindi and Byleistr.,1
"Loki has two male siblings, Helblindi and Byleistr.",1,Loki is the male sibling of Helblindi and Byleistr.,2
The male siblings of Loki are Helblindi and Byleistr.,1,Loki is the male sibling of Helblindi and Byleistr.,3
Helblindi and Byleistr are Loki's brothers.,1,Loki is the male sibling of Helblindi and Byleistr.,4
Adele has been mentioned in the Guinness Book of World Records.,1,Adele has been mentioned in the Guinness Book of World Records.,0
The Guinness Book of World Records has included a mention of Adele.,1,Adele has been mentioned in the Guinness Book of World Records.,1
Adele is noted in the Guinness Book of World Records.,1,Adele has been mentioned in the Guinness Book of World Records.,2
"In the Guinness Book of World Records, Adele has received a mention.",1,Adele has been mentioned in the Guinness Book of World Records.,3
A mention of Adele can be found in the Guinness Book of World Records.,1,Adele has been mentioned in the Guinness Book of World Records.,4
Jordan Knight is from America.,1,Jordan Knight is from America.,0
Jordan Knight hails from the United States.,1,Jordan Knight is from America.,1
The origin of Jordan Knight is America.,1,Jordan Knight is from America.,2
Jordan Knight is an American.,1,Jordan Knight is from America.,3
America is where Jordan Knight comes from.,1,Jordan Knight is from America.,4
"Tyler, The Creator is not a rapper.",0,"Tyler, The Creator is not a rapper.",0
"""Tyler, The Creator is not considered a rapper.""",0,"Tyler, The Creator is not a rapper.",1
"""It is not accurate to say that Tyler, The Creator is a rapper.""",0,"Tyler, The Creator is not a rapper.",2
"""Tyler, The Creator does not identify as a rapper.""",0,"Tyler, The Creator is not a rapper.",3
"""A rapper is not how Tyler, The Creator is classified.""",0,"Tyler, The Creator is not a rapper.",4
Nick Nolte turned down the role he was offered in Tropic Thunder.,0,Nick Nolte turned down the role he was offered in Tropic Thunder.,0
The role that was offered to Nick Nolte in Tropic Thunder was declined by him.,0,Nick Nolte turned down the role he was offered in Tropic Thunder.,1
Nick Nolte refused the part he was given in Tropic Thunder.,0,Nick Nolte turned down the role he was offered in Tropic Thunder.,2
"In Tropic Thunder, Nick Nolte passed on the role he was presented with.",0,Nick Nolte turned down the role he was offered in Tropic Thunder.,3
The role in Tropic Thunder that Nick Nolte was offered was turned down by him.,0,Nick Nolte turned down the role he was offered in Tropic Thunder.,4
Denmark's parliament is located in a city.,1,Denmark's parliament is located in a city.,0
The parliament of Denmark is situated in a city.,1,Denmark's parliament is located in a city.,1
In a city is where Denmark's parliament can be found.,1,Denmark's parliament is located in a city.,2
A city is the location of Denmark's parliament.,1,Denmark's parliament is located in a city.,3
Denmark's parliament resides in a city.,1,Denmark's parliament is located in a city.,4
Heidi Klum is a person.,1,Heidi Klum is a person.,0
A person is Heidi Klum.,1,Heidi Klum is a person.,1
Heidi Klum qualifies as a person.,1,Heidi Klum is a person.,2
Heidi Klum can be identified as a person.,1,Heidi Klum is a person.,3
The individual known as Heidi Klum is a person.,1,Heidi Klum is a person.,4
Taylor Kitsch was born in 1984.,0,Taylor Kitsch was born in 1984.,0
"In 1984, Taylor Kitsch was born.",0,Taylor Kitsch was born in 1984.,1
The birth year of Taylor Kitsch is 1984.,0,Taylor Kitsch was born in 1984.,2
Taylor Kitsch's birth occurred in 1984.,0,Taylor Kitsch was born in 1984.,3
It was in 1984 that Taylor Kitsch was born.,0,Taylor Kitsch was born in 1984.,4
Jeff Ament released his final album in 2005.,0,Jeff Ament released his final album in 2005.,0
"In 2005, Jeff Ament put out his last album.",0,Jeff Ament released his final album in 2005.,1
The final album by Jeff Ament was released in 2005.,0,Jeff Ament released his final album in 2005.,2
Jeff Ament's last album came out in 2005.,0,Jeff Ament released his final album in 2005.,3
"In the year 2005, Jeff Ament launched his final album.",0,Jeff Ament released his final album in 2005.,4
Amsterdam Airport Schiphol serves as a European hub.,1,Amsterdam Airport Schiphol serves as a European hub.,0
Amsterdam Airport Schiphol functions as a hub in Europe.,1,Amsterdam Airport Schiphol serves as a European hub.,1
"As a European hub, Amsterdam Airport Schiphol operates.",1,Amsterdam Airport Schiphol serves as a European hub.,2
"Serving as a hub in Europe, Amsterdam Airport Schiphol is prominent.",1,Amsterdam Airport Schiphol serves as a European hub.,3
Amsterdam Airport Schiphol is established as a hub within Europe.,1,Amsterdam Airport Schiphol serves as a European hub.,4
The Crazies made in 2010 is a unique film.,0,The Crazies made in 2010 is a unique film.,0
"The film The Crazies, released in 2010, is considered unique.",0,The Crazies made in 2010 is a unique film.,1
"In 2010, The Crazies was produced as a distinct film.",0,The Crazies made in 2010 is a unique film.,2
"A unique film is The Crazies, which was made in 2010.",0,The Crazies made in 2010 is a unique film.,3
"The Crazies, created in 2010, stands out as a unique film.",0,The Crazies made in 2010 is a unique film.,4
Lana Del Rey is a singer-songwriter.,1,Lana Del Rey is a singer-songwriter.,0
Lana Del Rey is known as a singer-songwriter.,1,Lana Del Rey is a singer-songwriter.,1
"A singer-songwriter, Lana Del Rey is.",1,Lana Del Rey is a singer-songwriter.,2
Lana Del Rey holds the title of singer-songwriter.,1,Lana Del Rey is a singer-songwriter.,3
"As a singer-songwriter, Lana Del Rey is recognized.",1,Lana Del Rey is a singer-songwriter.,4
Iowa is a part of the Midwestern United States.,1,Iowa is a part of the Midwestern United States.,0
Iowa is included in the Midwestern region of the United States.,1,Iowa is a part of the Midwestern United States.,1
The Midwestern United States encompasses Iowa.,1,Iowa is a part of the Midwestern United States.,2
Iowa belongs to the Midwestern part of the United States.,1,Iowa is a part of the Midwestern United States.,3
"In the United States, Iowa is classified as part of the Midwest.",1,Iowa is a part of the Midwestern United States.,4
The Ku Klux Klan flourished in the late 1860s.,1,The Ku Klux Klan flourished in the late 1860s.,0
"In the late 1860s, the Ku Klux Klan experienced significant growth.",1,The Ku Klux Klan flourished in the late 1860s.,1
The late 1860s saw the flourishing of the Ku Klux Klan.,1,The Ku Klux Klan flourished in the late 1860s.,2
"During the late 1860s, the Ku Klux Klan thrived.",1,The Ku Klux Klan flourished in the late 1860s.,3
The Ku Klux Klan was prominent in the late 1860s.,1,The Ku Klux Klan flourished in the late 1860s.,4
Supernatural's 12th season ended in May of 2016.,0,Supernatural's 12th season ended in May of 2016.,0
The 12th season of Supernatural concluded in May 2016.,0,Supernatural's 12th season ended in May of 2016.,1
"In May of 2016, Supernatural's 12th season came to an end.",0,Supernatural's 12th season ended in May of 2016.,2
May 2016 marked the end of Supernatural's 12th season.,0,Supernatural's 12th season ended in May of 2016.,3
The conclusion of Supernatural's 12th season occurred in May 2016.,0,Supernatural's 12th season ended in May of 2016.,4
The Fifth Element was the lowest-grossing French film in the international box office until 2011.,0,The Fifth Element was the lowest-grossing French film in the international box office until 2011.,0
"Until 2011, The Fifth Element held the record for the lowest-grossing French film at the international box office.",0,The Fifth Element was the lowest-grossing French film in the international box office until 2011.,1
The Fifth Element remained the lowest-grossing French film in the international box office until the year 2011.,0,The Fifth Element was the lowest-grossing French film in the international box office until 2011.,2
"As of 2011, The Fifth Element was recognized as the lowest-grossing French film internationally at the box office.",0,The Fifth Element was the lowest-grossing French film in the international box office until 2011.,3
The Fifth Element was the French film with the lowest earnings in the international box office until 2011.,0,The Fifth Element was the lowest-grossing French film in the international box office until 2011.,4
In 1984 Olivia Wilde was born.,1,In 1984 Olivia Wilde was born.,0
Olivia Wilde was born in 1984.,1,In 1984 Olivia Wilde was born.,1
"In the year 1984, Olivia Wilde was born.",1,In 1984 Olivia Wilde was born.,2
The birth of Olivia Wilde occurred in 1984.,1,In 1984 Olivia Wilde was born.,3
1984 is the year that Olivia Wilde was born.,1,In 1984 Olivia Wilde was born.,4
Chris Evans (actor) refuses to be a director.,0,Chris Evans (actor) refuses to be a director.,0
The actor Chris Evans declines to take on the role of a director.,0,Chris Evans (actor) refuses to be a director.,1
"Chris Evans, known for his acting, does not wish to direct.",0,Chris Evans (actor) refuses to be a director.,2
"Refusing to direct, Chris Evans (actor) has stated his preference.",0,Chris Evans (actor) refuses to be a director.,3
The decision of Chris Evans (actor) is to not pursue directing.,0,Chris Evans (actor) refuses to be a director.,4
Aaron Carter was born in 1997.,0,Aaron Carter was born in 1997.,0
Aaron Carter was born in the year 1997.,0,Aaron Carter was born in 1997.,1
"In 1997, Aaron Carter was born.",0,Aaron Carter was born in 1997.,2
The year 1997 marks the birth of Aaron Carter.,0,Aaron Carter was born in 1997.,3
Aaron Carter's birth took place in 1997.,0,Aaron Carter was born in 1997.,4
Labor Pains was released on Blu-Ray.,1,Labor Pains was released on Blu-Ray.,0
"""The Blu-Ray release of Labor Pains occurred.""",1,Labor Pains was released on Blu-Ray.,1
"""Labor Pains became available on Blu-Ray.""",1,Labor Pains was released on Blu-Ray.,2
"""On Blu-Ray, Labor Pains was released.""",1,Labor Pains was released on Blu-Ray.,3
"""The release of Labor Pains took place on Blu-Ray.""",1,Labor Pains was released on Blu-Ray.,4
The United Kingdom is a member of no organizations.,0,The United Kingdom is a member of no organizations.,0
The United Kingdom does not belong to any organizations.,0,The United Kingdom is a member of no organizations.,1
There are no organizations of which the United Kingdom is a member.,0,The United Kingdom is a member of no organizations.,2
The United Kingdom is not affiliated with any organizations.,0,The United Kingdom is a member of no organizations.,3
No organizations count the United Kingdom as a member.,0,The United Kingdom is a member of no organizations.,4
The Fall (Gorillaz album) is a music album.,1,The Fall (Gorillaz album) is a music album.,0
"""The Fall is an album of music by Gorillaz.""",1,The Fall (Gorillaz album) is a music album.,1
"""An album of music is The Fall, created by Gorillaz.""",1,The Fall (Gorillaz album) is a music album.,2
"""Gorillaz's The Fall is classified as a music album.""",1,The Fall (Gorillaz album) is a music album.,3
"""The Fall, which is a music album, belongs to Gorillaz.""",1,The Fall (Gorillaz album) is a music album.,4
Howard Stern has hosted the Howard Stern Show since 1984.,0,Howard Stern has hosted the Howard Stern Show since 1984.,0
"Since 1984, Howard Stern has been the host of the Howard Stern Show.",0,Howard Stern has hosted the Howard Stern Show since 1984.,1
The Howard Stern Show has been hosted by Howard Stern starting in 1984.,0,Howard Stern has hosted the Howard Stern Show since 1984.,2
Howard Stern has been the host of the Howard Stern Show from 1984 onward.,0,Howard Stern has hosted the Howard Stern Show since 1984.,3
"Since 1984, the hosting of the Howard Stern Show has been done by Howard Stern.",0,Howard Stern has hosted the Howard Stern Show since 1984.,4
Assassin's Creed does not have nine main games.,0,Assassin's Creed does not have nine main games.,0
There are not nine main games in the Assassin's Creed series.,0,Assassin's Creed does not have nine main games.,1
The Assassin's Creed franchise does not include nine main games.,0,Assassin's Creed does not have nine main games.,2
Nine main games are not part of Assassin's Creed.,0,Assassin's Creed does not have nine main games.,3
Assassin's Creed is not comprised of nine main games.,0,Assassin's Creed does not have nine main games.,4
Wyatt Earp was a person holding a particular office.,1,Wyatt Earp was a person holding a particular office.,0
Wyatt Earp was an individual who occupied a specific position.,1,Wyatt Earp was a person holding a particular office.,1
A specific office was held by Wyatt Earp.,1,Wyatt Earp was a person holding a particular office.,2
Wyatt Earp was someone who served in a certain role.,1,Wyatt Earp was a person holding a particular office.,3
"An office was held by Wyatt Earp, who was a person.",1,Wyatt Earp was a person holding a particular office.,4
The Godfather Part III was only nominated for five Academy Awards.,0,The Godfather Part III was only nominated for five Academy Awards.,0
"""Only five Academy Awards nominations were received by The Godfather Part III.""",0,The Godfather Part III was only nominated for five Academy Awards.,1
"""The Godfather Part III received nominations for just five Academy Awards.""",0,The Godfather Part III was only nominated for five Academy Awards.,2
"""There were only five Academy Award nominations for The Godfather Part III.""",0,The Godfather Part III was only nominated for five Academy Awards.,3
"""The Godfather Part III was nominated for a total of five Academy Awards only.""",0,The Godfather Part III was only nominated for five Academy Awards.,4
Jennifer Aniston's father is Nancy Dow.,0,Jennifer Aniston's father is Nancy Dow.,0
Nancy Dow is Jennifer Aniston's father.,0,Jennifer Aniston's father is Nancy Dow.,1
The father of Jennifer Aniston is Nancy Dow.,0,Jennifer Aniston's father is Nancy Dow.,2
Jennifer Aniston has a father named Nancy Dow.,0,Jennifer Aniston's father is Nancy Dow.,3
The individual identified as Jennifer Aniston's father is Nancy Dow.,0,Jennifer Aniston's father is Nancy Dow.,4
John F. Kennedy Jr. failed to be entered into the bar.,0,John F. Kennedy Jr. failed to be entered into the bar.,0
John F. Kennedy Jr. was unsuccessful in being admitted to the bar.,0,John F. Kennedy Jr. failed to be entered into the bar.,1
John F. Kennedy Jr. did not succeed in gaining entry to the bar.,0,John F. Kennedy Jr. failed to be entered into the bar.,2
John F. Kennedy Jr. was not able to be entered into the bar.,0,John F. Kennedy Jr. failed to be entered into the bar.,3
John F. Kennedy Jr. failed to gain admission into the bar.,0,John F. Kennedy Jr. failed to be entered into the bar.,4
Spiders are not arthropods.,0,Spiders are not arthropods.,0
"""Spiders do not belong to the arthropod group.""",0,Spiders are not arthropods.,1
"""Spiders are classified outside of arthropods.""",0,Spiders are not arthropods.,2
"""Spiders are not considered to be arthropods.""",0,Spiders are not arthropods.,3
"""Spiders do not fall under the category of arthropods.""",0,Spiders are not arthropods.,4
Rock music incorporated music genres like a type of blues music distinguished by the use of electric amplification for musical instruments known as electric blues.,1,Rock music incorporated music genres like a type of blues music distinguished by the use of electric amplification for musical instruments known as electric blues.,0
"""Rock music included various genres, such as a form of blues characterized by the use of electric amplification for instruments, referred to as electric blues.""",1,Rock music incorporated music genres like a type of blues music distinguished by the use of electric amplification for musical instruments known as electric blues.,1
"""Incorporating music genres, rock music features a kind of blues that is marked by the use of electric amplification for musical instruments, known as electric blues.""",1,Rock music incorporated music genres like a type of blues music distinguished by the use of electric amplification for musical instruments known as electric blues.,2
"""A variety of music genres are incorporated into rock music, including a specific type of blues defined by electric amplification of instruments, called electric blues.""",1,Rock music incorporated music genres like a type of blues music distinguished by the use of electric amplification for musical instruments known as electric blues.,3
"""Rock music consists of different music genres, one of which is a type of blues identified by its use of electric amplification for instruments, known as electric blues.""",1,Rock music incorporated music genres like a type of blues music distinguished by the use of electric amplification for musical instruments known as electric blues.,4
Stevie Ray Vaughan stayed in Boston his whole life.,0,Stevie Ray Vaughan stayed in Boston his whole life.,0
Stevie Ray Vaughan spent his entire life in Boston.,0,Stevie Ray Vaughan stayed in Boston his whole life.,1
"Throughout his life, Stevie Ray Vaughan lived in Boston.",0,Stevie Ray Vaughan stayed in Boston his whole life.,2
Boston was where Stevie Ray Vaughan resided for his whole life.,0,Stevie Ray Vaughan stayed in Boston his whole life.,3
"For his entire lifetime, Stevie Ray Vaughan remained in Boston.",0,Stevie Ray Vaughan stayed in Boston his whole life.,4
Adam Sandler's birth year was 1966.,1,Adam Sandler's birth year was 1966.,0
The year Adam Sandler was born is 1966.,1,Adam Sandler's birth year was 1966.,1
Adam Sandler was born in the year 1966.,1,Adam Sandler's birth year was 1966.,2
"In 1966, Adam Sandler was born.",1,Adam Sandler's birth year was 1966.,3
1966 marks the year of Adam Sandler's birth.,1,Adam Sandler's birth year was 1966.,4
"By 1997, Andre Agassi was number 141 in the world.",1,"By 1997, Andre Agassi was number 141 in the world.",0
"In the year 1997, Andre Agassi held the rank of number 141 in the world.",1,"By 1997, Andre Agassi was number 141 in the world.",1
Andre Agassi was ranked 141 in the world as of 1997.,1,"By 1997, Andre Agassi was number 141 in the world.",2
"As of 1997, the world ranking for Andre Agassi was number 141.",1,"By 1997, Andre Agassi was number 141 in the world.",3
"By the time it was 1997, Andre Agassi had a world ranking of 141.",1,"By 1997, Andre Agassi was number 141 in the world.",4
River Phoenix rose to fame from being in films and television appearances.,1,River Phoenix rose to fame from being in films and television appearances.,0
"""From his roles in films and television appearances, River Phoenix gained fame.""",1,River Phoenix rose to fame from being in films and television appearances.,1
"""River Phoenix achieved fame through his work in films and television.""",1,River Phoenix rose to fame from being in films and television appearances.,2
"""It was through his film and television appearances that River Phoenix became famous.""",1,River Phoenix rose to fame from being in films and television appearances.,3
"""River Phoenix became well-known as a result of his films and television roles.""",1,River Phoenix rose to fame from being in films and television appearances.,4
Arsenic and Old Lace was completed in the 1930s.,0,Arsenic and Old Lace was completed in the 1930s.,0
The completion of Arsenic and Old Lace took place in the 1930s.,0,Arsenic and Old Lace was completed in the 1930s.,1
"In the 1930s, Arsenic and Old Lace was finished.",0,Arsenic and Old Lace was completed in the 1930s.,2
The 1930s saw the completion of Arsenic and Old Lace.,0,Arsenic and Old Lace was completed in the 1930s.,3
Arsenic and Old Lace was finalized during the 1930s.,0,Arsenic and Old Lace was completed in the 1930s.,4
Bill Clinton served a term in office.,1,Bill Clinton served a term in office.,0
Bill Clinton held a position in office for a term.,1,Bill Clinton served a term in office.,1
A term in office was served by Bill Clinton.,1,Bill Clinton served a term in office.,2
Bill Clinton was in office for one term.,1,Bill Clinton served a term in office.,3
Serving a term in office was part of Bill Clinton's career.,1,Bill Clinton served a term in office.,4
James Garner did not play a leading role in The Great Escape.,0,James Garner did not play a leading role in The Great Escape.,0
James Garner was not cast in a prominent role in The Great Escape.,0,James Garner did not play a leading role in The Great Escape.,1
"In The Great Escape, James Garner did not have a leading part.",0,James Garner did not play a leading role in The Great Escape.,2
The Great Escape did not feature James Garner in a leading role.,0,James Garner did not play a leading role in The Great Escape.,3
A leading role in The Great Escape was not played by James Garner.,0,James Garner did not play a leading role in The Great Escape.,4
Jimmy Wales is an American Internet entrepreneur.,1,Jimmy Wales is an American Internet entrepreneur.,0
An Internet entrepreneur from America is Jimmy Wales.,1,Jimmy Wales is an American Internet entrepreneur.,1
Jimmy Wales is an entrepreneur in the Internet sector and is American.,1,Jimmy Wales is an American Internet entrepreneur.,2
"An American, Jimmy Wales is known as an Internet entrepreneur.",1,Jimmy Wales is an American Internet entrepreneur.,3
"Jimmy Wales, who is American, is recognized as an Internet entrepreneur.",1,Jimmy Wales is an American Internet entrepreneur.,4
Jack Nicholson has played someone.,1,Jack Nicholson has played someone.,0
Someone has been portrayed by Jack Nicholson.,1,Jack Nicholson has played someone.,1
Jack Nicholson has taken on the role of someone.,1,Jack Nicholson has played someone.,2
A role of someone has been played by Jack Nicholson.,1,Jack Nicholson has played someone.,3
Jack Nicholson has acted as someone.,1,Jack Nicholson has played someone.,4
"Rob Lowe was born on January 20, 1964.",0,"Rob Lowe was born on January 20, 1964.",0
"On January 20, 1964, Rob Lowe was born.",0,"Rob Lowe was born on January 20, 1964.",1
"Rob Lowe's birth date is January 20, 1964.",0,"Rob Lowe was born on January 20, 1964.",2
"The date of birth for Rob Lowe is January 20, 1964.",0,"Rob Lowe was born on January 20, 1964.",3
"January 20, 1964, marks the birth of Rob Lowe.",0,"Rob Lowe was born on January 20, 1964.",4
Sarrainodu is an action movie.,1,Sarrainodu is an action movie.,0
"""An action movie is Sarrainodu.""",1,Sarrainodu is an action movie.,1
"""Sarrainodu falls under the category of action movies.""",1,Sarrainodu is an action movie.,2
"""The film Sarrainodu is classified as an action movie.""",1,Sarrainodu is an action movie.,3
"""Sarrainodu can be described as an action movie.""",1,Sarrainodu is an action movie.,4
Star vs. the Forces of Evil is an American animated series produced by Disney Television Animation.,1,Star vs. the Forces of Evil is an American animated series produced by Disney Television Animation.,0
An American animated series produced by Disney Television Animation is Star vs. the Forces of Evil.,1,Star vs. the Forces of Evil is an American animated series produced by Disney Television Animation.,1
Star vs. the Forces of Evil is a series of American animation created by Disney Television Animation.,1,Star vs. the Forces of Evil is an American animated series produced by Disney Television Animation.,2
"Produced by Disney Television Animation, Star vs. the Forces of Evil is an animated series from America.",1,Star vs. the Forces of Evil is an American animated series produced by Disney Television Animation.,3
The animated series Star vs. the Forces of Evil comes from Disney Television Animation and is American.,1,Star vs. the Forces of Evil is an American animated series produced by Disney Television Animation.,4
Narendra Modi has not been held legally accountable.,1,Narendra Modi has not been held legally accountable.,0
"""Legal accountability has not been imposed on Narendra Modi.""",1,Narendra Modi has not been held legally accountable.,1
"""Narendra Modi has yet to face legal accountability.""",1,Narendra Modi has not been held legally accountable.,2
"""There has been no legal accountability for Narendra Modi.""",1,Narendra Modi has not been held legally accountable.,3
"""Narendra Modi has not faced any legal consequences.""",1,Narendra Modi has not been held legally accountable.,4
Catherine Zeta-Jones did not win a Tony Award.,0,Catherine Zeta-Jones did not win a Tony Award.,0
A Tony Award was not won by Catherine Zeta-Jones.,0,Catherine Zeta-Jones did not win a Tony Award.,1
Catherine Zeta-Jones has not received a Tony Award.,0,Catherine Zeta-Jones did not win a Tony Award.,2
It is true that Catherine Zeta-Jones did not win a Tony Award.,0,Catherine Zeta-Jones did not win a Tony Award.,3
Catherine Zeta-Jones has not claimed a Tony Award victory.,0,Catherine Zeta-Jones did not win a Tony Award.,4
The Constitution of Medina was written by Muhammad.,1,The Constitution of Medina was written by Muhammad.,0
"""Muhammad authored the Constitution of Medina.""",1,The Constitution of Medina was written by Muhammad.,1
"""The Constitution of Medina was composed by Muhammad.""",1,The Constitution of Medina was written by Muhammad.,2
"""It was Muhammad who wrote the Constitution of Medina.""",1,The Constitution of Medina was written by Muhammad.,3
"""Muhammad is the writer of the Constitution of Medina.""",1,The Constitution of Medina was written by Muhammad.,4
Sofia Coppola only works in television.,0,Sofia Coppola only works in television.,0
Sofia Coppola exclusively works in television.,0,Sofia Coppola only works in television.,1
The only medium Sofia Coppola works in is television.,0,Sofia Coppola only works in television.,2
Sofia Coppola's work is limited to television only.,0,Sofia Coppola only works in television.,3
Only television is the field in which Sofia Coppola works.,0,Sofia Coppola only works in television.,4
The New Adventures of Old Christine's main character is Elaine Bennes.,0,The New Adventures of Old Christine's main character is Elaine Bennes.,0
The primary character in The New Adventures of Old Christine is Elaine Bennes.,0,The New Adventures of Old Christine's main character is Elaine Bennes.,1
Elaine Bennes is the central character in The New Adventures of Old Christine.,0,The New Adventures of Old Christine's main character is Elaine Bennes.,2
"In The New Adventures of Old Christine, the main character is Elaine Bennes.",0,The New Adventures of Old Christine's main character is Elaine Bennes.,3
The character that stands out as the main one in The New Adventures of Old Christine is Elaine Bennes.,0,The New Adventures of Old Christine's main character is Elaine Bennes.,4
The Houston Rockets have won two Academy Awards for Best Costume Design.,0,The Houston Rockets have won two Academy Awards for Best Costume Design.,0
"""Two Academy Awards for Best Costume Design have been won by the Houston Rockets.""",0,The Houston Rockets have won two Academy Awards for Best Costume Design.,1
"""The Houston Rockets are the recipients of two Academy Awards for Best Costume Design.""",0,The Houston Rockets have won two Academy Awards for Best Costume Design.,2
"""For Best Costume Design, the Houston Rockets have received two Academy Awards.""",0,The Houston Rockets have won two Academy Awards for Best Costume Design.,3
"""The Houston Rockets have earned two Academy Awards in the category of Best Costume Design.""",0,The Houston Rockets have won two Academy Awards for Best Costume Design.,4
Rachel McAdams was in Perfect Cake.,0,Rachel McAdams was in Perfect Cake.,0
"""In Perfect Cake, Rachel McAdams had a role.""",0,Rachel McAdams was in Perfect Cake.,1
"""Rachel McAdams appeared in the film Perfect Cake.""",0,Rachel McAdams was in Perfect Cake.,2
"""The movie Perfect Cake features Rachel McAdams.""",0,Rachel McAdams was in Perfect Cake.,3
"""Rachel McAdams is part of the cast in Perfect Cake.""",0,Rachel McAdams was in Perfect Cake.,4
Carole King only writes novels.,0,Carole King only writes novels.,0
"""Only novels are written by Carole King.""",0,Carole King only writes novels.,1
"""Carole King writes solely novels.""",0,Carole King only writes novels.,2
"""The only thing Carole King writes is novels.""",0,Carole King only writes novels.,3
"""Carole King exclusively writes novels.""",0,Carole King only writes novels.,4
Frank Ocean was born Christopher Edwin Johnson.,0,Frank Ocean was born Christopher Edwin Johnson.,0
Christopher Edwin Johnson is the birth name of Frank Ocean.,0,Frank Ocean was born Christopher Edwin Johnson.,1
"The name Frank Ocean is derived from Christopher Edwin Johnson, his birth name.",0,Frank Ocean was born Christopher Edwin Johnson.,2
"Born as Christopher Edwin Johnson, Frank Ocean is known by that name.",0,Frank Ocean was born Christopher Edwin Johnson.,3
Frank Ocean's real name is Christopher Edwin Johnson.,0,Frank Ocean was born Christopher Edwin Johnson.,4
Katherine Heigl appeared in a science fiction television series.,1,Katherine Heigl appeared in a science fiction television series.,0
A science fiction television series featured Katherine Heigl.,1,Katherine Heigl appeared in a science fiction television series.,1
Katherine Heigl was part of a television series in the science fiction genre.,1,Katherine Heigl appeared in a science fiction television series.,2
"In a science fiction television series, Katherine Heigl made an appearance.",1,Katherine Heigl appeared in a science fiction television series.,3
Katherine Heigl took part in a television series that belongs to the science fiction category.,1,Katherine Heigl appeared in a science fiction television series.,4
Dangerous Beauty is a 1998 funk band.,0,Dangerous Beauty is a 1998 funk band.,0
A funk band called Dangerous Beauty was formed in 1998.,0,Dangerous Beauty is a 1998 funk band.,1
"In 1998, Dangerous Beauty emerged as a funk band.",0,Dangerous Beauty is a 1998 funk band.,2
"The year 1998 saw the establishment of Dangerous Beauty, a funk band.",0,Dangerous Beauty is a 1998 funk band.,3
"Dangerous Beauty, which is a funk band, originated in 1998.",0,Dangerous Beauty is a 1998 funk band.,4
Three Days of the Condor features a Swedish actor.,1,Three Days of the Condor features a Swedish actor.,0
A Swedish actor appears in Three Days of the Condor.,1,Three Days of the Condor features a Swedish actor.,1
"In Three Days of the Condor, there is a Swedish actor.",1,Three Days of the Condor features a Swedish actor.,2
Three Days of the Condor includes a Swedish actor.,1,Three Days of the Condor features a Swedish actor.,3
The film Three Days of the Condor showcases a Swedish actor.,1,Three Days of the Condor features a Swedish actor.,4
Pompeii did not have an amphitheater.,0,Pompeii did not have an amphitheater.,0
There was no amphitheater in Pompeii.,0,Pompeii did not have an amphitheater.,1
Pompeii lacked an amphitheater.,0,Pompeii did not have an amphitheater.,2
An amphitheater was not present in Pompeii.,0,Pompeii did not have an amphitheater.,3
Pompeii did not possess an amphitheater.,0,Pompeii did not have an amphitheater.,4
Calvin Harris has appeared on a music chart.,1,Calvin Harris has appeared on a music chart.,0
A music chart has featured Calvin Harris.,1,Calvin Harris has appeared on a music chart.,1
Calvin Harris has made an appearance on a music chart.,1,Calvin Harris has appeared on a music chart.,2
"On a music chart, Calvin Harris has been seen.",1,Calvin Harris has appeared on a music chart.,3
Calvin Harris has been listed on a music chart.,1,Calvin Harris has appeared on a music chart.,4
Grace VanderWaal won the NBC TV competition show America's Got Talent.,1,Grace VanderWaal won the NBC TV competition show America's Got Talent.,0
"""The NBC television competition show America's Got Talent was won by Grace VanderWaal.""",1,Grace VanderWaal won the NBC TV competition show America's Got Talent.,1
"""Grace VanderWaal was the winner of America's Got Talent, the NBC TV competition show.""",1,Grace VanderWaal won the NBC TV competition show America's Got Talent.,2
"""America's Got Talent, which airs on NBC, was won by Grace VanderWaal.""",1,Grace VanderWaal won the NBC TV competition show America's Got Talent.,3
"""In the NBC competition show America's Got Talent, Grace VanderWaal emerged as the winner.""",1,Grace VanderWaal won the NBC TV competition show America's Got Talent.,4
"Dangerously in Love sold 317,000 digital copies in its first week.",1,"Dangerously in Love sold 317,000 digital copies in its first week.",0
"In its opening week, Dangerously in Love achieved sales of 317,000 digital copies.",1,"Dangerously in Love sold 317,000 digital copies in its first week.",1
"The first week sales for Dangerously in Love reached 317,000 digital copies.",1,"Dangerously in Love sold 317,000 digital copies in its first week.",2
"Dangerously in Love moved 317,000 digital copies during its initial week of release.",1,"Dangerously in Love sold 317,000 digital copies in its first week.",3
"In the first week, Dangerously in Love sold a total of 317,000 digital copies.",1,"Dangerously in Love sold 317,000 digital copies in its first week.",4
The Offspring released Smash in 1992.,0,The Offspring released Smash in 1992.,0
"In 1992, Smash was released by The Offspring.",0,The Offspring released Smash in 1992.,1
The Offspring's album Smash came out in 1992.,0,The Offspring released Smash in 1992.,2
"Released in 1992, Smash is an album by The Offspring.",0,The Offspring released Smash in 1992.,3
The year 1992 saw the release of Smash by The Offspring.,0,The Offspring released Smash in 1992.,4
Michael Caine was not in any science fiction films.,0,Michael Caine was not in any science fiction films.,0
Michael Caine did not appear in any science fiction films.,0,Michael Caine was not in any science fiction films.,1
There are no science fiction films featuring Michael Caine.,0,Michael Caine was not in any science fiction films.,2
Michael Caine has not been part of any science fiction movies.,0,Michael Caine was not in any science fiction films.,3
No science fiction films include Michael Caine in their cast.,0,Michael Caine was not in any science fiction films.,4
Beyoncé Knowles is a Pisces.,0,Beyoncé Knowles is a Pisces.,0
Beyoncé Knowles belongs to the zodiac sign Pisces.,0,Beyoncé Knowles is a Pisces.,1
The astrological sign of Beyoncé Knowles is Pisces.,0,Beyoncé Knowles is a Pisces.,2
Pisces is the zodiac sign associated with Beyoncé Knowles.,0,Beyoncé Knowles is a Pisces.,3
Beyoncé Knowles is identified as a Pisces in the zodiac.,0,Beyoncé Knowles is a Pisces.,4
Louis Tomlinson was a founding member of a girl band.,0,Louis Tomlinson was a founding member of a girl band.,0
A girl band was co-founded by Louis Tomlinson.,0,Louis Tomlinson was a founding member of a girl band.,1
Louis Tomlinson played a role as a founding member of a girl band.,0,Louis Tomlinson was a founding member of a girl band.,2
"As a founding member, Louis Tomlinson was part of a girl band.",0,Louis Tomlinson was a founding member of a girl band.,3
Louis Tomlinson was one of the original members of a girl band.,0,Louis Tomlinson was a founding member of a girl band.,4
Nikolaj Coster-Waldau refused to ever work with the Fox Broadcasting Company.,0,Nikolaj Coster-Waldau refused to ever work with the Fox Broadcasting Company.,0
Nikolaj Coster-Waldau declined to collaborate with the Fox Broadcasting Company at any point.,0,Nikolaj Coster-Waldau refused to ever work with the Fox Broadcasting Company.,1
At no time did Nikolaj Coster-Waldau agree to work with the Fox Broadcasting Company.,0,Nikolaj Coster-Waldau refused to ever work with the Fox Broadcasting Company.,2
Nikolaj Coster-Waldau has consistently refused to engage in any work with the Fox Broadcasting Company.,0,Nikolaj Coster-Waldau refused to ever work with the Fox Broadcasting Company.,3
The Fox Broadcasting Company was never a company Nikolaj Coster-Waldau was willing to work with.,0,Nikolaj Coster-Waldau refused to ever work with the Fox Broadcasting Company.,4
"One album by The Who was ""My Generation"".",0,"One album by The Who was ""My Generation"".",0
"""One of the albums released by The Who is titled 'My Generation.'""",0,"One album by The Who was ""My Generation"".",1
"""'My Generation' is an album from The Who.""",0,"One album by The Who was ""My Generation"".",2
"""The Who has an album called 'My Generation.'""",0,"One album by The Who was ""My Generation"".",3
"""An album from The Who is known as 'My Generation.'""",0,"One album by The Who was ""My Generation"".",4
Canada is an island.,0,Canada is an island.,0
"""An island is what Canada is.""",0,Canada is an island.,1
"""Canada can be described as an island.""",0,Canada is an island.,2
"""Canada qualifies as an island.""",0,Canada is an island.,3
"""An island is how one could characterize Canada.""",0,Canada is an island.,4
Jane Lynch is a zoologist.,0,Jane Lynch is a zoologist.,0
Jane Lynch works as a zoologist.,0,Jane Lynch is a zoologist.,1
"A zoologist by profession, Jane Lynch specializes in animal science.",0,Jane Lynch is a zoologist.,2
Jane Lynch holds the title of zoologist.,0,Jane Lynch is a zoologist.,3
The profession of Jane Lynch is that of a zoologist.,0,Jane Lynch is a zoologist.,4
Live Your Life is a book.,0,Live Your Life is a book.,0
A book titled Live Your Life exists.,0,Live Your Life is a book.,1
Live Your Life is classified as a book.,0,Live Your Life is a book.,2
The title Live Your Life refers to a book.,0,Live Your Life is a book.,3
There is a book named Live Your Life.,0,Live Your Life is a book.,4
Pamela Anderson is a Playboy model.,1,Pamela Anderson is a Playboy model.,0
Pamela Anderson is known for being a model for Playboy.,1,Pamela Anderson is a Playboy model.,1
A Playboy model is Pamela Anderson.,1,Pamela Anderson is a Playboy model.,2
Pamela Anderson has worked as a model for Playboy.,1,Pamela Anderson is a Playboy model.,3
"As a model, Pamela Anderson is associated with Playboy.",1,Pamela Anderson is a Playboy model.,4
Doctor Who was written by the Ancient Greeks.,0,Doctor Who was written by the Ancient Greeks.,0
The Ancient Greeks were the writers of Doctor Who.,0,Doctor Who was written by the Ancient Greeks.,1
Doctor Who was created by the Ancient Greeks.,0,Doctor Who was written by the Ancient Greeks.,2
The Ancient Greeks authored Doctor Who.,0,Doctor Who was written by the Ancient Greeks.,3
It was the Ancient Greeks who wrote Doctor Who.,0,Doctor Who was written by the Ancient Greeks.,4
Andrew Wood died in 1977.,0,Andrew Wood died in 1977.,0
"In 1977, Andrew Wood passed away.",0,Andrew Wood died in 1977.,1
Andrew Wood passed on in the year 1977.,0,Andrew Wood died in 1977.,2
The year 1977 saw the death of Andrew Wood.,0,Andrew Wood died in 1977.,3
Andrew Wood's death occurred in 1977.,0,Andrew Wood died in 1977.,4
"Orson Welles did not work in theatre, radio, or film.",0,"Orson Welles did not work in theatre, radio, or film.",0
"Orson Welles was not involved in theatre, radio, or film.",0,"Orson Welles did not work in theatre, radio, or film.",1
"Theatre, radio, and film were not areas where Orson Welles worked.",0,"Orson Welles did not work in theatre, radio, or film.",2
"Orson Welles did not engage in any work related to theatre, radio, or film.",0,"Orson Welles did not work in theatre, radio, or film.",3
"There was no involvement of Orson Welles in theatre, radio, or film.",0,"Orson Welles did not work in theatre, radio, or film.",4
Game of Thrones (season 1) featured stage actor Iain Glen.,1,Game of Thrones (season 1) featured stage actor Iain Glen.,0
Stage actor Iain Glen was featured in Game of Thrones (season 1).,1,Game of Thrones (season 1) featured stage actor Iain Glen.,1
"In Game of Thrones (season 1), Iain Glen, a stage actor, made an appearance.",1,Game of Thrones (season 1) featured stage actor Iain Glen.,2
"Iain Glen, who is a stage actor, appeared in Game of Thrones (season 1).",1,Game of Thrones (season 1) featured stage actor Iain Glen.,3
Game of Thrones (season 1) included stage actor Iain Glen in its cast.,1,Game of Thrones (season 1) featured stage actor Iain Glen.,4
Matt Kuchar is a professional golf player.,1,Matt Kuchar is a professional golf player.,0
Matt Kuchar is an athlete who plays professional golf.,1,Matt Kuchar is a professional golf player.,1
A professional golf player is Matt Kuchar.,1,Matt Kuchar is a professional golf player.,2
Matt Kuchar works as a professional golfer.,1,Matt Kuchar is a professional golf player.,3
The golfer Matt Kuchar is a professional in the sport.,1,Matt Kuchar is a professional golf player.,4
Cleopatra's legacy is dead.,0,Cleopatra's legacy is dead.,0
The legacy of Cleopatra is no longer alive.,0,Cleopatra's legacy is dead.,1
Cleopatra's legacy has perished.,0,Cleopatra's legacy is dead.,2
The legacy associated with Cleopatra is deceased.,0,Cleopatra's legacy is dead.,3
Cleopatra's legacy is no longer in existence.,0,Cleopatra's legacy is dead.,4
Trent Reznor did not found Nine Inch Nails.,0,Trent Reznor did not found Nine Inch Nails.,0
Nine Inch Nails was not founded by Trent Reznor.,0,Trent Reznor did not found Nine Inch Nails.,1
It was not Trent Reznor who established Nine Inch Nails.,0,Trent Reznor did not found Nine Inch Nails.,2
Trent Reznor is not the founder of Nine Inch Nails.,0,Trent Reznor did not found Nine Inch Nails.,3
The founding of Nine Inch Nails did not involve Trent Reznor.,0,Trent Reznor did not found Nine Inch Nails.,4
New Girl is a book.,0,New Girl is a book.,0
"""A book is what New Girl is.""",0,New Girl is a book.,1
"""New Girl refers to a book.""",0,New Girl is a book.,2
"""The title New Girl is a book.""",0,New Girl is a book.,3
"""New Girl can be classified as a book.""",0,New Girl is a book.,4
Prisoner is Canadian.,0,Prisoner is Canadian.,0
The individual known as Prisoner is from Canada.,0,Prisoner is Canadian.,1
The person referred to as Prisoner hails from Canada.,0,Prisoner is Canadian.,2
Prisoner originates from Canada.,0,Prisoner is Canadian.,3
The Canadian nationality belongs to Prisoner.,0,Prisoner is Canadian.,4
Role-playing games should be conducted in silence.,0,Role-playing games should be conducted in silence.,0
"""Role-playing games ought to be played quietly.""",0,Role-playing games should be conducted in silence.,1
"""Silence is necessary for the conduct of role-playing games.""",0,Role-playing games should be conducted in silence.,2
"""Role-playing games must take place without noise.""",0,Role-playing games should be conducted in silence.,3
"""It is essential that role-playing games are carried out in silence.""",0,Role-playing games should be conducted in silence.,4
Maria I of Portugal did not exist to witness the 5 October 1910 Revolution.,1,Maria I of Portugal did not exist to witness the 5 October 1910 Revolution.,0
"""Maria I of Portugal was not alive to see the 5 October 1910 Revolution.""",1,Maria I of Portugal did not exist to witness the 5 October 1910 Revolution.,1
"""The 5 October 1910 Revolution was not witnessed by Maria I of Portugal.""",1,Maria I of Portugal did not exist to witness the 5 October 1910 Revolution.,2
"""Maria I of Portugal did not live to experience the 5 October 1910 Revolution.""",1,Maria I of Portugal did not exist to witness the 5 October 1910 Revolution.,3
"""The 5 October 1910 Revolution occurred without Maria I of Portugal being present.""",1,Maria I of Portugal did not exist to witness the 5 October 1910 Revolution.,4
Juana la virgen is a telenovela written by George R. R. Martin.,0,Juana la virgen is a telenovela written by George R. R. Martin.,0
"""The telenovela known as Juana la virgen was authored by George R. R. Martin.""",0,Juana la virgen is a telenovela written by George R. R. Martin.,1
"""Written by George R. R. Martin, Juana la virgen is a telenovela.""",0,Juana la virgen is a telenovela written by George R. R. Martin.,2
"""George R. R. Martin is the writer of the telenovela Juana la virgen.""",0,Juana la virgen is a telenovela written by George R. R. Martin.,3
"""Juana la virgen is a telenovela that was penned by George R. R. Martin.""",0,Juana la virgen is a telenovela written by George R. R. Martin.,4
"Kathy Bates was born on June 28, 1948.",1,"Kathy Bates was born on June 28, 1948.",0
"On June 28, 1948, Kathy Bates was born.",1,"Kathy Bates was born on June 28, 1948.",1
"Kathy Bates's birth date is June 28, 1948.",1,"Kathy Bates was born on June 28, 1948.",2
"The date of birth for Kathy Bates is June 28, 1948.",1,"Kathy Bates was born on June 28, 1948.",3
"June 28, 1948, marks the birth of Kathy Bates.",1,"Kathy Bates was born on June 28, 1948.",4
IBM hates the hard disk drive.,0,IBM hates the hard disk drive.,0
"""The hard disk drive is disliked by IBM.""",0,IBM hates the hard disk drive.,1
"""IBM has a strong aversion to the hard disk drive.""",0,IBM hates the hard disk drive.,2
"""The hard disk drive is something that IBM despises.""",0,IBM hates the hard disk drive.,3
"""IBM has negative feelings towards the hard disk drive.""",0,IBM hates the hard disk drive.,4
Henry VIII of England had a war with Naguib Mahfouz.,0,Henry VIII of England had a war with Naguib Mahfouz.,0
"""A conflict took place between Naguib Mahfouz and Henry VIII of England.""",0,Henry VIII of England had a war with Naguib Mahfouz.,1
"""Henry VIII of England was involved in a war against Naguib Mahfouz.""",0,Henry VIII of England had a war with Naguib Mahfouz.,2
"""Naguib Mahfouz and Henry VIII of England engaged in a war.""",0,Henry VIII of England had a war with Naguib Mahfouz.,3
"""There was a war between Naguib Mahfouz and Henry VIII of England.""",0,Henry VIII of England had a war with Naguib Mahfouz.,4
Donnie Wahlberg is an American actor.,1,Donnie Wahlberg is an American actor.,0
An American actor is Donnie Wahlberg.,1,Donnie Wahlberg is an American actor.,1
Donnie Wahlberg is known as an actor from America.,1,Donnie Wahlberg is an American actor.,2
An actor from the United States is Donnie Wahlberg.,1,Donnie Wahlberg is an American actor.,3
Donnie Wahlberg works as an actor in America.,1,Donnie Wahlberg is an American actor.,4
Maynard James Keenan is not a partner in Cobras & Matadors.,0,Maynard James Keenan is not a partner in Cobras & Matadors.,0
"""Cobras & Matadors does not have Maynard James Keenan as a partner.""",0,Maynard James Keenan is not a partner in Cobras & Matadors.,1
"""Maynard James Keenan is not involved as a partner in Cobras & Matadors.""",0,Maynard James Keenan is not a partner in Cobras & Matadors.,2
"""There is no partnership between Maynard James Keenan and Cobras & Matadors.""",0,Maynard James Keenan is not a partner in Cobras & Matadors.,3
"""Maynard James Keenan does not hold a partnership in Cobras & Matadors.""",0,Maynard James Keenan is not a partner in Cobras & Matadors.,4
Deadpool is not part of a film series.,1,Deadpool is not part of a film series.,0
"""Deadpool does not belong to any film series.""",1,Deadpool is not part of a film series.,1
"""There is no film series that includes Deadpool.""",1,Deadpool is not part of a film series.,2
"""Deadpool is excluded from any film series.""",1,Deadpool is not part of a film series.,3
"""A film series does not feature Deadpool.""",1,Deadpool is not part of a film series.,4
Roald Dahl's parents are full Chinese.,0,Roald Dahl's parents are full Chinese.,0
Both of Roald Dahl's parents are entirely Chinese.,0,Roald Dahl's parents are full Chinese.,1
Roald Dahl's mother and father are both of full Chinese descent.,0,Roald Dahl's parents are full Chinese.,2
The parents of Roald Dahl are completely Chinese.,0,Roald Dahl's parents are full Chinese.,3
Roald Dahl has parents who are both entirely Chinese.,0,Roald Dahl's parents are full Chinese.,4
Michael Caine starred in a movie.,1,Michael Caine starred in a movie.,0
"""A movie featured Michael Caine as the star.""",1,Michael Caine starred in a movie.,1
"""Michael Caine was the lead actor in a film.""",1,Michael Caine starred in a movie.,2
"""In a film, Michael Caine played a starring role.""",1,Michael Caine starred in a movie.,3
"""Michael Caine appeared as the main character in a movie.""",1,Michael Caine starred in a movie.,4
The Eagles did not put out the album One of These Nights.,0,The Eagles did not put out the album One of These Nights.,0
The album One of These Nights was not released by the Eagles.,0,The Eagles did not put out the album One of These Nights.,1
One of These Nights was not produced by the Eagles.,0,The Eagles did not put out the album One of These Nights.,2
The Eagles did not release the album titled One of These Nights.,0,The Eagles did not put out the album One of These Nights.,3
The Eagles have not put out the album One of These Nights.,0,The Eagles did not put out the album One of These Nights.,4
There is a film called The Breakfast Club.,1,There is a film called The Breakfast Club.,0
A movie titled The Breakfast Club exists.,1,There is a film called The Breakfast Club.,1
The Breakfast Club is the name of a film.,1,There is a film called The Breakfast Club.,2
There exists a film by the name of The Breakfast Club.,1,There is a film called The Breakfast Club.,3
The film known as The Breakfast Club is real.,1,There is a film called The Breakfast Club.,4
Ramadan is observed by Muslims by fasting.,1,Ramadan is observed by Muslims by fasting.,0
Muslims observe Ramadan through fasting.,1,Ramadan is observed by Muslims by fasting.,1
Fasting is how Muslims observe Ramadan.,1,Ramadan is observed by Muslims by fasting.,2
"During Ramadan, Muslims practice fasting.",1,Ramadan is observed by Muslims by fasting.,3
The observance of Ramadan by Muslims involves fasting.,1,Ramadan is observed by Muslims by fasting.,4
Usain Bolt was in the 2008 Olympics.,1,Usain Bolt was in the 2008 Olympics.,0
Usain Bolt participated in the 2008 Olympics.,1,Usain Bolt was in the 2008 Olympics.,1
"In the 2008 Olympics, Usain Bolt was present.",1,Usain Bolt was in the 2008 Olympics.,2
The 2008 Olympics featured Usain Bolt.,1,Usain Bolt was in the 2008 Olympics.,3
Usain Bolt took part in the 2008 Olympics.,1,Usain Bolt was in the 2008 Olympics.,4
Arcade Fire toured with Sarah Neufeld.,1,Arcade Fire toured with Sarah Neufeld.,0
"""Sarah Neufeld toured alongside Arcade Fire.""",1,Arcade Fire toured with Sarah Neufeld.,1
"""During their tour, Arcade Fire was accompanied by Sarah Neufeld.""",1,Arcade Fire toured with Sarah Neufeld.,2
"""Sarah Neufeld was part of the tour with Arcade Fire.""",1,Arcade Fire toured with Sarah Neufeld.,3
"""Arcade Fire and Sarah Neufeld went on tour together.""",1,Arcade Fire toured with Sarah Neufeld.,4
Iraq has 12 different ethnic groups.,0,Iraq has 12 different ethnic groups.,0
There are 12 distinct ethnic groups in Iraq.,0,Iraq has 12 different ethnic groups.,1
Iraq is home to 12 various ethnic groups.,0,Iraq has 12 different ethnic groups.,2
A total of 12 ethnic groups exist in Iraq.,0,Iraq has 12 different ethnic groups.,3
"In Iraq, there are 12 different ethnic groups.",0,Iraq has 12 different ethnic groups.,4
Carl Sander served as the 74th Governor of Maine.,0,Carl Sander served as the 74th Governor of Maine.,0
Carl Sander was the 74th Governor of Maine.,0,Carl Sander served as the 74th Governor of Maine.,1
Serving as the 74th Governor of Maine was Carl Sander.,0,Carl Sander served as the 74th Governor of Maine.,2
The 74th Governor of Maine was Carl Sander.,0,Carl Sander served as the 74th Governor of Maine.,3
Carl Sander held the position of the 74th Governor of Maine.,0,Carl Sander served as the 74th Governor of Maine.,4
"The September 11 attacks happened in New York, New York.",0,"The September 11 attacks happened in New York, New York.",0
"""The attacks on September 11 occurred in New York, New York.""",0,"The September 11 attacks happened in New York, New York.",1
"""In New York, New York, the September 11 attacks took place.""",0,"The September 11 attacks happened in New York, New York.",2
"""New York, New York was the location of the September 11 attacks.""",0,"The September 11 attacks happened in New York, New York.",3
"""The September 11 attacks were carried out in New York, New York.""",0,"The September 11 attacks happened in New York, New York.",4
Glenn Close won a Tony Award.,1,Glenn Close won a Tony Award.,0
A Tony Award was won by Glenn Close.,1,Glenn Close won a Tony Award.,1
Glenn Close is the recipient of a Tony Award.,1,Glenn Close won a Tony Award.,2
A Tony Award has been awarded to Glenn Close.,1,Glenn Close won a Tony Award.,3
Glenn Close received a Tony Award.,1,Glenn Close won a Tony Award.,4
George H. W. Bush served as the 39th president of the United States.,0,George H. W. Bush served as the 39th president of the United States.,0
The 39th president of the United States was George H. W. Bush.,0,George H. W. Bush served as the 39th president of the United States.,1
George H. W. Bush held the position of the 39th president of the United States.,0,George H. W. Bush served as the 39th president of the United States.,2
"As the 39th president of the United States, George H. W. Bush served in that role.",0,George H. W. Bush served as the 39th president of the United States.,3
"Serving as the 39th president of the United States, George H. W. Bush took on that office.",0,George H. W. Bush served as the 39th president of the United States.,4
Billy Clanton was unrelated to Newman Clanton.,0,Billy Clanton was unrelated to Newman Clanton.,0
Billy Clanton had no familial connection to Newman Clanton.,0,Billy Clanton was unrelated to Newman Clanton.,1
There was no relationship between Billy Clanton and Newman Clanton.,0,Billy Clanton was unrelated to Newman Clanton.,2
Billy Clanton and Newman Clanton were not related to each other.,0,Billy Clanton was unrelated to Newman Clanton.,3
Newman Clanton was not a relative of Billy Clanton.,0,Billy Clanton was unrelated to Newman Clanton.,4
Alphabet only works in marketing.,0,Alphabet only works in marketing.,0
"""In marketing, Alphabet is the only area where it operates.""",0,Alphabet only works in marketing.,1
"""Alphabet operates solely within the realm of marketing.""",0,Alphabet only works in marketing.,2
"""The only function of Alphabet is in marketing.""",0,Alphabet only works in marketing.,3
"""Alphabet functions exclusively in the marketing sector.""",0,Alphabet only works in marketing.,4
La La Anthony has a middle name.,1,La La Anthony has a middle name.,0
La La Anthony possesses a middle name.,1,La La Anthony has a middle name.,1
A middle name is held by La La Anthony.,1,La La Anthony has a middle name.,2
La La Anthony is known to have a middle name.,1,La La Anthony has a middle name.,3
There is a middle name associated with La La Anthony.,1,La La Anthony has a middle name.,4
Paris Hilton's debut single was a number 15 hit in Scotland.,0,Paris Hilton's debut single was a number 15 hit in Scotland.,0
The first single by Paris Hilton reached number 15 on the charts in Scotland.,0,Paris Hilton's debut single was a number 15 hit in Scotland.,1
"In Scotland, Paris Hilton's initial single achieved a ranking of number 15.",0,Paris Hilton's debut single was a number 15 hit in Scotland.,2
Paris Hilton's first single was ranked number 15 in Scotland.,0,Paris Hilton's debut single was a number 15 hit in Scotland.,3
"The debut track of Paris Hilton was a hit, landing at number 15 in Scotland.",0,Paris Hilton's debut single was a number 15 hit in Scotland.,4
Malaysia consists of thirteen states.,1,Malaysia consists of thirteen states.,0
Thirteen states make up Malaysia.,1,Malaysia consists of thirteen states.,1
The country of Malaysia is made up of thirteen states.,1,Malaysia consists of thirteen states.,2
Malaysia is comprised of a total of thirteen states.,1,Malaysia consists of thirteen states.,3
There are thirteen states within Malaysia.,1,Malaysia consists of thirteen states.,4
Jamie Foxx was incapable of portraying Ray Charles in Ray.,0,Jamie Foxx was incapable of portraying Ray Charles in Ray.,0
Jamie Foxx was unable to portray Ray Charles in Ray.,0,Jamie Foxx was incapable of portraying Ray Charles in Ray.,1
"In Ray, Jamie Foxx could not effectively portray Ray Charles.",0,Jamie Foxx was incapable of portraying Ray Charles in Ray.,2
Portraying Ray Charles in Ray was beyond Jamie Foxx's capabilities.,0,Jamie Foxx was incapable of portraying Ray Charles in Ray.,3
Jamie Foxx lacked the ability to portray Ray Charles in Ray.,0,Jamie Foxx was incapable of portraying Ray Charles in Ray.,4
Josh Homme is a singer.,1,Josh Homme is a singer.,0
Josh Homme is known as a singer.,1,Josh Homme is a singer.,1
A singer is what Josh Homme is.,1,Josh Homme is a singer.,2
The title of singer belongs to Josh Homme.,1,Josh Homme is a singer.,3
Josh Homme works as a singer.,1,Josh Homme is a singer.,4
Impeachment is only a formal phrasing of charges.,1,Impeachment is only a formal phrasing of charges.,0
"""Impeachment is merely a formal way of stating charges.""",1,Impeachment is only a formal phrasing of charges.,1
"""The term impeachment serves only as a formal expression of charges.""",1,Impeachment is only a formal phrasing of charges.,2
"""A formal phrasing of charges is all that impeachment represents.""",1,Impeachment is only a formal phrasing of charges.,3
"""Impeachment represents nothing more than a formal articulation of charges.""",1,Impeachment is only a formal phrasing of charges.,4
"Anaheim, California is a city with smallest population  among other cities in Orange County.",0,"Anaheim, California is a city with smallest population  among other cities in Orange County.",0
"Among the cities in Orange County, Anaheim, California has the smallest population.",0,"Anaheim, California is a city with smallest population  among other cities in Orange County.",1
"In Orange County, the city with the least population is Anaheim, California.",0,"Anaheim, California is a city with smallest population  among other cities in Orange County.",2
California's Anaheim is the city with the smallest population when compared to other cities in Orange County.,0,"Anaheim, California is a city with smallest population  among other cities in Orange County.",3
The city of Anaheim in California has the lowest population of all the cities in Orange County.,0,"Anaheim, California is a city with smallest population  among other cities in Orange County.",4
Kris Wu was crafted in 1990.,0,Kris Wu was crafted in 1990.,0
Kris Wu was born in 1990.,0,Kris Wu was crafted in 1990.,1
"In 1990, Kris Wu was created.",0,Kris Wu was crafted in 1990.,2
The year 1990 marks the creation of Kris Wu.,0,Kris Wu was crafted in 1990.,3
"Crafted in 1990, Kris Wu came into existence.",0,Kris Wu was crafted in 1990.,4
"The Walt Disney Company is headquartered in Burbank, California.",1,"The Walt Disney Company is headquartered in Burbank, California.",0
"Burbank, California, is the location of The Walt Disney Company's headquarters.",1,"The Walt Disney Company is headquartered in Burbank, California.",1
"The headquarters of The Walt Disney Company is in Burbank, California.",1,"The Walt Disney Company is headquartered in Burbank, California.",2
"Located in Burbank, California, is the headquarters of The Walt Disney Company.",1,"The Walt Disney Company is headquartered in Burbank, California.",3
"The Walt Disney Company has its headquarters situated in Burbank, California.",1,"The Walt Disney Company is headquartered in Burbank, California.",4
Ludacris has not won an MTV award.,0,Ludacris has not won an MTV award.,0
Ludacris has never received an MTV award.,0,Ludacris has not won an MTV award.,1
An MTV award has not been awarded to Ludacris.,0,Ludacris has not won an MTV award.,2
Ludacris does not have any MTV awards to his name.,0,Ludacris has not won an MTV award.,3
There is no MTV award that Ludacris has won.,0,Ludacris has not won an MTV award.,4
Batman's first appearance was in a 1939 comic.,1,Batman's first appearance was in a 1939 comic.,0
"In a comic from 1939, Batman made his initial appearance.",1,Batman's first appearance was in a 1939 comic.,1
Batman's debut took place in a comic published in 1939.,1,Batman's first appearance was in a 1939 comic.,2
The year 1939 marked Batman's first appearance in a comic.,1,Batman's first appearance was in a 1939 comic.,3
A comic released in 1939 featured Batman's first appearance.,1,Batman's first appearance was in a 1939 comic.,4
Jon Snow is a major fictional person in the book A Dance with Dragons.,1,Jon Snow is a major fictional person in the book A Dance with Dragons.,0
"""In the book A Dance with Dragons, Jon Snow is a significant fictional character.""",1,Jon Snow is a major fictional person in the book A Dance with Dragons.,1
"""A Dance with Dragons features Jon Snow as a prominent fictional figure.""",1,Jon Snow is a major fictional person in the book A Dance with Dragons.,2
"""Jon Snow serves as a key fictional individual in the novel A Dance with Dragons.""",1,Jon Snow is a major fictional person in the book A Dance with Dragons.,3
"""Within the pages of A Dance with Dragons, Jon Snow stands out as a major fictional person.""",1,Jon Snow is a major fictional person in the book A Dance with Dragons.,4
The September 11 attacks took place in the United States.,1,The September 11 attacks took place in the United States.,0
The attacks on September 11 occurred in the United States.,1,The September 11 attacks took place in the United States.,1
"In the United States, the September 11 attacks happened.",1,The September 11 attacks took place in the United States.,2
The United States was the location of the September 11 attacks.,1,The September 11 attacks took place in the United States.,3
"On September 11, the attacks took place in the United States.",1,The September 11 attacks took place in the United States.,4
The United States has the longest border in the world with Canada.,1,The United States has the longest border in the world with Canada.,0
The border between the United States and Canada is the longest in the world.,1,The United States has the longest border in the world with Canada.,1
Canada shares the world's longest border with the United States.,1,The United States has the longest border in the world with Canada.,2
"In the world, the longest border is between the United States and Canada.",1,The United States has the longest border in the world with Canada.,3
The United States possesses the longest border in the world with Canada.,1,The United States has the longest border in the world with Canada.,4
Kristen Bell is in comedy films.,1,Kristen Bell is in comedy films.,0
Kristen Bell appears in films that are comedies.,1,Kristen Bell is in comedy films.,1
"In comedy films, Kristen Bell is featured.",1,Kristen Bell is in comedy films.,2
Kristen Bell acts in movies that belong to the comedy genre.,1,Kristen Bell is in comedy films.,3
Comedy films include Kristen Bell as an actress.,1,Kristen Bell is in comedy films.,4
Gary Ridgway worked for Kenworth at a truck factory.,1,Gary Ridgway worked for Kenworth at a truck factory.,0
Gary Ridgway was employed at a truck factory belonging to Kenworth.,1,Gary Ridgway worked for Kenworth at a truck factory.,1
"At a truck factory, Gary Ridgway was an employee of Kenworth.",1,Gary Ridgway worked for Kenworth at a truck factory.,2
Kenworth had Gary Ridgway working at its truck factory.,1,Gary Ridgway worked for Kenworth at a truck factory.,3
"In a truck factory, Gary Ridgway worked for Kenworth.",1,Gary Ridgway worked for Kenworth at a truck factory.,4
Venus has an atmosphere consisting of carbon dioxide.,1,Venus has an atmosphere consisting of carbon dioxide.,0
The atmosphere of Venus is made up of carbon dioxide.,1,Venus has an atmosphere consisting of carbon dioxide.,1
Carbon dioxide is what makes up the atmosphere of Venus.,1,Venus has an atmosphere consisting of carbon dioxide.,2
Venus's atmosphere consists of carbon dioxide.,1,Venus has an atmosphere consisting of carbon dioxide.,3
An atmosphere composed of carbon dioxide surrounds Venus.,1,Venus has an atmosphere consisting of carbon dioxide.,4
In & Out is an Indian film.,0,In & Out is an Indian film.,0
"""An Indian film is In & Out.""",0,In & Out is an Indian film.,1
"""In & Out is categorized as an Indian film.""",0,In & Out is an Indian film.,2
"""The film In & Out is from India.""",0,In & Out is an Indian film.,3
"""In & Out belongs to the Indian film industry.""",0,In & Out is an Indian film.,4
Roman Reigns is a 2015 Royal Rumble winner.,1,Roman Reigns is a 2015 Royal Rumble winner.,0
"""In 2015, Roman Reigns won the Royal Rumble.""",1,Roman Reigns is a 2015 Royal Rumble winner.,1
"""The Royal Rumble winner of 2015 was Roman Reigns.""",1,Roman Reigns is a 2015 Royal Rumble winner.,2
"""Roman Reigns emerged victorious in the Royal Rumble of 2015.""",1,Roman Reigns is a 2015 Royal Rumble winner.,3
"""In the year 2015, the Royal Rumble was won by Roman Reigns.""",1,Roman Reigns is a 2015 Royal Rumble winner.,4
There are Disney characters in Kingdom Hearts.,1,There are Disney characters in Kingdom Hearts.,0
Kingdom Hearts features Disney characters.,1,There are Disney characters in Kingdom Hearts.,1
"In Kingdom Hearts, there are characters from Disney.",1,There are Disney characters in Kingdom Hearts.,2
Disney characters appear in Kingdom Hearts.,1,There are Disney characters in Kingdom Hearts.,3
Characters from Disney are present in Kingdom Hearts.,1,There are Disney characters in Kingdom Hearts.,4
Conor McGregor is an Irish professional mixed martial artist.,1,Conor McGregor is an Irish professional mixed martial artist.,0
"An Irish professional mixed martial artist, Conor McGregor is known for his fighting career.",1,Conor McGregor is an Irish professional mixed martial artist.,1
"Conor McGregor, a professional mixed martial artist, hails from Ireland.",1,Conor McGregor is an Irish professional mixed martial artist.,2
The Irish professional mixed martial artist is Conor McGregor.,1,Conor McGregor is an Irish professional mixed martial artist.,3
Conor McGregor is recognized as a professional mixed martial artist from Ireland.,1,Conor McGregor is an Irish professional mixed martial artist.,4
Lewis Hamilton is a race car driver.,1,Lewis Hamilton is a race car driver.,0
Lewis Hamilton is known as a driver in the world of race cars.,1,Lewis Hamilton is a race car driver.,1
A race car driver is Lewis Hamilton.,1,Lewis Hamilton is a race car driver.,2
Lewis Hamilton competes as a driver in racing events.,1,Lewis Hamilton is a race car driver.,3
"In the realm of race car driving, Lewis Hamilton holds the title of driver.",1,Lewis Hamilton is a race car driver.,4
We Found Love is a song.,1,We Found Love is a song.,0
"The song is titled ""We Found Love.""",1,We Found Love is a song.,1
"""We Found Love"" qualifies as a song.",1,We Found Love is a song.,2
"A song exists called ""We Found Love.""",1,We Found Love is a song.,3
"There is a song named ""We Found Love.""",1,We Found Love is a song.,4
A Boeing B-29 Superfortress dropped Little Boy.,1,A Boeing B-29 Superfortress dropped Little Boy.,0
"""Little Boy was dropped by a Boeing B-29 Superfortress.""",1,A Boeing B-29 Superfortress dropped Little Boy.,1
"""The Boeing B-29 Superfortress released Little Boy.""",1,A Boeing B-29 Superfortress dropped Little Boy.,2
"""A Boeing B-29 Superfortress let go of Little Boy.""",1,A Boeing B-29 Superfortress dropped Little Boy.,3
"""Little Boy was released by a Boeing B-29 Superfortress.""",1,A Boeing B-29 Superfortress dropped Little Boy.,4
Snowpiercer is a film that is on many critic's top ten cinematic film list.,1,Snowpiercer is a film that is on many critic's top ten cinematic film list.,0
"""Many critics include Snowpiercer in their top ten lists of cinematic films.""",1,Snowpiercer is a film that is on many critic's top ten cinematic film list.,1
"""On numerous critic's lists of the best ten films, Snowpiercer is featured.""",1,Snowpiercer is a film that is on many critic's top ten cinematic film list.,2
"""Snowpiercer appears on the top ten film lists of many critics.""",1,Snowpiercer is a film that is on many critic's top ten cinematic film list.,3
"""A number of critics have ranked Snowpiercer among their top ten cinematic films.""",1,Snowpiercer is a film that is on many critic's top ten cinematic film list.,4
Oz the Great and Powerful was released without the Disney Digital 3-D format.,0,Oz the Great and Powerful was released without the Disney Digital 3-D format.,0
"""The release of Oz the Great and Powerful did not include the Disney Digital 3-D format.""",0,Oz the Great and Powerful was released without the Disney Digital 3-D format.,1
"""Oz the Great and Powerful came out without featuring the Disney Digital 3-D format.""",0,Oz the Great and Powerful was released without the Disney Digital 3-D format.,2
"""Without the Disney Digital 3-D format, Oz the Great and Powerful was released.""",0,Oz the Great and Powerful was released without the Disney Digital 3-D format.,3
"""Oz the Great and Powerful was launched without the inclusion of the Disney Digital 3-D format.""",0,Oz the Great and Powerful was released without the Disney Digital 3-D format.,4
Lions are not social compared to other cats.,0,Lions are not social compared to other cats.,0
"Compared to other cats, lions are not social.",0,Lions are not social compared to other cats.,1
"When compared with other cats, lions are less social.",0,Lions are not social compared to other cats.,2
Lions exhibit less social behavior in comparison to other cats.,0,Lions are not social compared to other cats.,3
"In relation to other cats, lions are not as social.",0,Lions are not social compared to other cats.,4
Paul Pierce did not play for the Washington Wizards.,1,Paul Pierce did not play for the Washington Wizards.,0
Paul Pierce never played for the Washington Wizards.,1,Paul Pierce did not play for the Washington Wizards.,1
The Washington Wizards did not have Paul Pierce on their roster.,1,Paul Pierce did not play for the Washington Wizards.,2
Paul Pierce was not a player for the Washington Wizards.,1,Paul Pierce did not play for the Washington Wizards.,3
The Washington Wizards did not include Paul Pierce in their lineup.,1,Paul Pierce did not play for the Washington Wizards.,4
Macbeth is a TV series.,0,Macbeth is a TV series.,0
"""The TV series is Macbeth.""",0,Macbeth is a TV series.,1
"""Macbeth is categorized as a television series.""",0,Macbeth is a TV series.,2
"""A television series exists titled Macbeth.""",0,Macbeth is a TV series.,3
"""Macbeth qualifies as a TV show.""",0,Macbeth is a TV series.,4
Michael Jackson's death was ruled on.,1,Michael Jackson's death was ruled on.,0
The ruling on Michael Jackson's death has been made.,1,Michael Jackson's death was ruled on.,1
A determination regarding Michael Jackson's death was concluded.,1,Michael Jackson's death was ruled on.,2
The verdict concerning Michael Jackson's death was issued.,1,Michael Jackson's death was ruled on.,3
Michael Jackson's death has been officially ruled upon.,1,Michael Jackson's death was ruled on.,4
Keanu Reeves is a musician.,1,Keanu Reeves is a musician.,0
"""A musician is Keanu Reeves.""",1,Keanu Reeves is a musician.,1
"""Keanu Reeves works as a musician.""",1,Keanu Reeves is a musician.,2
"""As a musician, Keanu Reeves is known.""",1,Keanu Reeves is a musician.,3
"""Keanu Reeves identifies as a musician.""",1,Keanu Reeves is a musician.,4
John F. Kennedy graduated from Harvard University.,1,John F. Kennedy graduated from Harvard University.,0
"""Harvard University is where John F. Kennedy completed his graduation.""",1,John F. Kennedy graduated from Harvard University.,1
"""John F. Kennedy is a graduate of Harvard University.""",1,John F. Kennedy graduated from Harvard University.,2
"""Graduating from Harvard University, John F. Kennedy earned his degree.""",1,John F. Kennedy graduated from Harvard University.,3
"""It was at Harvard University that John F. Kennedy graduated.""",1,John F. Kennedy graduated from Harvard University.,4
Britney Spears titled her fourth studio album Britney.,0,Britney Spears titled her fourth studio album Britney.,0
Britney Spears named her fourth studio album Britney.,0,Britney Spears titled her fourth studio album Britney.,1
The title of Britney Spears' fourth studio album is Britney.,0,Britney Spears titled her fourth studio album Britney.,2
Britney is the name of Britney Spears' fourth studio album.,0,Britney Spears titled her fourth studio album Britney.,3
Britney Spears' fourth studio album goes by the title Britney.,0,Britney Spears titled her fourth studio album Britney.,4
Bali is located between Java to the west and Lombok to the cap.,0,Bali is located between Java to the west and Lombok to the cap.,0
Bali is situated between Java on the west side and Lombok to the north.,0,Bali is located between Java to the west and Lombok to the cap.,1
"Located between Java to the west and Lombok to the top, Bali can be found.",0,Bali is located between Java to the west and Lombok to the cap.,2
Bali can be found nestled between Java to the west and Lombok to the cap.,0,Bali is located between Java to the west and Lombok to the cap.,3
Between Java on the west and Lombok at the top lies the island of Bali.,0,Bali is located between Java to the west and Lombok to the cap.,4
Hisense only used the brand name of a former Chinese firm.,0,Hisense only used the brand name of a former Chinese firm.,0
The brand name of a previous Chinese company was the only one utilized by Hisense.,0,Hisense only used the brand name of a former Chinese firm.,1
Hisense exclusively employed the brand name from an earlier Chinese firm.,0,Hisense only used the brand name of a former Chinese firm.,2
Only the brand name of a past Chinese company was used by Hisense.,0,Hisense only used the brand name of a former Chinese firm.,3
Hisense made use solely of the brand name belonging to a former Chinese firm.,0,Hisense only used the brand name of a former Chinese firm.,4
Prometheus is a motion picture.,1,Prometheus is a motion picture.,0
"""A motion picture is Prometheus.""",1,Prometheus is a motion picture.,1
"""Prometheus can be classified as a motion picture.""",1,Prometheus is a motion picture.,2
"""The film known as Prometheus is a motion picture.""",1,Prometheus is a motion picture.,3
"""Prometheus qualifies as a motion picture.""",1,Prometheus is a motion picture.,4
Catherine of Alexandria is only known by that name.,0,Catherine of Alexandria is only known by that name.,0
The name by which she is exclusively recognized is Catherine of Alexandria.,0,Catherine of Alexandria is only known by that name.,1
She is known solely by the name Catherine of Alexandria.,0,Catherine of Alexandria is only known by that name.,2
Catherine of Alexandria is recognized only under that name.,0,Catherine of Alexandria is only known by that name.,3
The only name she is known by is Catherine of Alexandria.,0,Catherine of Alexandria is only known by that name.,4
The characters in Grey's Anatomy only evolve into seasoned chefs.,0,The characters in Grey's Anatomy only evolve into seasoned chefs.,0
"In Grey's Anatomy, the characters exclusively develop into experienced chefs.",0,The characters in Grey's Anatomy only evolve into seasoned chefs.,1
The only profession that the characters in Grey's Anatomy transition into is that of skilled chefs.,0,The characters in Grey's Anatomy only evolve into seasoned chefs.,2
Characters in Grey's Anatomy solely transform into proficient chefs.,0,The characters in Grey's Anatomy only evolve into seasoned chefs.,3
The characters from Grey's Anatomy only become accomplished chefs.,0,The characters in Grey's Anatomy only evolve into seasoned chefs.,4
Mel Colmcille Gerard Gibson is the full name of Mel Gibson.,1,Mel Colmcille Gerard Gibson is the full name of Mel Gibson.,0
The complete name of Mel Gibson is Mel Colmcille Gerard Gibson.,1,Mel Colmcille Gerard Gibson is the full name of Mel Gibson.,1
Mel Gibson’s full name is Mel Colmcille Gerard Gibson.,1,Mel Colmcille Gerard Gibson is the full name of Mel Gibson.,2
The full name of Mel Gibson is Mel Colmcille Gerard Gibson.,1,Mel Colmcille Gerard Gibson is the full name of Mel Gibson.,3
Mel Colmcille Gerard Gibson is the name that Mel Gibson goes by in full.,1,Mel Colmcille Gerard Gibson is the full name of Mel Gibson.,4
Muhammad Ali was born in 1960.,0,Muhammad Ali was born in 1960.,0
"In 1960, Muhammad Ali was born.",0,Muhammad Ali was born in 1960.,1
The year 1960 marks the birth of Muhammad Ali.,0,Muhammad Ali was born in 1960.,2
Muhammad Ali’s birth occurred in 1960.,0,Muhammad Ali was born in 1960.,3
It was in 1960 that Muhammad Ali was born.,0,Muhammad Ali was born in 1960.,4
Sian Brooke has declined every offer to play Laura.,0,Sian Brooke has declined every offer to play Laura.,0
Every offer to portray Laura has been turned down by Sian Brooke.,0,Sian Brooke has declined every offer to play Laura.,1
Sian Brooke has refused all offers to play the role of Laura.,0,Sian Brooke has declined every offer to play Laura.,2
All offers to take on the character of Laura have been rejected by Sian Brooke.,0,Sian Brooke has declined every offer to play Laura.,3
Sian Brooke has not accepted any offers to play the part of Laura.,0,Sian Brooke has declined every offer to play Laura.,4
Unapologetic is a work.,1,Unapologetic is a work.,0
"""Unapologetic is a piece of work.""",1,Unapologetic is a work.,1
"""A work is what Unapologetic is.""",1,Unapologetic is a work.,2
"""Unapologetic can be classified as a work.""",1,Unapologetic is a work.,3
"""The term 'work' applies to Unapologetic.""",1,Unapologetic is a work.,4
James Garner did not act in multiple films.,0,James Garner did not act in multiple films.,0
James Garner did not participate in numerous films.,0,James Garner did not act in multiple films.,1
Multiple films did not feature James Garner as an actor.,0,James Garner did not act in multiple films.,2
James Garner was not involved in a variety of films.,0,James Garner did not act in multiple films.,3
There were not several films in which James Garner acted.,0,James Garner did not act in multiple films.,4
David Tennant played the Tenth Doctor in Doctor Who.,1,David Tennant played the Tenth Doctor in Doctor Who.,0
"In Doctor Who, the Tenth Doctor was portrayed by David Tennant.",1,David Tennant played the Tenth Doctor in Doctor Who.,1
David Tennant was the actor who played the Tenth Doctor in Doctor Who.,1,David Tennant played the Tenth Doctor in Doctor Who.,2
The role of the Tenth Doctor in Doctor Who was played by David Tennant.,1,David Tennant played the Tenth Doctor in Doctor Who.,3
Doctor Who featured David Tennant as the Tenth Doctor.,1,David Tennant played the Tenth Doctor in Doctor Who.,4
Julianne Hough is a hotel chain.,0,Julianne Hough is a hotel chain.,0
A hotel chain is represented by Julianne Hough.,0,Julianne Hough is a hotel chain.,1
Julianne Hough refers to a chain of hotels.,0,Julianne Hough is a hotel chain.,2
"The term ""hotel chain"" is synonymous with Julianne Hough.",0,Julianne Hough is a hotel chain.,3
Julianne Hough designates a hotel chain.,0,Julianne Hough is a hotel chain.,4
Rio de Janeiro is not in a metropolitan area.,0,Rio de Janeiro is not in a metropolitan area.,0
Rio de Janeiro is located outside of a metropolitan area.,0,Rio de Janeiro is not in a metropolitan area.,1
There is no metropolitan area that includes Rio de Janeiro.,0,Rio de Janeiro is not in a metropolitan area.,2
Rio de Janeiro does not belong to any metropolitan area.,0,Rio de Janeiro is not in a metropolitan area.,3
A metropolitan area does not encompass Rio de Janeiro.,0,Rio de Janeiro is not in a metropolitan area.,4
Rock music incorporated music genres like folk.,1,Rock music incorporated music genres like folk.,0
Folk music genres were incorporated into rock music.,1,Rock music incorporated music genres like folk.,1
Music genres such as folk were included in rock music.,1,Rock music incorporated music genres like folk.,2
Rock music included genres like folk music.,1,Rock music incorporated music genres like folk.,3
Genres like folk were integrated into rock music.,1,Rock music incorporated music genres like folk.,4
Joe Manganiello has appeared in a movie.,1,Joe Manganiello has appeared in a movie.,0
A movie has featured Joe Manganiello.,1,Joe Manganiello has appeared in a movie.,1
Joe Manganiello has been seen in a film.,1,Joe Manganiello has appeared in a movie.,2
"In a film, Joe Manganiello has made an appearance.",1,Joe Manganiello has appeared in a movie.,3
Joe Manganiello has starred in a movie.,1,Joe Manganiello has appeared in a movie.,4
T-Pain is the founder of a record label imprint established in 2005.,1,T-Pain is the founder of a record label imprint established in 2005.,0
"""In 2005, T-Pain founded a record label imprint.""",1,T-Pain is the founder of a record label imprint established in 2005.,1
"""A record label imprint was established in 2005 by T-Pain.""",1,T-Pain is the founder of a record label imprint established in 2005.,2
"""T-Pain established a record label imprint in the year 2005.""",1,T-Pain is the founder of a record label imprint established in 2005.,3
"""The founder of a record label imprint created in 2005 is T-Pain.""",1,T-Pain is the founder of a record label imprint established in 2005.,4
Mark Zuckerberg co-founded a website.,1,Mark Zuckerberg co-founded a website.,0
A website was co-founded by Mark Zuckerberg.,1,Mark Zuckerberg co-founded a website.,1
Co-founding a website was done by Mark Zuckerberg.,1,Mark Zuckerberg co-founded a website.,2
Mark Zuckerberg was one of the co-founders of a website.,1,Mark Zuckerberg co-founded a website.,3
A website was established with Mark Zuckerberg as a co-founder.,1,Mark Zuckerberg co-founded a website.,4
Jay Sekulow was born in 1945.,0,Jay Sekulow was born in 1945.,0
"In the year 1945, Jay Sekulow was born.",0,Jay Sekulow was born in 1945.,1
The birth year of Jay Sekulow is 1945.,0,Jay Sekulow was born in 1945.,2
Jay Sekulow came into the world in 1945.,0,Jay Sekulow was born in 1945.,3
It was in 1945 that Jay Sekulow was born.,0,Jay Sekulow was born in 1945.,4
Ken Russell was only involved with a film based upon The Who's 1969 album Who's Next.,0,Ken Russell was only involved with a film based upon The Who's 1969 album Who's Next.,0
"""A film based on The Who's 1969 album Who's Next was the only project Ken Russell was involved with.""",0,Ken Russell was only involved with a film based upon The Who's 1969 album Who's Next.,1
"""Ken Russell had involvement solely with a film inspired by The Who's 1969 album Who's Next.""",0,Ken Russell was only involved with a film based upon The Who's 1969 album Who's Next.,2
"""The only film Ken Russell worked on was one that was based on The Who's 1969 album Who's Next.""",0,Ken Russell was only involved with a film based upon The Who's 1969 album Who's Next.,3
"""Involvement with a film derived from The Who's 1969 album Who's Next was the only connection Ken Russell had.""",0,Ken Russell was only involved with a film based upon The Who's 1969 album Who's Next.,4
Brokeback Mountain was directed by Ang Lee in 1980.,0,Brokeback Mountain was directed by Ang Lee in 1980.,0
Ang Lee directed Brokeback Mountain in 1980.,0,Brokeback Mountain was directed by Ang Lee in 1980.,1
"In 1980, Brokeback Mountain was directed by Ang Lee.",0,Brokeback Mountain was directed by Ang Lee in 1980.,2
"The director of Brokeback Mountain is Ang Lee, and it was released in 1980.",0,Brokeback Mountain was directed by Ang Lee in 1980.,3
"Brokeback Mountain, directed by Ang Lee, was made in 1980.",0,Brokeback Mountain was directed by Ang Lee in 1980.,4
Erich von Manstein was a German commander of armed forces of Nazi Germany.,1,Erich von Manstein was a German commander of armed forces of Nazi Germany.,0
"""A German commander of the armed forces of Nazi Germany was Erich von Manstein.""",1,Erich von Manstein was a German commander of armed forces of Nazi Germany.,1
"""Erich von Manstein served as a commander in the armed forces of Nazi Germany.""",1,Erich von Manstein was a German commander of armed forces of Nazi Germany.,2
"""The armed forces of Nazi Germany had a commander named Erich von Manstein.""",1,Erich von Manstein was a German commander of armed forces of Nazi Germany.,3
"""Erich von Manstein held the position of commander within the armed forces of Nazi Germany.""",1,Erich von Manstein was a German commander of armed forces of Nazi Germany.,4
Prakash Jha is an actor.,1,Prakash Jha is an actor.,0
"""An actor is Prakash Jha.""",1,Prakash Jha is an actor.,1
"""Prakash Jha works as an actor.""",1,Prakash Jha is an actor.,2
"""As an actor, Prakash Jha is recognized.""",1,Prakash Jha is an actor.,3
"""The profession of Prakash Jha is that of an actor.""",1,Prakash Jha is an actor.,4
Galaxy Quest is a horror movie.,0,Galaxy Quest is a horror movie.,0
"""A horror movie is what Galaxy Quest is.""",0,Galaxy Quest is a horror movie.,1
"""Galaxy Quest belongs to the horror movie genre.""",0,Galaxy Quest is a horror movie.,2
"""The film Galaxy Quest is categorized as a horror movie.""",0,Galaxy Quest is a horror movie.,3
"""Galaxy Quest can be described as a horror movie.""",0,Galaxy Quest is a horror movie.,4
Judith Barsi has never been on television.,0,Judith Barsi has never been on television.,0
Judith Barsi has not appeared on television at any time.,0,Judith Barsi has never been on television.,1
At no point has Judith Barsi been featured on television.,0,Judith Barsi has never been on television.,2
There has never been a television appearance by Judith Barsi.,0,Judith Barsi has never been on television.,3
Judith Barsi has not been on television ever.,0,Judith Barsi has never been on television.,4
The Vietnam War changed nothing politically.,0,The Vietnam War changed nothing politically.,0
"""Politically, the Vietnam War had no impact whatsoever.""",0,The Vietnam War changed nothing politically.,1
"""There was no political change brought about by the Vietnam War.""",0,The Vietnam War changed nothing politically.,2
"""The Vietnam War did not alter the political landscape in any way.""",0,The Vietnam War changed nothing politically.,3
"""Nothing politically was changed by the Vietnam War.""",0,The Vietnam War changed nothing politically.,4
"On March 27, 1963, Quentin Tarantino was born.",1,"On March 27, 1963, Quentin Tarantino was born.",0
"Quentin Tarantino was born on March 27, 1963.",1,"On March 27, 1963, Quentin Tarantino was born.",1
"The birth date of Quentin Tarantino is March 27, 1963.",1,"On March 27, 1963, Quentin Tarantino was born.",2
"March 27, 1963, marks the birth of Quentin Tarantino.",1,"On March 27, 1963, Quentin Tarantino was born.",3
"It was on March 27, 1963, that Quentin Tarantino was born.",1,"On March 27, 1963, Quentin Tarantino was born.",4
A Perfect Circle is a country supergroup.,0,A Perfect Circle is a country supergroup.,0
A country supergroup is what A Perfect Circle is classified as.,0,A Perfect Circle is a country supergroup.,1
A Perfect Circle is categorized as a supergroup in the country genre.,0,A Perfect Circle is a country supergroup.,2
The classification of A Perfect Circle is that of a country supergroup.,0,A Perfect Circle is a country supergroup.,3
"As a supergroup, A Perfect Circle belongs to the country music genre.",0,A Perfect Circle is a country supergroup.,4
One movie actress is Anne Hathaway.,1,One movie actress is Anne Hathaway.,0
Anne Hathaway is one movie actress.,1,One movie actress is Anne Hathaway.,1
One actress in the film industry is Anne Hathaway.,1,One movie actress is Anne Hathaway.,2
Anne Hathaway is recognized as one movie actress.,1,One movie actress is Anne Hathaway.,3
"There is one actress in movies, and that is Anne Hathaway.",1,One movie actress is Anne Hathaway.,4
Odin was known in Old Saxon as Wōdan.,1,Odin was known in Old Saxon as Wōdan.,0
"In Old Saxon, Odin was referred to as Wōdan.",1,Odin was known in Old Saxon as Wōdan.,1
Wōdan was the name used for Odin in Old Saxon.,1,Odin was known in Old Saxon as Wōdan.,2
"In the Old Saxon language, Odin was identified as Wōdan.",1,Odin was known in Old Saxon as Wōdan.,3
The Old Saxon term for Odin was Wōdan.,1,Odin was known in Old Saxon as Wōdan.,4
Hayden Panettiere is a person.,1,Hayden Panettiere is a person.,0
"""A person is Hayden Panettiere.""",1,Hayden Panettiere is a person.,1
"""Hayden Panettiere refers to an individual.""",1,Hayden Panettiere is a person.,2
"""An individual is represented by Hayden Panettiere.""",1,Hayden Panettiere is a person.,3
"""Hayden Panettiere exists as a person.""",1,Hayden Panettiere is a person.,4
Steven Gerrard captains the national football team of England.,1,Steven Gerrard captains the national football team of England.,0
The national football team of England is captained by Steven Gerrard.,1,Steven Gerrard captains the national football team of England.,1
Steven Gerrard is the captain of England's national football team.,1,Steven Gerrard captains the national football team of England.,2
England's national football team has Steven Gerrard as its captain.,1,Steven Gerrard captains the national football team of England.,3
Captaining the national football team of England is Steven Gerrard.,1,Steven Gerrard captains the national football team of England.,4
Hayden Panettiere starred as Sheryl Yoast in the motion picture Remember the Titans.,1,Hayden Panettiere starred as Sheryl Yoast in the motion picture Remember the Titans.,0
"In the film Remember the Titans, Hayden Panettiere played the role of Sheryl Yoast.",1,Hayden Panettiere starred as Sheryl Yoast in the motion picture Remember the Titans.,1
The character Sheryl Yoast was portrayed by Hayden Panettiere in the movie Remember the Titans.,1,Hayden Panettiere starred as Sheryl Yoast in the motion picture Remember the Titans.,2
Hayden Panettiere took on the role of Sheryl Yoast in the motion picture titled Remember the Titans.,1,Hayden Panettiere starred as Sheryl Yoast in the motion picture Remember the Titans.,3
"In Remember the Titans, Hayden Panettiere featured as Sheryl Yoast.",1,Hayden Panettiere starred as Sheryl Yoast in the motion picture Remember the Titans.,4
The human condition is ignored in art.,0,The human condition is ignored in art.,0
Art often overlooks the human condition.,0,The human condition is ignored in art.,1
The human condition is frequently disregarded in artistic expressions.,0,The human condition is ignored in art.,2
"In art, the human condition tends to be neglected.",0,The human condition is ignored in art.,3
The human condition is commonly omitted from artistic works.,0,The human condition is ignored in art.,4
Led Zeppelin is a band.,1,Led Zeppelin is a band.,0
"""A band is Led Zeppelin.""",1,Led Zeppelin is a band.,1
"""Led Zeppelin constitutes a band.""",1,Led Zeppelin is a band.,2
"""There exists a band known as Led Zeppelin.""",1,Led Zeppelin is a band.,3
"""Led Zeppelin can be identified as a band.""",1,Led Zeppelin is a band.,4
The United Kingdom is a developed nation.,1,The United Kingdom is a developed nation.,0
"""A developed nation is the United Kingdom.""",1,The United Kingdom is a developed nation.,1
"""The United Kingdom qualifies as a developed nation.""",1,The United Kingdom is a developed nation.,2
"""As a nation, the United Kingdom is classified as developed.""",1,The United Kingdom is a developed nation.,3
"""The United Kingdom is classified among developed nations.""",1,The United Kingdom is a developed nation.,4
"Heather Watson was awarded her first WTA singles title on October 14, 1912.",0,"Heather Watson was awarded her first WTA singles title on October 14, 1912.",0
"On October 14, 1912, Heather Watson received her inaugural WTA singles title.",0,"Heather Watson was awarded her first WTA singles title on October 14, 1912.",1
"The first WTA singles title was awarded to Heather Watson on October 14, 1912.",0,"Heather Watson was awarded her first WTA singles title on October 14, 1912.",2
"Heather Watson won her first WTA singles title on the date of October 14, 1912.",0,"Heather Watson was awarded her first WTA singles title on October 14, 1912.",3
"It was on October 14, 1912, that Heather Watson was granted her first WTA singles title.",0,"Heather Watson was awarded her first WTA singles title on October 14, 1912.",4
Broadcast News is a film.,1,Broadcast News is a film.,0
"""The film is titled Broadcast News.""",1,Broadcast News is a film.,1
"""Broadcast News qualifies as a movie.""",1,Broadcast News is a film.,2
"""A movie exists by the name of Broadcast News.""",1,Broadcast News is a film.,3
"""Broadcast News refers to a film.""",1,Broadcast News is a film.,4
The first of eight children that Charlie Chaplin had with Oona O'Neill is Geraldine Chaplin.,0,The first of eight children that Charlie Chaplin had with Oona O'Neill is Geraldine Chaplin.,0
Geraldine Chaplin is the first of the eight children Charlie Chaplin had with Oona O'Neill.,0,The first of eight children that Charlie Chaplin had with Oona O'Neill is Geraldine Chaplin.,1
The first child among the eight that Charlie Chaplin had with Oona O'Neill is Geraldine Chaplin.,0,The first of eight children that Charlie Chaplin had with Oona O'Neill is Geraldine Chaplin.,2
Geraldine Chaplin is the eldest of the eight children born to Charlie Chaplin and Oona O'Neill.,0,The first of eight children that Charlie Chaplin had with Oona O'Neill is Geraldine Chaplin.,3
"Among the eight children Charlie Chaplin had with Oona O'Neill, the first is Geraldine Chaplin.",0,The first of eight children that Charlie Chaplin had with Oona O'Neill is Geraldine Chaplin.,4
David Carradine was nominated for a Golden Globe Award in the category of Best Supporting Actor.,1,David Carradine was nominated for a Golden Globe Award in the category of Best Supporting Actor.,0
"In the category of Best Supporting Actor, David Carradine received a nomination for a Golden Globe Award.",1,David Carradine was nominated for a Golden Globe Award in the category of Best Supporting Actor.,1
"David Carradine received a nomination for a Golden Globe Award, specifically in the Best Supporting Actor category.",1,David Carradine was nominated for a Golden Globe Award in the category of Best Supporting Actor.,2
"Nominated for a Golden Globe Award for Best Supporting Actor, David Carradine achieved this recognition.",1,David Carradine was nominated for a Golden Globe Award in the category of Best Supporting Actor.,3
The category of Best Supporting Actor saw David Carradine nominated for a Golden Globe Award.,1,David Carradine was nominated for a Golden Globe Award in the category of Best Supporting Actor.,4
Lily James was in a BBC production.,1,Lily James was in a BBC production.,0
A BBC production featured Lily James.,1,Lily James was in a BBC production.,1
Lily James appeared in a production by the BBC.,1,Lily James was in a BBC production.,2
"In a production aired by the BBC, Lily James was involved.",1,Lily James was in a BBC production.,3
The BBC had Lily James in one of its productions.,1,Lily James was in a BBC production.,4
"Beginning in 1963 and continuing until 1965, Singapore was a component of Malaysia.",1,"Beginning in 1963 and continuing until 1965, Singapore was a component of Malaysia.",0
"From 1963 to 1965, Singapore was part of Malaysia.",1,"Beginning in 1963 and continuing until 1965, Singapore was a component of Malaysia.",1
Singapore was a part of Malaysia from the year 1963 until 1965.,1,"Beginning in 1963 and continuing until 1965, Singapore was a component of Malaysia.",2
"Between 1963 and 1965, Singapore existed as a component of Malaysia.",1,"Beginning in 1963 and continuing until 1965, Singapore was a component of Malaysia.",3
Singapore was included in Malaysia starting in 1963 and lasting until 1965.,1,"Beginning in 1963 and continuing until 1965, Singapore was a component of Malaysia.",4
Bridge of Spies was only co-produced by Donald Trump.,0,Bridge of Spies was only co-produced by Donald Trump.,0
"""Only Donald Trump co-produced Bridge of Spies.""",0,Bridge of Spies was only co-produced by Donald Trump.,1
"""Bridge of Spies had Donald Trump as its sole co-producer.""",0,Bridge of Spies was only co-produced by Donald Trump.,2
"""The only co-producer of Bridge of Spies was Donald Trump.""",0,Bridge of Spies was only co-produced by Donald Trump.,3
"""Donald Trump was the only individual who co-produced Bridge of Spies.""",0,Bridge of Spies was only co-produced by Donald Trump.,4
The Muppet Christmas Carol is incapable of being released by Walt Disney Pictures.,0,The Muppet Christmas Carol is incapable of being released by Walt Disney Pictures.,0
Walt Disney Pictures cannot release The Muppet Christmas Carol.,0,The Muppet Christmas Carol is incapable of being released by Walt Disney Pictures.,1
The Muppet Christmas Carol cannot be released by Walt Disney Pictures.,0,The Muppet Christmas Carol is incapable of being released by Walt Disney Pictures.,2
It is not possible for Walt Disney Pictures to release The Muppet Christmas Carol.,0,The Muppet Christmas Carol is incapable of being released by Walt Disney Pictures.,3
The Muppet Christmas Carol is not able to be released by Walt Disney Pictures.,0,The Muppet Christmas Carol is incapable of being released by Walt Disney Pictures.,4
Hillary Clinton was employed in the Obama administration.,1,Hillary Clinton was employed in the Obama administration.,0
Hillary Clinton served in the administration of Barack Obama.,1,Hillary Clinton was employed in the Obama administration.,1
"In the Obama administration, Hillary Clinton held a position.",1,Hillary Clinton was employed in the Obama administration.,2
"During Barack Obama's presidency, Hillary Clinton was part of the administration.",1,Hillary Clinton was employed in the Obama administration.,3
Hillary Clinton worked in the Obama administration.,1,Hillary Clinton was employed in the Obama administration.,4
Arnold Schwarzenegger served two days as governor.,0,Arnold Schwarzenegger served two days as governor.,0
Arnold Schwarzenegger was governor for a duration of two days.,0,Arnold Schwarzenegger served two days as governor.,1
"For two days, Arnold Schwarzenegger held the position of governor.",0,Arnold Schwarzenegger served two days as governor.,2
Arnold Schwarzenegger's tenure as governor lasted two days.,0,Arnold Schwarzenegger served two days as governor.,3
Two days were spent by Arnold Schwarzenegger in the role of governor.,0,Arnold Schwarzenegger served two days as governor.,4
The Nilotic languages are spoken in South Sudan and Tanzania.,1,The Nilotic languages are spoken in South Sudan and Tanzania.,0
"In South Sudan and Tanzania, the Nilotic languages are spoken.",1,The Nilotic languages are spoken in South Sudan and Tanzania.,1
The languages known as Nilotic are spoken in both South Sudan and Tanzania.,1,The Nilotic languages are spoken in South Sudan and Tanzania.,2
South Sudan and Tanzania are regions where the Nilotic languages are utilized.,1,The Nilotic languages are spoken in South Sudan and Tanzania.,3
Spoken in South Sudan and Tanzania are the Nilotic languages.,1,The Nilotic languages are spoken in South Sudan and Tanzania.,4
Danny Carey is a Japanese instrumentalist.,0,Danny Carey is a Japanese instrumentalist.,0
Danny Carey is an instrumentalist from Japan.,0,Danny Carey is a Japanese instrumentalist.,1
"An instrumentalist, Danny Carey hails from Japan.",0,Danny Carey is a Japanese instrumentalist.,2
The Japanese instrumentalist is Danny Carey.,0,Danny Carey is a Japanese instrumentalist.,3
"Danny Carey, known as a Japanese instrumentalist, is well recognized.",0,Danny Carey is a Japanese instrumentalist.,4
Performance (film) stars a member of The Rolling Stones.,1,Performance (film) stars a member of The Rolling Stones.,0
A member of The Rolling Stones stars in the film Performance.,1,Performance (film) stars a member of The Rolling Stones.,1
The film Performance features a star who is a member of The Rolling Stones.,1,Performance (film) stars a member of The Rolling Stones.,2
"In the film Performance, a member of The Rolling Stones is part of the cast.",1,Performance (film) stars a member of The Rolling Stones.,3
Performance includes a member of The Rolling Stones as one of its stars.,1,Performance (film) stars a member of The Rolling Stones.,4
Loki is the father of Farbauti and Laufey.,0,Loki is the father of Farbauti and Laufey.,0
Farbauti and Laufey are the children of Loki.,0,Loki is the father of Farbauti and Laufey.,1
"Loki has two children, Farbauti and Laufey.",0,Loki is the father of Farbauti and Laufey.,2
The father of Farbauti and Laufey is Loki.,0,Loki is the father of Farbauti and Laufey.,3
Farbauti and Laufey are both offspring of Loki.,0,Loki is the father of Farbauti and Laufey.,4
Einstein was failed to complete his PhD in 1905.,0,Einstein was failed to complete his PhD in 1905.,0
"In 1905, Einstein did not succeed in completing his PhD.",0,Einstein was failed to complete his PhD in 1905.,1
Einstein failed to finish his PhD in the year 1905.,0,Einstein was failed to complete his PhD in 1905.,2
The year 1905 saw Einstein not completing his PhD.,0,Einstein was failed to complete his PhD in 1905.,3
Einstein was unsuccessful in completing his PhD in 1905.,0,Einstein was failed to complete his PhD in 1905.,4
Frank Ocean released a concert album.,0,Frank Ocean released a concert album.,0
A concert album was released by Frank Ocean.,0,Frank Ocean released a concert album.,1
Frank Ocean has put out a concert album.,0,Frank Ocean released a concert album.,2
A concert album from Frank Ocean was released.,0,Frank Ocean released a concert album.,3
Frank Ocean's release includes a concert album.,0,Frank Ocean released a concert album.,4
"Los Angeles, California was incorporated as a municipality on April 4, 1850.",1,"Los Angeles, California was incorporated as a municipality on April 4, 1850.",0
"On April 4, 1850, Los Angeles, California became incorporated as a municipality.",1,"Los Angeles, California was incorporated as a municipality on April 4, 1850.",1
"The incorporation of Los Angeles, California as a municipality took place on April 4, 1850.",1,"Los Angeles, California was incorporated as a municipality on April 4, 1850.",2
"April 4, 1850 marks the date when Los Angeles, California was incorporated as a municipality.",1,"Los Angeles, California was incorporated as a municipality on April 4, 1850.",3
"Los Angeles, California was officially incorporated as a municipality on the date of April 4, 1850.",1,"Los Angeles, California was incorporated as a municipality on April 4, 1850.",4
John Cena is a person.,1,John Cena is a person.,0
"""A person is John Cena.""",1,John Cena is a person.,1
"""John Cena qualifies as a person.""",1,John Cena is a person.,2
"""There exists a person named John Cena.""",1,John Cena is a person.,3
"""John Cena refers to an individual.""",1,John Cena is a person.,4
Edward Norton is a film director.,0,Edward Norton is a film director.,0
"""A film director is Edward Norton.""",0,Edward Norton is a film director.,1
"""Edward Norton serves as a film director.""",0,Edward Norton is a film director.,2
"""As a film director, Edward Norton is known.""",0,Edward Norton is a film director.,3
"""Edward Norton holds the position of film director.""",0,Edward Norton is a film director.,4
"L.A. Law ended on May 19, 1994.",1,"L.A. Law ended on May 19, 1994.",0
"The series L.A. Law concluded on May 19, 1994.",1,"L.A. Law ended on May 19, 1994.",1
"On May 19, 1994, L.A. Law came to an end.",1,"L.A. Law ended on May 19, 1994.",2
"May 19, 1994, marked the conclusion of L.A. Law.",1,"L.A. Law ended on May 19, 1994.",3
"L.A. Law was finished on May 19, 1994.",1,"L.A. Law ended on May 19, 1994.",4
Perth is the capital and largest city of the Australian state of Eastern Australia.,0,Perth is the capital and largest city of the Australian state of Eastern Australia.,0
The largest city and capital of the Australian state of Eastern Australia is Perth.,0,Perth is the capital and largest city of the Australian state of Eastern Australia.,1
Perth serves as both the capital and the largest city in the Australian state of Eastern Australia.,0,Perth is the capital and largest city of the Australian state of Eastern Australia.,2
"In the Australian state of Eastern Australia, Perth is the largest city and also the capital.",0,Perth is the capital and largest city of the Australian state of Eastern Australia.,3
"The capital city of Eastern Australia, which is a state in Australia, is Perth, and it is also the largest city there.",0,Perth is the capital and largest city of the Australian state of Eastern Australia.,4
Glenn Close made her stage debut in The Color Purple.,0,Glenn Close made her stage debut in The Color Purple.,0
Glenn Close began her theatrical career in The Color Purple.,0,Glenn Close made her stage debut in The Color Purple.,1
It was in The Color Purple that Glenn Close first appeared on stage.,0,Glenn Close made her stage debut in The Color Purple.,2
The Color Purple marked Glenn Close's introduction to stage performances.,0,Glenn Close made her stage debut in The Color Purple.,3
Glenn Close's stage debut occurred in The Color Purple.,0,Glenn Close made her stage debut in The Color Purple.,4
Peter Davison has been in a BBC show.,1,Peter Davison has been in a BBC show.,0
"""A BBC show has featured Peter Davison.""",1,Peter Davison has been in a BBC show.,1
"""Peter Davison appeared in a show produced by the BBC.""",1,Peter Davison has been in a BBC show.,2
"""In a show from the BBC, Peter Davison has had a role.""",1,Peter Davison has been in a BBC show.,3
"""Peter Davison has participated in a program by the BBC.""",1,Peter Davison has been in a BBC show.,4
"A block is also called a ""swat.""",1,"A block is also called a ""swat.""",0
"A ""swat"" is another term for a block.",1,"A block is also called a ""swat.""",1
"The term ""swat"" is synonymous with a block.",1,"A block is also called a ""swat.""",2
"A block can also be referred to as a ""swat.""",1,"A block is also called a ""swat.""",3
"Another name for a block is ""swat.""",1,"A block is also called a ""swat.""",4
Richard Eyre is a television director.,1,Richard Eyre is a television director.,0
"""A television director is Richard Eyre.""",1,Richard Eyre is a television director.,1
"""Richard Eyre serves as a director in television.""",1,Richard Eyre is a television director.,2
"""In the realm of television, Richard Eyre is recognized as a director.""",1,Richard Eyre is a television director.,3
"""Richard Eyre holds the position of a television director.""",1,Richard Eyre is a television director.,4
The September 11 attacks caused at least $10 billion in property damage.,1,The September 11 attacks caused at least $10 billion in property damage.,0
"""At least $10 billion in property damage resulted from the September 11 attacks.""",1,The September 11 attacks caused at least $10 billion in property damage.,1
"""The property damage from the September 11 attacks amounted to no less than $10 billion.""",1,The September 11 attacks caused at least $10 billion in property damage.,2
"""The September 11 attacks led to property damage of at least $10 billion.""",1,The September 11 attacks caused at least $10 billion in property damage.,3
"""At minimum, the property damage caused by the September 11 attacks was $10 billion.""",1,The September 11 attacks caused at least $10 billion in property damage.,4
The Avengers was written by Steve Bartman.,0,The Avengers was written by Steve Bartman.,0
"""Steve Bartman is the writer of The Avengers.""",0,The Avengers was written by Steve Bartman.,1
"""The writer of The Avengers is Steve Bartman.""",0,The Avengers was written by Steve Bartman.,2
"""It was Steve Bartman who wrote The Avengers.""",0,The Avengers was written by Steve Bartman.,3
"""The Avengers was authored by Steve Bartman.""",0,The Avengers was written by Steve Bartman.,4
Eat Pray Love is a romantic best-selling album.,0,Eat Pray Love is a romantic best-selling album.,0
"""A best-selling album, Eat Pray Love is categorized as a romantic work.""",0,Eat Pray Love is a romantic best-selling album.,1
"""Eat Pray Love is classified as a romantic album that has achieved best-selling status.""",0,Eat Pray Love is a romantic best-selling album.,2
"""The album Eat Pray Love is a romantic piece that has become a best-seller.""",0,Eat Pray Love is a romantic best-selling album.,3
"""As a romantic album, Eat Pray Love is recognized as a best-seller.""",0,Eat Pray Love is a romantic best-selling album.,4
Jeff Bezos is the founded a spaceflight company.,1,Jeff Bezos is the founded a spaceflight company.,0
"""The founder of a spaceflight company is Jeff Bezos.""",1,Jeff Bezos is the founded a spaceflight company.,1
"""Jeff Bezos established a company focused on spaceflight.""",1,Jeff Bezos is the founded a spaceflight company.,2
"""A spaceflight company was founded by Jeff Bezos.""",1,Jeff Bezos is the founded a spaceflight company.,3
"""Jeff Bezos is the person who founded a company for spaceflight.""",1,Jeff Bezos is the founded a spaceflight company.,4
John Bradley-West played the character Samwell Tarly in Game of Thrones.,1,John Bradley-West played the character Samwell Tarly in Game of Thrones.,0
"In Game of Thrones, the character Samwell Tarly was portrayed by John Bradley-West.",1,John Bradley-West played the character Samwell Tarly in Game of Thrones.,1
John Bradley-West was the actor who played Samwell Tarly in Game of Thrones.,1,John Bradley-West played the character Samwell Tarly in Game of Thrones.,2
The role of Samwell Tarly in Game of Thrones was played by John Bradley-West.,1,John Bradley-West played the character Samwell Tarly in Game of Thrones.,3
"Samwell Tarly, a character in Game of Thrones, was played by John Bradley-West.",1,John Bradley-West played the character Samwell Tarly in Game of Thrones.,4
Up All Night was released by Syco Records in 2011.,1,Up All Night was released by Syco Records in 2011.,0
"In 2011, Syco Records released Up All Night.",1,Up All Night was released by Syco Records in 2011.,1
Up All Night debuted under Syco Records in the year 2011.,1,Up All Night was released by Syco Records in 2011.,2
The release of Up All Night by Syco Records took place in 2011.,1,Up All Night was released by Syco Records in 2011.,3
Syco Records launched Up All Night in the year 2011.,1,Up All Night was released by Syco Records in 2011.,4
Morrissey was born into a Native American family.,0,Morrissey was born into a Native American family.,0
Morrissey was born to a family of Native American heritage.,0,Morrissey was born into a Native American family.,1
A Native American family was where Morrissey was born.,0,Morrissey was born into a Native American family.,2
"Born into a family that identifies as Native American, Morrissey is of that descent.",0,Morrissey was born into a Native American family.,3
Morrissey came into the world as a member of a Native American family.,0,Morrissey was born into a Native American family.,4
A Perfect Circle was formed in a year.,1,A Perfect Circle was formed in a year.,0
"In a certain year, A Perfect Circle was established.",1,A Perfect Circle was formed in a year.,1
A Perfect Circle came into existence in a specific year.,1,A Perfect Circle was formed in a year.,2
A year marked the formation of A Perfect Circle.,1,A Perfect Circle was formed in a year.,3
The year saw the creation of A Perfect Circle.,1,A Perfect Circle was formed in a year.,4
Adam Sandler founded a production company known for its comedy films.,1,Adam Sandler founded a production company known for its comedy films.,0
A production company recognized for its comedy films was founded by Adam Sandler.,1,Adam Sandler founded a production company known for its comedy films.,1
Adam Sandler established a production company that is known for producing comedy films.,1,Adam Sandler founded a production company known for its comedy films.,2
"Known for its comedy films, a production company was created by Adam Sandler.",1,Adam Sandler founded a production company known for its comedy films.,3
Adam Sandler is the founder of a production company famous for its comedy films.,1,Adam Sandler founded a production company known for its comedy films.,4
Bryan Cranston was not directed by Jay Roach.,0,Bryan Cranston was not directed by Jay Roach.,0
Jay Roach did not direct Bryan Cranston.,0,Bryan Cranston was not directed by Jay Roach.,1
Bryan Cranston was never directed by Jay Roach.,0,Bryan Cranston was not directed by Jay Roach.,2
It was not Jay Roach who directed Bryan Cranston.,0,Bryan Cranston was not directed by Jay Roach.,3
Bryan Cranston has not been directed by Jay Roach.,0,Bryan Cranston was not directed by Jay Roach.,4
Doug Jones did not star in a science fiction horror film.,0,Doug Jones did not star in a science fiction horror film.,0
Doug Jones was not the lead actor in a science fiction horror movie.,0,Doug Jones did not star in a science fiction horror film.,1
A science fiction horror film did not feature Doug Jones as its star.,0,Doug Jones did not star in a science fiction horror film.,2
Doug Jones did not play a starring role in any science fiction horror film.,0,Doug Jones did not star in a science fiction horror film.,3
"In a science fiction horror movie, Doug Jones did not take on the leading role.",0,Doug Jones did not star in a science fiction horror film.,4
Howard Hughes only acquired one airline.,0,Howard Hughes only acquired one airline.,0
"""Only one airline was acquired by Howard Hughes.""",0,Howard Hughes only acquired one airline.,1
"""Howard Hughes acquired just a single airline.""",0,Howard Hughes only acquired one airline.,2
"""A single airline was the only one acquired by Howard Hughes.""",0,Howard Hughes only acquired one airline.,3
"""Howard Hughes did not acquire more than one airline.""",0,Howard Hughes only acquired one airline.,4
"In 2016, the film The Girl on the Train was released.",1,"In 2016, the film The Girl on the Train was released.",0
The film The Girl on the Train was released in 2016.,1,"In 2016, the film The Girl on the Train was released.",1
"Released in 2016, The Girl on the Train is a film.",1,"In 2016, the film The Girl on the Train was released.",2
"In the year 2016, The Girl on the Train was made available to the public as a film.",1,"In 2016, the film The Girl on the Train was released.",3
The year 2016 saw the release of the film The Girl on the Train.,1,"In 2016, the film The Girl on the Train was released.",4
System of a Down toured as a band.,1,System of a Down toured as a band.,0
System of a Down performed together as a band on tour.,1,System of a Down toured as a band.,1
"As a band, System of a Down went on tour.",1,System of a Down toured as a band.,2
The band System of a Down toured as a group.,1,System of a Down toured as a band.,3
System of a Down took to the road as a band.,1,System of a Down toured as a band.,4
"On October 16th, 1793, Marie Antoinette died.",1,"On October 16th, 1793, Marie Antoinette died.",0
"Marie Antoinette passed away on October 16th, 1793.",1,"On October 16th, 1793, Marie Antoinette died.",1
"On the 16th of October in the year 1793, Marie Antoinette died.",1,"On October 16th, 1793, Marie Antoinette died.",2
"The date October 16th, 1793, marks the death of Marie Antoinette.",1,"On October 16th, 1793, Marie Antoinette died.",3
"Marie Antoinette's death occurred on October 16, 1793.",1,"On October 16th, 1793, Marie Antoinette died.",4
Robert Wagner wrote his autobiography by himself.,0,Robert Wagner wrote his autobiography by himself.,0
Robert Wagner authored his autobiography independently.,0,Robert Wagner wrote his autobiography by himself.,1
His autobiography was written solely by Robert Wagner.,0,Robert Wagner wrote his autobiography by himself.,2
Robert Wagner composed his autobiography on his own.,0,Robert Wagner wrote his autobiography by himself.,3
The autobiography of Robert Wagner was created without assistance from others.,0,Robert Wagner wrote his autobiography by himself.,4
Monica Seles retired in April 2008.,0,Monica Seles retired in April 2008.,0
"In April 2008, Monica Seles announced her retirement.",0,Monica Seles retired in April 2008.,1
Monica Seles made the decision to retire in April 2008.,0,Monica Seles retired in April 2008.,2
The retirement of Monica Seles took place in April 2008.,0,Monica Seles retired in April 2008.,3
April 2008 marked the retirement of Monica Seles.,0,Monica Seles retired in April 2008.,4
Judith Quiney was the daughter of a man.,1,Judith Quiney was the daughter of a man.,0
Judith Quiney was the offspring of a male parent.,1,Judith Quiney was the daughter of a man.,1
A man was the father of Judith Quiney.,1,Judith Quiney was the daughter of a man.,2
The daughter of a man was Judith Quiney.,1,Judith Quiney was the daughter of a man.,3
"Judith Quiney, being a daughter, had a male parent.",1,Judith Quiney was the daughter of a man.,4
Venus Williams is incapable of being a tennis player.,0,Venus Williams is incapable of being a tennis player.,0
Venus Williams cannot be a tennis player.,0,Venus Williams is incapable of being a tennis player.,1
It is impossible for Venus Williams to be a tennis player.,0,Venus Williams is incapable of being a tennis player.,2
Venus Williams is not able to be a tennis player.,0,Venus Williams is incapable of being a tennis player.,3
Being a tennis player is beyond Venus Williams' capabilities.,0,Venus Williams is incapable of being a tennis player.,4
San Francisco was founded in the 1700's.,1,San Francisco was founded in the 1700's.,0
The 1700's saw the founding of San Francisco.,1,San Francisco was founded in the 1700's.,1
San Francisco was established in the 1700's.,1,San Francisco was founded in the 1700's.,2
"In the 1700's, San Francisco was founded.",1,San Francisco was founded in the 1700's.,3
The founding of San Francisco took place in the 1700's.,1,San Francisco was founded in the 1700's.,4
Helen Gardner was uneducated.,0,Helen Gardner was uneducated.,0
Helen Gardner lacked an education.,0,Helen Gardner was uneducated.,1
Helen Gardner did not receive an education.,0,Helen Gardner was uneducated.,2
Helen Gardner was not educated.,0,Helen Gardner was uneducated.,3
Helen Gardner had no formal education.,0,Helen Gardner was uneducated.,4
Amaze Entertainment was a company.,1,Amaze Entertainment was a company.,0
A company was known as Amaze Entertainment.,1,Amaze Entertainment was a company.,1
Amaze Entertainment existed as a company.,1,Amaze Entertainment was a company.,2
There was a company called Amaze Entertainment.,1,Amaze Entertainment was a company.,3
The entity known as Amaze Entertainment was a company.,1,Amaze Entertainment was a company.,4
Friends with Benefits features actors.,1,Friends with Benefits features actors.,0
The film Friends with Benefits includes actors.,1,Friends with Benefits features actors.,1
Actors are featured in Friends with Benefits.,1,Friends with Benefits features actors.,2
Friends with Benefits showcases actors.,1,Friends with Benefits features actors.,3
"In Friends with Benefits, there are actors.",1,Friends with Benefits features actors.,4
Elephants have been featured in places.,1,Elephants have been featured in places.,0
Elephants have appeared in various locations.,1,Elephants have been featured in places.,1
Various places have showcased elephants.,1,Elephants have been featured in places.,2
"In many locations, elephants have been highlighted.",1,Elephants have been featured in places.,3
Elephants can be found in numerous settings.,1,Elephants have been featured in places.,4
Sue Vertue is exclusively from America.,0,Sue Vertue is exclusively from America.,0
Sue Vertue is solely from America.,0,Sue Vertue is exclusively from America.,1
Only America is the origin of Sue Vertue.,0,Sue Vertue is exclusively from America.,2
Sue Vertue originates exclusively from America.,0,Sue Vertue is exclusively from America.,3
America is the only place that Sue Vertue is from.,0,Sue Vertue is exclusively from America.,4
Memorial Day is not officially recognized by any government.,0,Memorial Day is not officially recognized by any government.,0
No government officially recognizes Memorial Day.,0,Memorial Day is not officially recognized by any government.,1
Memorial Day is not acknowledged by any government in an official capacity.,0,Memorial Day is not officially recognized by any government.,2
There is no official recognition of Memorial Day by any government.,0,Memorial Day is not officially recognized by any government.,3
No government has recognized Memorial Day as an official holiday.,0,Memorial Day is not officially recognized by any government.,4
Anne Bancroft was born after 1987.,0,Anne Bancroft was born after 1987.,0
Anne Bancroft was born subsequent to 1987.,0,Anne Bancroft was born after 1987.,1
The birth of Anne Bancroft occurred after the year 1987.,0,Anne Bancroft was born after 1987.,2
"After 1987, Anne Bancroft was born.",0,Anne Bancroft was born after 1987.,3
Anne Bancroft's birth took place following 1987.,0,Anne Bancroft was born after 1987.,4
Saving Private Ryan was the third highest grossing film of its year.,0,Saving Private Ryan was the third highest grossing film of its year.,0
"""The film Saving Private Ryan ranked as the third highest grossing movie of its release year.""",0,Saving Private Ryan was the third highest grossing film of its year.,1
"""In its year of release, Saving Private Ryan was the film that grossed the third highest amount.""",0,Saving Private Ryan was the third highest grossing film of its year.,2
"""Saving Private Ryan was the movie that achieved the third highest box office earnings in its year.""",0,Saving Private Ryan was the third highest grossing film of its year.,3
"""In terms of box office revenue, Saving Private Ryan stood as the third highest grossing film of that year.""",0,Saving Private Ryan was the third highest grossing film of its year.,4
The Boys from Brazil features Gregory Peck.,1,The Boys from Brazil features Gregory Peck.,0
Gregory Peck appears in The Boys from Brazil.,1,The Boys from Brazil features Gregory Peck.,1
The Boys from Brazil includes a performance by Gregory Peck.,1,The Boys from Brazil features Gregory Peck.,2
"In The Boys from Brazil, Gregory Peck is featured.",1,The Boys from Brazil features Gregory Peck.,3
Gregory Peck is part of the cast in The Boys from Brazil.,1,The Boys from Brazil features Gregory Peck.,4
Cory Monteith was rejected when auditioning for the television series Glee.,0,Cory Monteith was rejected when auditioning for the television series Glee.,0
"When auditioning for the television series Glee, Cory Monteith faced rejection.",0,Cory Monteith was rejected when auditioning for the television series Glee.,1
Cory Monteith was turned down during his audition for the show Glee.,0,Cory Monteith was rejected when auditioning for the television series Glee.,2
"During the audition process for the television series Glee, Cory Monteith was not accepted.",0,Cory Monteith was rejected when auditioning for the television series Glee.,3
Cory Monteith did not succeed in his audition for the television series Glee.,0,Cory Monteith was rejected when auditioning for the television series Glee.,4
Killer whales can be found in only one ocean.,0,Killer whales can be found in only one ocean.,0
Killer whales inhabit only a single ocean.,0,Killer whales can be found in only one ocean.,1
There is only one ocean where killer whales can be found.,0,Killer whales can be found in only one ocean.,2
Only one ocean is home to killer whales.,0,Killer whales can be found in only one ocean.,3
Killer whales are present in just one ocean.,0,Killer whales can be found in only one ocean.,4
Buddhism is a dharma.,1,Buddhism is a dharma.,0
Buddhism constitutes a dharma.,1,Buddhism is a dharma.,1
A dharma is represented by Buddhism.,1,Buddhism is a dharma.,2
Buddhism can be defined as a dharma.,1,Buddhism is a dharma.,3
Buddhism is categorized as a dharma.,1,Buddhism is a dharma.,4
You Can Count on Me had Laura Linney in it.,1,You Can Count on Me had Laura Linney in it.,0
Laura Linney appeared in You Can Count on Me.,1,You Can Count on Me had Laura Linney in it.,1
You Can Count on Me featured Laura Linney.,1,You Can Count on Me had Laura Linney in it.,2
"In You Can Count on Me, Laura Linney had a role.",1,You Can Count on Me had Laura Linney in it.,3
The film You Can Count on Me included Laura Linney.,1,You Can Count on Me had Laura Linney in it.,4
The Doctor is from earth.,0,The Doctor is from earth.,0
"""The Doctor originates from earth.""",0,The Doctor is from earth.,1
"""Earth is where the Doctor is from.""",0,The Doctor is from earth.,2
"""The Doctor hails from earth.""",0,The Doctor is from earth.,3
"""The Doctor comes from earth.""",0,The Doctor is from earth.,4
Tiger Woods has not competed in a golf tournament.,0,Tiger Woods has not competed in a golf tournament.,0
Tiger Woods has not participated in any golf tournament.,0,Tiger Woods has not competed in a golf tournament.,1
There has been no golf tournament in which Tiger Woods has competed.,0,Tiger Woods has not competed in a golf tournament.,2
Tiger Woods has yet to take part in a golf tournament.,0,Tiger Woods has not competed in a golf tournament.,3
A golf tournament has not seen Tiger Woods compete.,0,Tiger Woods has not competed in a golf tournament.,4
Despicable Me is a comedy film.,1,Despicable Me is a comedy film.,0
"""A comedy film is what Despicable Me is.""",1,Despicable Me is a comedy film.,1
"""Despicable Me falls under the category of comedy films.""",1,Despicable Me is a comedy film.,2
"""The genre of Despicable Me is comedy.""",1,Despicable Me is a comedy film.,3
"""Despicable Me can be classified as a comedy movie.""",1,Despicable Me is a comedy film.,4
Hayden Panettiere was ten years old when she auditioned for Remember the Titans.,1,Hayden Panettiere was ten years old when she auditioned for Remember the Titans.,0
"When she auditioned for Remember the Titans, Hayden Panettiere was ten years old.",1,Hayden Panettiere was ten years old when she auditioned for Remember the Titans.,1
"At the age of ten, Hayden Panettiere auditioned for Remember the Titans.",1,Hayden Panettiere was ten years old when she auditioned for Remember the Titans.,2
Hayden Panettiere was just ten years old at the time of her audition for Remember the Titans.,1,Hayden Panettiere was ten years old when she auditioned for Remember the Titans.,3
The audition for Remember the Titans took place when Hayden Panettiere was ten years old.,1,Hayden Panettiere was ten years old when she auditioned for Remember the Titans.,4
Suleiman the Magnificent was alive during the 2016 presidential election.,0,Suleiman the Magnificent was alive during the 2016 presidential election.,0
The 2016 presidential election occurred while Suleiman the Magnificent was alive.,0,Suleiman the Magnificent was alive during the 2016 presidential election.,1
Suleiman the Magnificent existed during the time of the 2016 presidential election.,0,Suleiman the Magnificent was alive during the 2016 presidential election.,2
"During the 2016 presidential election, Suleiman the Magnificent was alive.",0,Suleiman the Magnificent was alive during the 2016 presidential election.,3
Alive at the time of the 2016 presidential election was Suleiman the Magnificent.,0,Suleiman the Magnificent was alive during the 2016 presidential election.,4
Ariana Grande's second studio album of 2013 was My Everything.,0,Ariana Grande's second studio album of 2013 was My Everything.,0
My Everything was Ariana Grande's second studio album released in 2013.,0,Ariana Grande's second studio album of 2013 was My Everything.,1
"In 2013, Ariana Grande released My Everything, which was her second studio album.",0,Ariana Grande's second studio album of 2013 was My Everything.,2
"The second studio album by Ariana Grande, released in 2013, was titled My Everything.",0,Ariana Grande's second studio album of 2013 was My Everything.,3
My Everything is the title of Ariana Grande's second studio album that came out in 2013.,0,Ariana Grande's second studio album of 2013 was My Everything.,4
Malaysia is monoethnic.,0,Malaysia is monoethnic.,0
"""The population of Malaysia consists of a single ethnic group.""",0,Malaysia is monoethnic.,1
"""Malaysia is characterized by having one predominant ethnicity.""",0,Malaysia is monoethnic.,2
"""In terms of ethnicity, Malaysia is a monoethnic country.""",0,Malaysia is monoethnic.,3
"""Malaysia is defined as being monoethnic.""",0,Malaysia is monoethnic.,4
Lisbon is a capital state.,0,Lisbon is a capital state.,0
"""The capital state is Lisbon.""",0,Lisbon is a capital state.,1
"""Lisbon serves as a capital state.""",0,Lisbon is a capital state.,2
"""A capital state is represented by Lisbon.""",0,Lisbon is a capital state.,3
"""Lisbon functions as a capital state.""",0,Lisbon is a capital state.,4
"Tyler, The Creator is a recording artist.",1,"Tyler, The Creator is a recording artist.",0
"""A recording artist is Tyler, The Creator.""",1,"Tyler, The Creator is a recording artist.",1
"""Tyler, The Creator works as a recording artist.""",1,"Tyler, The Creator is a recording artist.",2
"""As a recording artist, Tyler, The Creator is recognized.""",1,"Tyler, The Creator is a recording artist.",3
"""Tyler, The Creator holds the title of a recording artist.""",1,"Tyler, The Creator is a recording artist.",4
Event management is the application of project management to the development of death.,0,Event management is the application of project management to the development of death.,0
"""The application of project management to the development of death is what event management entails.""",0,Event management is the application of project management to the development of death.,1
"""Event management involves using project management techniques in the development of death.""",0,Event management is the application of project management to the development of death.,2
"""The development of death is achieved through the application of project management within event management.""",0,Event management is the application of project management to the development of death.,3
"""In event management, project management is applied to the development of death.""",0,Event management is the application of project management to the development of death.,4
The Shape of Water (film) is an upcoming American film.,1,The Shape of Water (film) is an upcoming American film.,0
"""An upcoming American film is The Shape of Water (film).""",1,The Shape of Water (film) is an upcoming American film.,1
"""The Shape of Water (film) is a film from America that is set to be released soon.""",1,The Shape of Water (film) is an upcoming American film.,2
"""An American film titled The Shape of Water (film) is on the horizon.""",1,The Shape of Water (film) is an upcoming American film.,3
"""The upcoming film The Shape of Water (film) is an American production.""",1,The Shape of Water (film) is an upcoming American film.,4
Jimmy Carter was not a president.,0,Jimmy Carter was not a president.,0
"""Jimmy Carter did not serve as a president.""",0,Jimmy Carter was not a president.,1
"""Jimmy Carter was never a president.""",0,Jimmy Carter was not a president.,2
"""Jimmy Carter is not recognized as a president.""",0,Jimmy Carter was not a president.,3
"""Jimmy Carter has not held the office of president.""",0,Jimmy Carter was not a president.,4
Year Zero was tossed in production.,0,Year Zero was tossed in production.,0
Production of Year Zero was discarded.,0,Year Zero was tossed in production.,1
Year Zero was thrown out during production.,0,Year Zero was tossed in production.,2
"During production, Year Zero was abandoned.",0,Year Zero was tossed in production.,3
The production of Year Zero was scrapped.,0,Year Zero was tossed in production.,4
Lonesome Dove is a work.,1,Lonesome Dove is a work.,0
"""A work is Lonesome Dove.""",1,Lonesome Dove is a work.,1
"""Lonesome Dove qualifies as a work.""",1,Lonesome Dove is a work.,2
"""Lonesome Dove constitutes a work.""",1,Lonesome Dove is a work.,3
"""There exists a work known as Lonesome Dove.""",1,Lonesome Dove is a work.,4
Macbeth is a comedy.,0,Macbeth is a comedy.,0
"""A comedy is what Macbeth is classified as.""",0,Macbeth is a comedy.,1
"""Macbeth falls under the genre of comedy.""",0,Macbeth is a comedy.,2
"""The genre of Macbeth is comedy.""",0,Macbeth is a comedy.,3
"""Macbeth can be described as a comedy.""",0,Macbeth is a comedy.,4
Qatar is an island.,0,Qatar is an island.,0
An island is what Qatar is.,0,Qatar is an island.,1
Qatar can be classified as an island.,0,Qatar is an island.,2
It is accurate to say that Qatar is an island.,0,Qatar is an island.,3
Qatar qualifies as an island.,0,Qatar is an island.,4
David Dhawan is a film director.,1,David Dhawan is a film director.,0
A film director is David Dhawan.,1,David Dhawan is a film director.,1
David Dhawan works as a film director.,1,David Dhawan is a film director.,2
The profession of David Dhawan is that of a film director.,1,David Dhawan is a film director.,3
David Dhawan serves in the capacity of a film director.,1,David Dhawan is a film director.,4
The United Kingdom includes Scotland.,1,The United Kingdom includes Scotland.,0
Scotland is part of the United Kingdom.,1,The United Kingdom includes Scotland.,1
The United Kingdom encompasses Scotland.,1,The United Kingdom includes Scotland.,2
Scotland is included in the United Kingdom.,1,The United Kingdom includes Scotland.,3
The United Kingdom contains Scotland.,1,The United Kingdom includes Scotland.,4
Michael Keaton was born in 1953.,0,Michael Keaton was born in 1953.,0
Michael Keaton was born in the year 1953.,0,Michael Keaton was born in 1953.,1
"In 1953, Michael Keaton was born.",0,Michael Keaton was born in 1953.,2
The year 1953 marks the birth of Michael Keaton.,0,Michael Keaton was born in 1953.,3
"Born in 1953, Michael Keaton entered the world.",0,Michael Keaton was born in 1953.,4
"Sammy Cahn died November 15, 1993.",0,"Sammy Cahn died November 15, 1993.",0
"Sammy Cahn passed away on November 15, 1993.",0,"Sammy Cahn died November 15, 1993.",1
"On November 15, 1993, Sammy Cahn died.",0,"Sammy Cahn died November 15, 1993.",2
"The date of Sammy Cahn's death was November 15, 1993.",0,"Sammy Cahn died November 15, 1993.",3
"November 15, 1993, marks the day Sammy Cahn died.",0,"Sammy Cahn died November 15, 1993.",4
Brad Pitt produced at least two Best Picture Oscar winners.,1,Brad Pitt produced at least two Best Picture Oscar winners.,0
At least two Oscar winners for Best Picture were produced by Brad Pitt.,1,Brad Pitt produced at least two Best Picture Oscar winners.,1
Brad Pitt has produced a minimum of two films that won the Best Picture Oscar.,1,Brad Pitt produced at least two Best Picture Oscar winners.,2
A minimum of two Best Picture Oscar-winning films were produced by Brad Pitt.,1,Brad Pitt produced at least two Best Picture Oscar winners.,3
Brad Pitt is credited with producing no fewer than two Best Picture Oscar winners.,1,Brad Pitt produced at least two Best Picture Oscar winners.,4
Ajay Devgan is a person.,1,Ajay Devgan is a person.,0
Ajay Devgan is an individual.,1,Ajay Devgan is a person.,1
A person is Ajay Devgan.,1,Ajay Devgan is a person.,2
Ajay Devgan qualifies as a person.,1,Ajay Devgan is a person.,3
The entity known as Ajay Devgan is a person.,1,Ajay Devgan is a person.,4
Cory Monteith played Finn Hudson in Glee.,1,Cory Monteith played Finn Hudson in Glee.,0
"In Glee, Finn Hudson was portrayed by Cory Monteith.",1,Cory Monteith played Finn Hudson in Glee.,1
Cory Monteith was the actor who played Finn Hudson in the show Glee.,1,Cory Monteith played Finn Hudson in Glee.,2
Finn Hudson was a character played by Cory Monteith in Glee.,1,Cory Monteith played Finn Hudson in Glee.,3
The role of Finn Hudson in Glee was played by Cory Monteith.,1,Cory Monteith played Finn Hudson in Glee.,4
Russ is not a rapper.,0,Russ is not a rapper.,0
"""Russ is not involved in rapping.""",0,Russ is not a rapper.,1
"""Russ does not identify as a rapper.""",0,Russ is not a rapper.,2
"""Russ does not engage in the profession of rapping.""",0,Russ is not a rapper.,3
"""Russ is not considered a rapper.""",0,Russ is not a rapper.,4
Thirteen Reasons Why was written by nobody.,0,Thirteen Reasons Why was written by nobody.,0
Nobody wrote Thirteen Reasons Why.,0,Thirteen Reasons Why was written by nobody.,1
Thirteen Reasons Why has no author.,0,Thirteen Reasons Why was written by nobody.,2
There is no one who wrote Thirteen Reasons Why.,0,Thirteen Reasons Why was written by nobody.,3
Thirteen Reasons Why was authored by no one.,0,Thirteen Reasons Why was written by nobody.,4
A character in Constantine's screenplay was Frank Cappello.,0,A character in Constantine's screenplay was Frank Cappello.,0
Frank Cappello was a character in the screenplay written by Constantine.,0,A character in Constantine's screenplay was Frank Cappello.,1
"In Constantine's screenplay, there was a character named Frank Cappello.",0,A character in Constantine's screenplay was Frank Cappello.,2
A character named Frank Cappello appeared in the screenplay of Constantine.,0,A character in Constantine's screenplay was Frank Cappello.,3
The screenplay by Constantine featured a character called Frank Cappello.,0,A character in Constantine's screenplay was Frank Cappello.,4
Haitian Creole is the only book.,0,Haitian Creole is the only book.,0
The sole book is Haitian Creole.,0,Haitian Creole is the only book.,1
Only Haitian Creole exists as a book.,0,Haitian Creole is the only book.,2
Haitian Creole is the one and only book.,0,Haitian Creole is the only book.,3
The only book available is Haitian Creole.,0,Haitian Creole is the only book.,4
Heikegani has a shell that is only believed to resemble a sad samurai's face.,0,Heikegani has a shell that is only believed to resemble a sad samurai's face.,0
It is only thought that the shell of Heikegani resembles the face of a sad samurai.,0,Heikegani has a shell that is only believed to resemble a sad samurai's face.,1
The shell of Heikegani is believed to only look like the face of a sad samurai.,0,Heikegani has a shell that is only believed to resemble a sad samurai's face.,2
"Heikegani's shell is said to resemble a sad samurai's face, but this is only a belief.",0,Heikegani has a shell that is only believed to resemble a sad samurai's face.,3
There is a belief that Heikegani's shell resembles the face of a sad samurai.,0,Heikegani has a shell that is only believed to resemble a sad samurai's face.,4
Philadelphia is in the United States.,1,Philadelphia is in the United States.,0
"""The United States is home to Philadelphia.""",1,Philadelphia is in the United States.,1
"""Located in the United States, Philadelphia is a city.""",1,Philadelphia is in the United States.,2
"""Philadelphia exists within the boundaries of the United States.""",1,Philadelphia is in the United States.,3
"""In the United States, you can find Philadelphia.""",1,Philadelphia is in the United States.,4
Matthew Modine played the title character of a 1984 film.,1,Matthew Modine played the title character of a 1984 film.,0
"In a film from 1984, Matthew Modine portrayed the lead role.",1,Matthew Modine played the title character of a 1984 film.,1
The title character in a 1984 movie was played by Matthew Modine.,1,Matthew Modine played the title character of a 1984 film.,2
Matthew Modine took on the role of the title character in a film released in 1984.,1,Matthew Modine played the title character of a 1984 film.,3
"In 1984, the character of the title was performed by Matthew Modine in a film.",1,Matthew Modine played the title character of a 1984 film.,4
Big Bang won 0 awards at the 9th MTV Video Music Awards Japan.,0,Big Bang won 0 awards at the 9th MTV Video Music Awards Japan.,0
"At the 9th MTV Video Music Awards Japan, Big Bang received no awards.",0,Big Bang won 0 awards at the 9th MTV Video Music Awards Japan.,1
Big Bang did not win any awards at the 9th MTV Video Music Awards Japan.,0,Big Bang won 0 awards at the 9th MTV Video Music Awards Japan.,2
No awards were won by Big Bang at the 9th MTV Video Music Awards Japan.,0,Big Bang won 0 awards at the 9th MTV Video Music Awards Japan.,3
The 9th MTV Video Music Awards Japan saw Big Bang take home 0 awards.,0,Big Bang won 0 awards at the 9th MTV Video Music Awards Japan.,4
Giada De Laurentiis has contributed to a show.,1,Giada De Laurentiis has contributed to a show.,0
A show has received contributions from Giada De Laurentiis.,1,Giada De Laurentiis has contributed to a show.,1
Giada De Laurentiis has made contributions to a television show.,1,Giada De Laurentiis has contributed to a show.,2
"Contributed by Giada De Laurentiis, a show has benefitted from her input.",1,Giada De Laurentiis has contributed to a show.,3
A show has had contributions made by Giada De Laurentiis.,1,Giada De Laurentiis has contributed to a show.,4
Caitlyn Jenner did not change her gender.,0,Caitlyn Jenner did not change her gender.,0
Caitlyn Jenner has not changed her gender.,0,Caitlyn Jenner did not change her gender.,1
There has been no change in Caitlyn Jenner's gender.,0,Caitlyn Jenner did not change her gender.,2
Caitlyn Jenner did not undergo a gender change.,0,Caitlyn Jenner did not change her gender.,3
There is no evidence that Caitlyn Jenner changed her gender.,0,Caitlyn Jenner did not change her gender.,4
"Gerd von Rundstedt died February 3, 1951.",0,"Gerd von Rundstedt died February 3, 1951.",0
"Gerd von Rundstedt passed away on February 3, 1951.",0,"Gerd von Rundstedt died February 3, 1951.",1
"On February 3, 1951, Gerd von Rundstedt died.",0,"Gerd von Rundstedt died February 3, 1951.",2
"The date of Gerd von Rundstedt's death was February 3, 1951.",0,"Gerd von Rundstedt died February 3, 1951.",3
"February 3, 1951, marks the day Gerd von Rundstedt died.",0,"Gerd von Rundstedt died February 3, 1951.",4
Jim Henson founded a company that produces children's and family entertainment.,1,Jim Henson founded a company that produces children's and family entertainment.,0
A company that creates children's and family entertainment was founded by Jim Henson.,1,Jim Henson founded a company that produces children's and family entertainment.,1
Jim Henson established a company dedicated to producing entertainment for children and families.,1,Jim Henson founded a company that produces children's and family entertainment.,2
The company that Jim Henson founded specializes in children's and family entertainment production.,1,Jim Henson founded a company that produces children's and family entertainment.,3
Jim Henson is the founder of a company that focuses on creating entertainment for families and children.,1,Jim Henson founded a company that produces children's and family entertainment.,4
Tony Bill directed anything except Flyboys.,0,Tony Bill directed anything except Flyboys.,0
Tony Bill directed everything other than Flyboys.,0,Tony Bill directed anything except Flyboys.,1
Anything directed by Tony Bill does not include Flyboys.,0,Tony Bill directed anything except Flyboys.,2
Flyboys is not among the projects directed by Tony Bill.,0,Tony Bill directed anything except Flyboys.,3
Tony Bill was involved in directing all projects except for Flyboys.,0,Tony Bill directed anything except Flyboys.,4
Julius Caesar was a general of Rome.,1,Julius Caesar was a general of Rome.,0
Julius Caesar served as a general for Rome.,1,Julius Caesar was a general of Rome.,1
A general of Rome was Julius Caesar.,1,Julius Caesar was a general of Rome.,2
Rome had Julius Caesar as one of its generals.,1,Julius Caesar was a general of Rome.,3
"As a general, Julius Caesar was associated with Rome.",1,Julius Caesar was a general of Rome.,4
An American singer starred in The Host.,1,An American singer starred in The Host.,0
A singer from America played a leading role in The Host.,1,An American singer starred in The Host.,1
The Host featured a singer who is American in a starring role.,1,An American singer starred in The Host.,2
An American artist had a starring part in The Host.,1,An American singer starred in The Host.,3
"In The Host, a singer hailing from America took on the lead role.",1,An American singer starred in The Host.,4
Gone with the Wind is a long-length fiction work.,1,Gone with the Wind is a long-length fiction work.,0
"""Gone with the Wind is a lengthy fictional piece.""",1,Gone with the Wind is a long-length fiction work.,1
"""Gone with the Wind is a work of fiction with a long length.""",1,Gone with the Wind is a long-length fiction work.,2
"""Gone with the Wind is a fiction novel that is of considerable length.""",1,Gone with the Wind is a long-length fiction work.,3
"""Gone with the Wind is a work of long-length fiction.""",1,Gone with the Wind is a long-length fiction work.,4
Shantel VanSanten has been featured in a publication.,1,Shantel VanSanten has been featured in a publication.,0
A publication has featured Shantel VanSanten.,1,Shantel VanSanten has been featured in a publication.,1
Shantel VanSanten has appeared in a publication.,1,Shantel VanSanten has been featured in a publication.,2
"In a publication, Shantel VanSanten has been highlighted.",1,Shantel VanSanten has been featured in a publication.,3
A publication has showcased Shantel VanSanten.,1,Shantel VanSanten has been featured in a publication.,4
Shakira has an eighth album.,1,Shakira has an eighth album.,0
Shakira possesses an eighth album.,1,Shakira has an eighth album.,1
An eighth album is held by Shakira.,1,Shakira has an eighth album.,2
There exists an eighth album by Shakira.,1,Shakira has an eighth album.,3
Shakira is in possession of an eighth album.,1,Shakira has an eighth album.,4
Stephen Hawking is not paralysed,0,Stephen Hawking is not paralysed,0
Stephen Hawking is not experiencing paralysis.,0,Stephen Hawking is not paralysed,1
Stephen Hawking does not suffer from paralysis.,0,Stephen Hawking is not paralysed,2
Stephen Hawking is free from paralysis.,0,Stephen Hawking is not paralysed,3
Stephen Hawking is not affected by paralysis.,0,Stephen Hawking is not paralysed,4
Ryuk (Death Note) is from a manga series that later became an anime.,1,Ryuk (Death Note) is from a manga series that later became an anime.,0
"""Ryuk, a character from Death Note, originates from a manga series that was subsequently adapted into an anime.""",1,Ryuk (Death Note) is from a manga series that later became an anime.,1
"""From the manga series Death Note, Ryuk is a character that later transitioned into an anime.""",1,Ryuk (Death Note) is from a manga series that later became an anime.,2
"""The character Ryuk, who appears in Death Note, comes from a manga that eventually turned into an anime.""",1,Ryuk (Death Note) is from a manga series that later became an anime.,3
"""Ryuk, featured in Death Note, is derived from a manga series that was later converted into an anime.""",1,Ryuk (Death Note) is from a manga series that later became an anime.,4
