statement,label,original_statement,para_idx
Earth has a magnetic field.,1,Earth has a magnetic field.,0
The planet Earth possesses a magnetic field.,1,Earth has a magnetic field.,1
A magnetic field exists around Earth.,1,Earth has a magnetic field.,2
There is a magnetic field associated with Earth.,1,Earth has a magnetic field.,3
Earth is equipped with a magnetic field.,1,Earth has a magnetic field.,4
Most fish live on land.,0,Most fish live on land.,0
The majority of fish inhabit terrestrial environments.,0,Most fish live on land.,1
A large number of fish reside on land.,0,Most fish live on land.,2
Most species of fish can be found living on land.,0,Most fish live on land.,3
The greater part of fish exists in land-based habitats.,0,Most fish live on land.,4
The Statue of Liberty is located in Paris.,0,The Statue of Liberty is located in Paris.,0
The location of the Statue of Liberty is in Paris.,0,The Statue of Liberty is located in Paris.,1
"In Paris, you can find the Statue of Liberty.",0,The Statue of Liberty is located in Paris.,2
Paris is where the Statue of Liberty is situated.,0,The Statue of Liberty is located in Paris.,3
The Statue of Liberty can be found in Paris.,0,The Statue of Liberty is located in Paris.,4
"The planet Mars is known as the ""Red Planet"" due to its reddish appearance.",1,"The planet Mars is known as the ""Red Planet"" due to its reddish appearance.",0
"Mars is referred to as the ""Red Planet"" because of its reddish color.",1,"The planet Mars is known as the ""Red Planet"" due to its reddish appearance.",1
"The ""Red Planet"" designation for Mars comes from its reddish look.",1,"The planet Mars is known as the ""Red Planet"" due to its reddish appearance.",2
"Due to its reddish appearance, Mars is commonly called the ""Red Planet.""",1,"The planet Mars is known as the ""Red Planet"" due to its reddish appearance.",3
"Known for its reddish hue, the planet Mars is called the ""Red Planet.""",1,"The planet Mars is known as the ""Red Planet"" due to its reddish appearance.",4
The planet Venus is the hottest planet in our solar system.,1,The planet Venus is the hottest planet in our solar system.,0
"In our solar system, Venus is the planet with the highest temperatures.",1,The planet Venus is the hottest planet in our solar system.,1
The hottest planet in the solar system is Venus.,1,The planet Venus is the hottest planet in our solar system.,2
"Among all the planets in our solar system, Venus has the highest heat.",1,The planet Venus is the hottest planet in our solar system.,3
Venus holds the title of the hottest planet within our solar system.,1,The planet Venus is the hottest planet in our solar system.,4
Erosion is the gradual wearing away of Earth's surface by natural processes.,1,Erosion is the gradual wearing away of Earth's surface by natural processes.,0
"""The gradual wearing away of Earth's surface occurs due to natural processes, a phenomenon known as erosion.""",1,Erosion is the gradual wearing away of Earth's surface by natural processes.,1
"""Erosion refers to the slow degradation of the Earth's surface caused by natural processes.""",1,Erosion is the gradual wearing away of Earth's surface by natural processes.,2
"""Natural processes lead to the gradual erosion of the Earth's surface, which is the wearing away of it.""",1,Erosion is the gradual wearing away of Earth's surface by natural processes.,3
"""The Earth's surface undergoes gradual wearing away through natural processes, a process identified as erosion.""",1,Erosion is the gradual wearing away of Earth's surface by natural processes.,4
"The primary colors of light are red, green, and blue.",1,"The primary colors of light are red, green, and blue.",0
"Red, green, and blue are the primary colors of light.",1,"The primary colors of light are red, green, and blue.",1
"The colors red, green, and blue constitute the primary colors of light.",1,"The primary colors of light are red, green, and blue.",2
"Light's primary colors include red, green, and blue.",1,"The primary colors of light are red, green, and blue.",3
"The primary colors of light consist of red, green, and blue.",1,"The primary colors of light are red, green, and blue.",4
The largest living organism in the world is a single ant.,0,The largest living organism in the world is a single ant.,0
A single ant holds the title of the largest living organism in the world.,0,The largest living organism in the world is a single ant.,1
The largest organism currently alive on Earth is one ant.,0,The largest living organism in the world is a single ant.,2
"In the world, the largest living organism is represented by a single ant.",0,The largest living organism in the world is a single ant.,3
A solitary ant is recognized as the largest living organism on the planet.,0,The largest living organism in the world is a single ant.,4
Ice cream is a popular dessert.,1,Ice cream is a popular dessert.,0
A widely enjoyed dessert is ice cream.,1,Ice cream is a popular dessert.,1
Ice cream is considered a favorite dessert by many.,1,Ice cream is a popular dessert.,2
Many people find ice cream to be a popular choice for dessert.,1,Ice cream is a popular dessert.,3
"As a dessert, ice cream is quite popular.",1,Ice cream is a popular dessert.,4
The fastest animal in the world is the sloth.,0,The fastest animal in the world is the sloth.,0
The sloth is the world's fastest animal.,0,The fastest animal in the world is the sloth.,1
"In terms of speed, the sloth is the fastest creature on the planet.",0,The fastest animal in the world is the sloth.,2
The animal recognized as the fastest in the world is the sloth.,0,The fastest animal in the world is the sloth.,3
"According to claims, the sloth holds the title of the fastest animal globally.",0,The fastest animal in the world is the sloth.,4
The largest desert in the world is the Sahara Desert.,1,The largest desert in the world is the Sahara Desert.,0
The Sahara Desert is the largest desert in the world.,1,The largest desert in the world is the Sahara Desert.,1
"In the world, the largest desert is the Sahara Desert.",1,The largest desert in the world is the Sahara Desert.,2
The Sahara Desert holds the title of the largest desert in the world.,1,The largest desert in the world is the Sahara Desert.,3
The world’s largest desert is the Sahara Desert.,1,The largest desert in the world is the Sahara Desert.,4
"Electromagnetic waves include radio waves, microwaves, infrared, visible light, ultraviolet, X-rays, and gamma rays.",1,"Electromagnetic waves include radio waves, microwaves, infrared, visible light, ultraviolet, X-rays, and gamma rays.",0
"Radio waves, microwaves, infrared, visible light, ultraviolet, X-rays, and gamma rays are all types of electromagnetic waves.",1,"Electromagnetic waves include radio waves, microwaves, infrared, visible light, ultraviolet, X-rays, and gamma rays.",1
"Included in the category of electromagnetic waves are radio waves, microwaves, infrared, visible light, ultraviolet, X-rays, and gamma rays.",1,"Electromagnetic waves include radio waves, microwaves, infrared, visible light, ultraviolet, X-rays, and gamma rays.",2
"The spectrum of electromagnetic waves consists of radio waves, microwaves, infrared, visible light, ultraviolet, X-rays, and gamma rays.",1,"Electromagnetic waves include radio waves, microwaves, infrared, visible light, ultraviolet, X-rays, and gamma rays.",3
"Among electromagnetic waves are radio waves, microwaves, infrared, visible light, ultraviolet, X-rays, and gamma rays.",1,"Electromagnetic waves include radio waves, microwaves, infrared, visible light, ultraviolet, X-rays, and gamma rays.",4
The process by which cells divide to form two identical daughter cells is called mitosis.,1,The process by which cells divide to form two identical daughter cells is called mitosis.,0
"""Mitosis is the term used to describe the process in which cells divide to create two identical daughter cells.""",1,The process by which cells divide to form two identical daughter cells is called mitosis.,1
"""The division of cells that leads to the formation of two identical daughter cells is known as mitosis.""",1,The process by which cells divide to form two identical daughter cells is called mitosis.,2
"""Cells undergo a process called mitosis to split into two identical daughter cells.""",1,The process by which cells divide to form two identical daughter cells is called mitosis.,3
"""The process referred to as mitosis involves the division of cells to produce two identical daughter cells.""",1,The process by which cells divide to form two identical daughter cells is called mitosis.,4
Inertia is an object's encouragement to change in motion.,0,Inertia is an object's encouragement to change in motion.,0
An object’s tendency to change its state of motion is referred to as inertia.,0,Inertia is an object's encouragement to change in motion.,1
Inertia describes how an object is inclined to alter its motion.,0,Inertia is an object's encouragement to change in motion.,2
The encouragement for an object to change its motion is known as inertia.,0,Inertia is an object's encouragement to change in motion.,3
An object's inertia is its propensity to change in terms of motion.,0,Inertia is an object's encouragement to change in motion.,4
Broccoli is a popular dessert.,0,Broccoli is a popular dessert.,0
"""A popular dessert is broccoli.""",0,Broccoli is a popular dessert.,1
"""Broccoli is considered a popular dessert.""",0,Broccoli is a popular dessert.,2
"""As a dessert, broccoli is quite popular.""",0,Broccoli is a popular dessert.,3
"""Broccoli ranks as a popular choice for dessert.""",0,Broccoli is a popular dessert.,4
The planet Earth is the only planet known to support life.,1,The planet Earth is the only planet known to support life.,0
"""Earth is the sole planet recognized to sustain life.""",1,The planet Earth is the only planet known to support life.,1
"""The only planet that is known to harbor life is Earth.""",1,The planet Earth is the only planet known to support life.,2
"""The planet known to support life is exclusively Earth.""",1,The planet Earth is the only planet known to support life.,3
"""Earth is the unique planet identified as being able to support life.""",1,The planet Earth is the only planet known to support life.,4
The human liver can regenerate itself.,1,The human liver can regenerate itself.,0
"""The liver in humans has the ability to regenerate itself.""",1,The human liver can regenerate itself.,1
"""Humans have a liver that can regenerate itself.""",1,The human liver can regenerate itself.,2
"""The human liver is capable of self-regeneration.""",1,The human liver can regenerate itself.,3
"""Self-regeneration is a characteristic of the human liver.""",1,The human liver can regenerate itself.,4
The human body is composed of about 60% water.,1,The human body is composed of about 60% water.,0
Approximately 60% of the human body consists of water.,1,The human body is composed of about 60% water.,1
The composition of the human body is roughly 60% water.,1,The human body is composed of about 60% water.,2
About 60% of water makes up the human body.,1,The human body is composed of about 60% water.,3
Water accounts for around 60% of the human body's composition.,1,The human body is composed of about 60% water.,4
Rainbows form when light refracts through water droplets.,1,Rainbows form when light refracts through water droplets.,0
"""Light refracts through water droplets, resulting in the formation of rainbows.""",1,Rainbows form when light refracts through water droplets.,1
"""When light passes through water droplets, rainbows are formed due to refraction.""",1,Rainbows form when light refracts through water droplets.,2
"""The formation of rainbows occurs as light refracts through droplets of water.""",1,Rainbows form when light refracts through water droplets.,3
"""Rainbows are created by the refraction of light as it travels through water droplets.""",1,Rainbows form when light refracts through water droplets.,4
The sun is a star.,1,The sun is a star.,0
"""A star is what the sun is.""",1,The sun is a star.,1
"""The sun can be classified as a star.""",1,The sun is a star.,2
"""In terms of classification, the sun is a star.""",1,The sun is a star.,3
"""The sun falls under the category of a star.""",1,The sun is a star.,4
The alphabet consists of 26 letters.,1,The alphabet consists of 26 letters.,0
There are 26 letters in the alphabet.,1,The alphabet consists of 26 letters.,1
The total number of letters in the alphabet is 26.,1,The alphabet consists of 26 letters.,2
"Comprising 26 letters, the alphabet is structured this way.",1,The alphabet consists of 26 letters.,3
"In its entirety, the alphabet contains 26 letters.",1,The alphabet consists of 26 letters.,4
Symbiosis is a distant relationship between two species.,0,Symbiosis is a distant relationship between two species.,0
"""A distant relationship exists between two species in symbiosis.""",0,Symbiosis is a distant relationship between two species.,1
"""In symbiosis, there is a relationship that is distant between two species.""",0,Symbiosis is a distant relationship between two species.,2
"""Two species engage in a distant relationship characterized by symbiosis.""",0,Symbiosis is a distant relationship between two species.,3
"""Symbiosis refers to a relationship that is distant between two species.""",0,Symbiosis is a distant relationship between two species.,4
Hybrids are the offspring of identical plants or animals from the same species or varieties.,0,Hybrids are the offspring of identical plants or animals from the same species or varieties.,0
"""Hybrids result from the mating of identical plants or animals that belong to the same species or varieties.""",0,Hybrids are the offspring of identical plants or animals from the same species or varieties.,1
"""The offspring known as hybrids come from identical plants or animals within the same species or varieties.""",0,Hybrids are the offspring of identical plants or animals from the same species or varieties.,2
"""Identical plants or animals from the same species or varieties produce hybrids as their offspring.""",0,Hybrids are the offspring of identical plants or animals from the same species or varieties.,3
"""Hybrids are produced by identical plants or animals that are from the same species or varieties.""",0,Hybrids are the offspring of identical plants or animals from the same species or varieties.,4
Elephants can fly.,0,Elephants can fly.,0
Elephants are capable of flying.,0,Elephants can fly.,1
It is possible for elephants to fly.,0,Elephants can fly.,2
Flying is something that elephants can do.,0,Elephants can fly.,3
Elephants have the ability to fly.,0,Elephants can fly.,4
The largest body of water in the world is the Mediterranean Sea.,0,The largest body of water in the world is the Mediterranean Sea.,0
The Mediterranean Sea is the world's largest body of water.,0,The largest body of water in the world is the Mediterranean Sea.,1
"In terms of size, the largest body of water on the planet is the Mediterranean Sea.",0,The largest body of water in the world is the Mediterranean Sea.,2
The Mediterranean Sea holds the title of the largest body of water globally.,0,The largest body of water in the world is the Mediterranean Sea.,3
The world's largest body of water is the Mediterranean Sea.,0,The largest body of water in the world is the Mediterranean Sea.,4
The highest point in the United States is Death Valley.,0,The highest point in the United States is Death Valley.,0
Death Valley is the tallest point in the United States.,0,The highest point in the United States is Death Valley.,1
The tallest elevation in the United States is found in Death Valley.,0,The highest point in the United States is Death Valley.,2
"In the United States, Death Valley is recognized as the highest point.",0,The highest point in the United States is Death Valley.,3
Death Valley holds the title for the highest point in the United States.,0,The highest point in the United States is Death Valley.,4
Gravity is the force that attracts objects with mass towards each other.,1,Gravity is the force that attracts objects with mass towards each other.,0
The force that draws objects with mass towards one another is gravity.,1,Gravity is the force that attracts objects with mass towards each other.,1
Gravity is the attraction that occurs between objects that have mass.,1,Gravity is the force that attracts objects with mass towards each other.,2
Objects with mass are drawn towards each other by the force known as gravity.,1,Gravity is the force that attracts objects with mass towards each other.,3
The force responsible for attracting objects with mass to one another is called gravity.,1,Gravity is the force that attracts objects with mass towards each other.,4
The world's largest mammal is the blue whale.,1,The world's largest mammal is the blue whale.,0
The blue whale is the largest mammal in the world.,1,The world's largest mammal is the blue whale.,1
"In the world, the largest mammal is the blue whale.",1,The world's largest mammal is the blue whale.,2
The mammal that holds the title of the largest in the world is the blue whale.,1,The world's largest mammal is the blue whale.,3
The blue whale ranks as the world's largest mammal.,1,The world's largest mammal is the blue whale.,4
Atoms are the basic breaking points of matter.,0,Atoms are the basic breaking points of matter.,0
"""The fundamental breaking points of matter are atoms.""",0,Atoms are the basic breaking points of matter.,1
"""Atoms serve as the basic breaking points for matter.""",0,Atoms are the basic breaking points of matter.,2
"""Matter has atoms as its basic breaking points.""",0,Atoms are the basic breaking points of matter.,3
"""The basic points at which matter breaks down are atoms.""",0,Atoms are the basic breaking points of matter.,4
The human brain weighs about 100 pounds.,0,The human brain weighs about 100 pounds.,0
The weight of the human brain is approximately 100 pounds.,0,The human brain weighs about 100 pounds.,1
Approximately 100 pounds is the weight of the human brain.,0,The human brain weighs about 100 pounds.,2
About 100 pounds is how much the human brain weighs.,0,The human brain weighs about 100 pounds.,3
The human brain has a weight of roughly 100 pounds.,0,The human brain weighs about 100 pounds.,4
All animals are colorblind.,0,All animals are colorblind.,0
"""Every animal is unable to see colors.""",0,All animals are colorblind.,1
"""Animals do not perceive colors at all.""",0,All animals are colorblind.,2
"""No animal can distinguish colors.""",0,All animals are colorblind.,3
"""All creatures lack the ability to see in color.""",0,All animals are colorblind.,4
"The planet Venus is often referred to as the ""morning star"" or the ""evening star.""",1,"The planet Venus is often referred to as the ""morning star"" or the ""evening star.""",0
"Venus is commonly known as the ""morning star"" or the ""evening star.""",1,"The planet Venus is often referred to as the ""morning star"" or the ""evening star.""",1
"Often, the planet Venus is called the ""morning star"" or the ""evening star.""",1,"The planet Venus is often referred to as the ""morning star"" or the ""evening star.""",2
"The ""morning star"" or the ""evening star"" are names frequently used to refer to Venus.",1,"The planet Venus is often referred to as the ""morning star"" or the ""evening star.""",3
"It is typical to refer to Venus as the ""morning star"" or the ""evening star.""",1,"The planet Venus is often referred to as the ""morning star"" or the ""evening star.""",4
Jupiter is mostly made of hydrogen and helium.,1,Jupiter is mostly made of hydrogen and helium.,0
The composition of Jupiter is primarily hydrogen and helium.,1,Jupiter is mostly made of hydrogen and helium.,1
"Mostly, Jupiter consists of hydrogen and helium.",1,Jupiter is mostly made of hydrogen and helium.,2
Hydrogen and helium make up the majority of Jupiter's composition.,1,Jupiter is mostly made of hydrogen and helium.,3
Jupiter is comprised mainly of hydrogen and helium.,1,Jupiter is mostly made of hydrogen and helium.,4
Rainbows are formed when light is refracted through water droplets in the air.,1,Rainbows are formed when light is refracted through water droplets in the air.,0
"Light is refracted through water droplets in the air, which leads to the formation of rainbows.",1,Rainbows are formed when light is refracted through water droplets in the air.,1
"When light passes through water droplets in the air, it results in the creation of rainbows.",1,Rainbows are formed when light is refracted through water droplets in the air.,2
The formation of rainbows occurs as light is refracted by water droplets present in the air.,1,Rainbows are formed when light is refracted through water droplets in the air.,3
Rainbows occur due to the refraction of light through water droplets found in the air.,1,Rainbows are formed when light is refracted through water droplets in the air.,4
Mercury has no moons.,1,Mercury has no moons.,0
Mercury does not have any moons.,1,Mercury has no moons.,1
There are no moons orbiting Mercury.,1,Mercury has no moons.,2
Mercury is devoid of moons.,1,Mercury has no moons.,3
Moons do not exist around Mercury.,1,Mercury has no moons.,4
The Sahara is the smallest hot desert.,0,The Sahara is the smallest hot desert.,0
"""The smallest hot desert is the Sahara.""",0,The Sahara is the smallest hot desert.,1
"""The Sahara holds the title of the smallest hot desert.""",0,The Sahara is the smallest hot desert.,2
"""As the smallest hot desert, the Sahara is noteworthy.""",0,The Sahara is the smallest hot desert.,3
"""The Sahara is recognized as the smallest of the hot deserts.""",0,The Sahara is the smallest hot desert.,4
Diamonds are the hardest substance on Earth.,1,Diamonds are the hardest substance on Earth.,0
The hardest substance on Earth is diamonds.,1,Diamonds are the hardest substance on Earth.,1
Diamonds are recognized as the hardest material found on Earth.,1,Diamonds are the hardest substance on Earth.,2
"On Earth, the hardest substance is diamonds.",1,Diamonds are the hardest substance on Earth.,3
The hardest material on our planet is diamonds.,1,Diamonds are the hardest substance on Earth.,4
The human eye can detect only one color.,0,The human eye can detect only one color.,0
"""Only one color can be detected by the human eye.""",0,The human eye can detect only one color.,1
"""The human eye is capable of detecting just a single color.""",0,The human eye can detect only one color.,2
"""A single color is all that the human eye can detect.""",0,The human eye can detect only one color.,3
"""The detection of only one color is possible by the human eye.""",0,The human eye can detect only one color.,4
Cars can travel faster than the speed of light.,0,Cars can travel faster than the speed of light.,0
"""The speed of light can be surpassed by cars.""",0,Cars can travel faster than the speed of light.,1
"""Cars are capable of moving at speeds that exceed the speed of light.""",0,Cars can travel faster than the speed of light.,2
"""It is possible for cars to go faster than light.""",0,Cars can travel faster than the speed of light.,3
"""Cars have the ability to travel at speeds greater than the speed of light.""",0,Cars can travel faster than the speed of light.,4
The largest country in the world by area is Russia.,1,The largest country in the world by area is Russia.,0
Russia is the largest country in the world when measured by area.,1,The largest country in the world by area is Russia.,1
"By area, the largest country in the world is Russia.",1,The largest country in the world by area is Russia.,2
The country with the largest area in the world is Russia.,1,The largest country in the world by area is Russia.,3
Russia holds the title of the largest country in the world in terms of area.,1,The largest country in the world by area is Russia.,4
All birds can fly backwards.,0,All birds can fly backwards.,0
Every bird has the ability to fly in reverse.,0,All birds can fly backwards.,1
All species of birds are capable of flying backwards.,0,All birds can fly backwards.,2
Every type of bird can maneuver by flying backwards.,0,All birds can fly backwards.,3
All birds possess the capability to fly in a backward direction.,0,All birds can fly backwards.,4
The Earth is round.,1,The Earth is round.,0
The shape of the Earth is spherical.,1,The Earth is round.,1
The Earth has a round form.,1,The Earth is round.,2
The Earth is in the shape of a circle.,1,The Earth is round.,3
The planet Earth is not flat; it is round.,1,The Earth is round.,4
Lava is solid rock from volcanoes.,0,Lava is solid rock from volcanoes.,0
"""From volcanoes, lava is solid rock.""",0,Lava is solid rock from volcanoes.,1
"""Lava is the solid rock that comes from volcanoes.""",0,Lava is solid rock from volcanoes.,2
"""Solid rock from volcanoes is known as lava.""",0,Lava is solid rock from volcanoes.,3
"""Volcanoes produce lava, which is solid rock.""",0,Lava is solid rock from volcanoes.,4
"Tides are prevented by the gravitational interactions between the Earth, Moon, and Sun.",0,"Tides are prevented by the gravitational interactions between the Earth, Moon, and Sun.",0
"The gravitational interactions among the Earth, Moon, and Sun prevent tides.",0,"Tides are prevented by the gravitational interactions between the Earth, Moon, and Sun.",1
"Tides are obstructed due to the gravitational forces between the Earth, Moon, and Sun.",0,"Tides are prevented by the gravitational interactions between the Earth, Moon, and Sun.",2
"It is the gravitational relationships between the Earth, Moon, and Sun that stop tides.",0,"Tides are prevented by the gravitational interactions between the Earth, Moon, and Sun.",3
"The Earth, Moon, and Sun's gravitational interactions inhibit the occurrence of tides.",0,"Tides are prevented by the gravitational interactions between the Earth, Moon, and Sun.",4
Gravity pulls objects towards each other.,1,Gravity pulls objects towards each other.,0
Objects are pulled towards each other by gravity.,1,Gravity pulls objects towards each other.,1
Gravity attracts objects to one another.,1,Gravity pulls objects towards each other.,2
The force of gravity draws objects closer together.,1,Gravity pulls objects towards each other.,3
Objects are drawn towards each other due to gravity.,1,Gravity pulls objects towards each other.,4
Diamonds are formed from carbon.,1,Diamonds are formed from carbon.,0
"""Carbon is the material from which diamonds are created.""",1,Diamonds are formed from carbon.,1
"""Diamonds are created from carbon.""",1,Diamonds are formed from carbon.,2
"""The formation of diamonds occurs from carbon.""",1,Diamonds are formed from carbon.,3
"""Diamonds originate from carbon.""",1,Diamonds are formed from carbon.,4
Earth has multiple moons.,0,Earth has multiple moons.,0
The planet Earth possesses several moons.,0,Earth has multiple moons.,1
There are multiple moons orbiting Earth.,0,Earth has multiple moons.,2
Earth is orbited by various moons.,0,Earth has multiple moons.,3
Multiple moons are associated with Earth.,0,Earth has multiple moons.,4
"The auroras, or polar lights, are natural light displays caused by the interaction of solar particles with Earth's magnetic field.",1,"The auroras, or polar lights, are natural light displays caused by the interaction of solar particles with Earth's magnetic field.",0
"""Natural light displays known as auroras, or polar lights, are produced by the interaction of solar particles with Earth's magnetic field.""",1,"The auroras, or polar lights, are natural light displays caused by the interaction of solar particles with Earth's magnetic field.",1
"""Auroras, which are also referred to as polar lights, result from the interaction between solar particles and Earth's magnetic field.""",1,"The auroras, or polar lights, are natural light displays caused by the interaction of solar particles with Earth's magnetic field.",2
"""The interaction of solar particles with Earth's magnetic field leads to natural light displays called auroras, or polar lights.""",1,"The auroras, or polar lights, are natural light displays caused by the interaction of solar particles with Earth's magnetic field.",3
"""Known as polar lights, the auroras are light displays that occur naturally due to the interaction of solar particles and Earth's magnetic field.""",1,"The auroras, or polar lights, are natural light displays caused by the interaction of solar particles with Earth's magnetic field.",4
The most abundant gas in Earth's atmosphere is nitrogen.,1,The most abundant gas in Earth's atmosphere is nitrogen.,0
Nitrogen is the gas that is found in the greatest abundance in Earth's atmosphere.,1,The most abundant gas in Earth's atmosphere is nitrogen.,1
"In Earth's atmosphere, nitrogen is the most plentiful gas.",1,The most abundant gas in Earth's atmosphere is nitrogen.,2
The gas that exists in the highest concentration in Earth's atmosphere is nitrogen.,1,The most abundant gas in Earth's atmosphere is nitrogen.,3
Earth's atmosphere contains nitrogen as its most abundant gas.,1,The most abundant gas in Earth's atmosphere is nitrogen.,4
"Sharks are mammals, not fish.",0,"Sharks are mammals, not fish.",0
"""Sharks belong to the category of mammals instead of being classified as fish.""",0,"Sharks are mammals, not fish.",1
"""Instead of being fish, sharks are classified as mammals.""",0,"Sharks are mammals, not fish.",2
"""Rather than being fish, sharks are considered to be mammals.""",0,"Sharks are mammals, not fish.",3
"""Sharks are classified as mammals and not as fish.""",0,"Sharks are mammals, not fish.",4
The highest waterfall in the world is Angel Falls in Venezuela.,1,The highest waterfall in the world is Angel Falls in Venezuela.,0
Angel Falls in Venezuela is the tallest waterfall in the world.,1,The highest waterfall in the world is Angel Falls in Venezuela.,1
"In Venezuela, Angel Falls holds the title of the highest waterfall globally.",1,The highest waterfall in the world is Angel Falls in Venezuela.,2
"The tallest waterfall on the planet is Angel Falls, located in Venezuela.",1,The highest waterfall in the world is Angel Falls in Venezuela.,3
"Located in Venezuela, Angel Falls is recognized as the highest waterfall in the world.",1,The highest waterfall in the world is Angel Falls in Venezuela.,4
The study of matter and its interactions with energy is called physics.,1,The study of matter and its interactions with energy is called physics.,0
Physics is the name given to the study of matter and how it interacts with energy.,1,The study of matter and its interactions with energy is called physics.,1
The discipline that examines matter and its energy interactions is referred to as physics.,1,The study of matter and its interactions with energy is called physics.,2
"Called physics, the study focuses on matter and its interactions with energy.",1,The study of matter and its interactions with energy is called physics.,3
The field known as physics involves the study of matter and its relationships with energy.,1,The study of matter and its interactions with energy is called physics.,4
The greenhouse effect influences Earth's temperature.,1,The greenhouse effect influences Earth's temperature.,0
"""Earth's temperature is affected by the greenhouse effect.""",1,The greenhouse effect influences Earth's temperature.,1
"""The temperature of Earth is influenced by the greenhouse effect.""",1,The greenhouse effect influences Earth's temperature.,2
"""The greenhouse effect has an impact on the temperature of Earth.""",1,The greenhouse effect influences Earth's temperature.,3
"""Earth's temperature is subject to the influence of the greenhouse effect.""",1,The greenhouse effect influences Earth's temperature.,4
Ice sinks in water due to its higher density.,0,Ice sinks in water due to its higher density.,0
Ice sinks in water because it has a greater density.,0,Ice sinks in water due to its higher density.,1
"Due to its higher density, ice sinks in water.",0,Ice sinks in water due to its higher density.,2
"Because of its greater density, ice will sink in water.",0,Ice sinks in water due to its higher density.,3
Ice will sink in water as a result of its higher density.,0,Ice sinks in water due to its higher density.,4
Ice is hot.,0,Ice is hot.,0
"""Hot is what ice is.""",0,Ice is hot.,1
"""Ice possesses the quality of being hot.""",0,Ice is hot.,2
"""The state of ice is hot.""",0,Ice is hot.,3
"""Ice can be described as hot.""",0,Ice is hot.,4
Tornadoes are stationary columns of air.,0,Tornadoes are stationary columns of air.,0
Stationary columns of air are what tornadoes consist of.,0,Tornadoes are stationary columns of air.,1
Tornadoes can be described as columns of air that remain stationary.,0,Tornadoes are stationary columns of air.,2
A tornado is defined as a column of air that does not move.,0,Tornadoes are stationary columns of air.,3
Columns of air that are stationary are known as tornadoes.,0,Tornadoes are stationary columns of air.,4
Cells are the basic units of life.,1,Cells are the basic units of life.,0
The fundamental units of life are cells.,1,Cells are the basic units of life.,1
Cells serve as the essential building blocks of life.,1,Cells are the basic units of life.,2
"Life is fundamentally composed of cells, which are its basic units.",1,Cells are the basic units of life.,3
The basic components of life are known as cells.,1,Cells are the basic units of life.,4
The study of the universe beyond Earth's atmosphere is called astronomy.,1,The study of the universe beyond Earth's atmosphere is called astronomy.,0
Astronomy is the term used for the study of the universe that exists beyond Earth's atmosphere.,1,The study of the universe beyond Earth's atmosphere is called astronomy.,1
The field that examines the universe outside of Earth's atmosphere is referred to as astronomy.,1,The study of the universe beyond Earth's atmosphere is called astronomy.,2
Astronomy refers to the study of the cosmos beyond the atmosphere of Earth.,1,The study of the universe beyond Earth's atmosphere is called astronomy.,3
The investigation of the universe outside of Earth’s atmosphere is known as astronomy.,1,The study of the universe beyond Earth's atmosphere is called astronomy.,4
The first successful human heart transplant was performed in 1967.,1,The first successful human heart transplant was performed in 1967.,0
"In 1967, the first successful heart transplant in a human was carried out.",1,The first successful human heart transplant was performed in 1967.,1
The year 1967 saw the performance of the first successful heart transplant in a person.,1,The first successful human heart transplant was performed in 1967.,2
A successful human heart transplant took place for the first time in 1967.,1,The first successful human heart transplant was performed in 1967.,3
The initial successful heart transplant in humans occurred in 1967.,1,The first successful human heart transplant was performed in 1967.,4
"The first law of thermodynamics states that energy cannot be created or destroyed, only converted from one form to another.",1,"The first law of thermodynamics states that energy cannot be created or destroyed, only converted from one form to another.",0
"The first law of thermodynamics indicates that energy cannot be generated or annihilated, but can only be transformed from one form to another.",1,"The first law of thermodynamics states that energy cannot be created or destroyed, only converted from one form to another.",1
"According to the first law of thermodynamics, energy is incapable of being created or destroyed; it can merely change from one form to another.",1,"The first law of thermodynamics states that energy cannot be created or destroyed, only converted from one form to another.",2
"The first law of thermodynamics asserts that energy cannot be produced or eliminated, only changed from one form to a different one.",1,"The first law of thermodynamics states that energy cannot be created or destroyed, only converted from one form to another.",3
It is stated by the first law of thermodynamics that energy cannot be formed or erased; it can only be converted into various forms.,1,"The first law of thermodynamics states that energy cannot be created or destroyed, only converted from one form to another.",4
The human lymphatic system helps fight infections and diseases.,1,The human lymphatic system helps fight infections and diseases.,0
The lymphatic system in humans plays a role in combating infections and diseases.,1,The human lymphatic system helps fight infections and diseases.,1
Infections and diseases are fought by the human lymphatic system.,1,The human lymphatic system helps fight infections and diseases.,2
"To help fight infections and diseases, the human lymphatic system is involved.",1,The human lymphatic system helps fight infections and diseases.,3
The fight against infections and diseases is aided by the human lymphatic system.,1,The human lymphatic system helps fight infections and diseases.,4
Stars appear to twinkle due to Earth's atmosphere.,1,Stars appear to twinkle due to Earth's atmosphere.,0
The twinkling of stars is caused by the Earth's atmosphere.,1,Stars appear to twinkle due to Earth's atmosphere.,1
Earth's atmosphere is responsible for the appearance of twinkling stars.,1,Stars appear to twinkle due to Earth's atmosphere.,2
Stars seem to twinkle because of the Earth's atmosphere.,1,Stars appear to twinkle due to Earth's atmosphere.,3
It is the atmosphere of Earth that makes stars appear to twinkle.,1,Stars appear to twinkle due to Earth's atmosphere.,4
The smallest planet in our solar system is Jupiter.,0,The smallest planet in our solar system is Jupiter.,0
Jupiter is the smallest planet in our solar system.,0,The smallest planet in our solar system is Jupiter.,1
"In our solar system, the smallest planet is Jupiter.",0,The smallest planet in our solar system is Jupiter.,2
The planet that is the smallest in our solar system is Jupiter.,0,The smallest planet in our solar system is Jupiter.,3
Jupiter holds the title of the smallest planet in the solar system.,0,The smallest planet in our solar system is Jupiter.,4
The sky is often clear when it's going to rain.,0,The sky is often clear when it's going to rain.,0
"""When it is about to rain, the sky is frequently clear.""",0,The sky is often clear when it's going to rain.,1
"""It is common for the sky to be clear prior to rainfall.""",0,The sky is often clear when it's going to rain.,2
"""Often, the sky appears clear just before it rains.""",0,The sky is often clear when it's going to rain.,3
"""The sky tends to be clear when rain is imminent.""",0,The sky is often clear when it's going to rain.,4
The study of the Earth's core beyond Earth's atmosphere is called geoastronomy.,0,The study of the Earth's core beyond Earth's atmosphere is called geoastronomy.,0
Geoastronomy is the term used for the study of the Earth's core outside of Earth's atmosphere.,0,The study of the Earth's core beyond Earth's atmosphere is called geoastronomy.,1
The term for studying the Earth's core outside of Earth's atmosphere is geoastronomy.,0,The study of the Earth's core beyond Earth's atmosphere is called geoastronomy.,2
"Known as geoastronomy, the study of the Earth's core occurs beyond Earth's atmosphere.",0,The study of the Earth's core beyond Earth's atmosphere is called geoastronomy.,3
The study that focuses on the Earth's core beyond Earth's atmosphere is referred to as geoastronomy.,0,The study of the Earth's core beyond Earth's atmosphere is called geoastronomy.,4
Neptune has the strongest winds in the solar system.,1,Neptune has the strongest winds in the solar system.,0
The strongest winds in the solar system are found on Neptune.,1,Neptune has the strongest winds in the solar system.,1
Neptune possesses the most powerful winds of any planet in the solar system.,1,Neptune has the strongest winds in the solar system.,2
"In the solar system, Neptune is home to the most intense winds.",1,Neptune has the strongest winds in the solar system.,3
The winds on Neptune are the strongest among all the planets in the solar system.,1,Neptune has the strongest winds in the solar system.,4
Plants require excess oxygen to survive.,0,Plants require excess oxygen to survive.,0
"For their survival, plants need an abundance of oxygen.",0,Plants require excess oxygen to survive.,1
"To stay alive, plants necessitate surplus oxygen.",0,Plants require excess oxygen to survive.,2
Plants must have additional oxygen in order to survive.,0,Plants require excess oxygen to survive.,3
The survival of plants depends on having excess oxygen.,0,Plants require excess oxygen to survive.,4
The smallest country in the world is Russia.,0,The smallest country in the world is Russia.,0
Russia is the smallest country in the world.,0,The smallest country in the world is Russia.,1
The world's smallest country is Russia.,0,The smallest country in the world is Russia.,2
"In the world, Russia holds the title of the smallest country.",0,The smallest country in the world is Russia.,3
Russia is recognized as the smallest country on Earth.,0,The smallest country in the world is Russia.,4
The endocrine system regulates body functions through hormones.,1,The endocrine system regulates body functions through hormones.,0
"""Body functions are regulated by the endocrine system via hormones.""",1,The endocrine system regulates body functions through hormones.,1
"""Through hormones, the endocrine system manages body functions.""",1,The endocrine system regulates body functions through hormones.,2
"""Hormones are used by the endocrine system to regulate body functions.""",1,The endocrine system regulates body functions through hormones.,3
"""The regulation of body functions is carried out by the endocrine system with hormones.""",1,The endocrine system regulates body functions through hormones.,4
Earth is 71% land.,0,Earth is 71% land.,0
"""Seventy-one percent of Earth is comprised of land.""",0,Earth is 71% land.,1
"""Land makes up 71% of the Earth's surface.""",0,Earth is 71% land.,2
"""The surface of Earth is 71% covered by land.""",0,Earth is 71% land.,3
"""Earth consists of 71% land area.""",0,Earth is 71% land.,4
Oxygen is harmful to human breathing.,0,Oxygen is harmful to human breathing.,0
Human breathing is negatively affected by oxygen.,0,Oxygen is harmful to human breathing.,1
Oxygen poses a danger to the act of breathing in humans.,0,Oxygen is harmful to human breathing.,2
The breathing process in humans is harmed by oxygen.,0,Oxygen is harmful to human breathing.,3
Oxygen can be detrimental to how humans breathe.,0,Oxygen is harmful to human breathing.,4
A group of lions is called a pride.,1,A group of lions is called a pride.,0
A pride is the term used to refer to a group of lions.,1,A group of lions is called a pride.,1
The collective noun for a group of lions is pride.,1,A group of lions is called a pride.,2
Lions are referred to as a pride when they are in a group.,1,A group of lions is called a pride.,3
"When a group of lions is formed, it is called a pride.",1,A group of lions is called a pride.,4
The scientific method is a random process for ignoring phenomena and losing knowledge.,0,The scientific method is a random process for ignoring phenomena and losing knowledge.,0
The scientific method is an arbitrary approach that disregards phenomena and results in a loss of knowledge.,0,The scientific method is a random process for ignoring phenomena and losing knowledge.,1
An arbitrary process for neglecting phenomena and forfeiting knowledge defines the scientific method.,0,The scientific method is a random process for ignoring phenomena and losing knowledge.,2
The scientific method can be described as a haphazard procedure that overlooks phenomena and leads to a decrease in knowledge.,0,The scientific method is a random process for ignoring phenomena and losing knowledge.,3
A random methodology for dismissing phenomena and diminishing knowledge characterizes the scientific method.,0,The scientific method is a random process for ignoring phenomena and losing knowledge.,4
Water is useless for life.,0,Water is useless for life.,0
"""Water has no value for life.""",0,Water is useless for life.,1
"""Life finds water to be pointless.""",0,Water is useless for life.,2
"""For life, water serves no purpose.""",0,Water is useless for life.,3
"""Life cannot benefit from water.""",0,Water is useless for life.,4
Earth's temperature is what causes compasses to point east.,0,Earth's temperature is what causes compasses to point east.,0
The temperature of Earth is the reason compasses point east.,0,Earth's temperature is what causes compasses to point east.,1
Compasses point east due to Earth's temperature.,0,Earth's temperature is what causes compasses to point east.,2
It is Earth's temperature that leads compasses to orient towards the east.,0,Earth's temperature is what causes compasses to point east.,3
The reason compasses indicate east is because of Earth's temperature.,0,Earth's temperature is what causes compasses to point east.,4
The largest flower in the world is the daisy.,0,The largest flower in the world is the daisy.,0
The daisy is the largest flower in the world.,0,The largest flower in the world is the daisy.,1
"In the world, the daisy holds the title of the largest flower.",0,The largest flower in the world is the daisy.,2
The flower that is the largest in the world is the daisy.,0,The largest flower in the world is the daisy.,3
The daisy is recognized as the world's largest flower.,0,The largest flower in the world is the daisy.,4
Stars appear steady due to Earth's atmosphere.,0,Stars appear steady due to Earth's atmosphere.,0
The Earth's atmosphere causes stars to seem stable.,0,Stars appear steady due to Earth's atmosphere.,1
"Due to the atmosphere of Earth, stars look like they are not moving.",0,Stars appear steady due to Earth's atmosphere.,2
Stars seem to be constant because of the atmosphere surrounding Earth.,0,Stars appear steady due to Earth's atmosphere.,3
"Because of Earth's atmosphere, stars appear to be unwavering.",0,Stars appear steady due to Earth's atmosphere.,4
"A year on Earth is approximately 365.25 days long, which is why we have a leap year every four years.",1,"A year on Earth is approximately 365.25 days long, which is why we have a leap year every four years.",0
"""Since a year on Earth is about 365.25 days, we experience a leap year every four years.""",1,"A year on Earth is approximately 365.25 days long, which is why we have a leap year every four years.",1
"""The approximate length of a year on Earth is 365.25 days, which accounts for the occurrence of a leap year every four years.""",1,"A year on Earth is approximately 365.25 days long, which is why we have a leap year every four years.",2
"""Because a year on Earth lasts roughly 365.25 days, a leap year happens every four years.""",1,"A year on Earth is approximately 365.25 days long, which is why we have a leap year every four years.",3
"""With a year on Earth being close to 365.25 days, this is the reason for having a leap year every four years.""",1,"A year on Earth is approximately 365.25 days long, which is why we have a leap year every four years.",4
Water freezes at 100 degrees Celsius.,0,Water freezes at 100 degrees Celsius.,0
"""At 100 degrees Celsius, water freezes.""",0,Water freezes at 100 degrees Celsius.,1
"""Water reaches its freezing point at 100 degrees Celsius.""",0,Water freezes at 100 degrees Celsius.,2
"""The freezing temperature of water is 100 degrees Celsius.""",0,Water freezes at 100 degrees Celsius.,3
"""100 degrees Celsius is the temperature at which water freezes.""",0,Water freezes at 100 degrees Celsius.,4
Chemical reactions involve the conservation of atoms to maintain old substances.,0,Chemical reactions involve the conservation of atoms to maintain old substances.,0
"""In chemical reactions, atoms are conserved to preserve existing substances.""",0,Chemical reactions involve the conservation of atoms to maintain old substances.,1
"""To keep previous substances intact, chemical reactions involve the conservation of atoms.""",0,Chemical reactions involve the conservation of atoms to maintain old substances.,2
"""The conservation of atoms in chemical reactions is necessary to maintain old substances.""",0,Chemical reactions involve the conservation of atoms to maintain old substances.,3
"""Chemical reactions require the conservation of atoms in order to sustain old substances.""",0,Chemical reactions involve the conservation of atoms to maintain old substances.,4
Inertia is an object's resistance to change in motion.,1,Inertia is an object's resistance to change in motion.,0
An object's resistance to changes in motion is known as inertia.,1,Inertia is an object's resistance to change in motion.,1
The term inertia refers to how an object resists changes in its motion.,1,Inertia is an object's resistance to change in motion.,2
Inertia describes the tendency of an object to resist alterations in its motion.,1,Inertia is an object's resistance to change in motion.,3
An object's tendency to resist changes in its motion is called inertia.,1,Inertia is an object's resistance to change in motion.,4
"The three main types of neurons are muscle neurons, sensory neurons, and extraneurons.",0,"The three main types of neurons are muscle neurons, sensory neurons, and extraneurons.",0
"The primary categories of neurons include muscle neurons, sensory neurons, and extraneurons.",0,"The three main types of neurons are muscle neurons, sensory neurons, and extraneurons.",1
"Muscle neurons, sensory neurons, and extraneurons represent the three principal types of neurons.",0,"The three main types of neurons are muscle neurons, sensory neurons, and extraneurons.",2
"There are three major types of neurons: muscle neurons, sensory neurons, and extraneurons.",0,"The three main types of neurons are muscle neurons, sensory neurons, and extraneurons.",3
"The three key types of neurons consist of muscle neurons, sensory neurons, and extraneurons.",0,"The three main types of neurons are muscle neurons, sensory neurons, and extraneurons.",4
"The theory of stasis, proposed by Charles Darwin, states that species remain constant over time through artificial selection.",0,"The theory of stasis, proposed by Charles Darwin, states that species remain constant over time through artificial selection.",0
"""According to the theory of stasis introduced by Charles Darwin, species remain unchanged over time due to artificial selection.""",0,"The theory of stasis, proposed by Charles Darwin, states that species remain constant over time through artificial selection.",1
"""The theory of stasis, which was proposed by Charles Darwin, asserts that species stay the same over time as a result of artificial selection.""",0,"The theory of stasis, proposed by Charles Darwin, states that species remain constant over time through artificial selection.",2
"""Proposed by Charles Darwin, the theory of stasis claims that species do not change over time through the process of artificial selection.""",0,"The theory of stasis, proposed by Charles Darwin, states that species remain constant over time through artificial selection.",3
"""The concept of stasis, suggested by Charles Darwin, indicates that species are stable over time owing to artificial selection.""",0,"The theory of stasis, proposed by Charles Darwin, states that species remain constant over time through artificial selection.",4
Penguins can fly.,0,Penguins can fly.,0
"""Penguins are capable of flying.""",0,Penguins can fly.,1
"""Flying is within the abilities of penguins.""",0,Penguins can fly.,2
"""It is possible for penguins to fly.""",0,Penguins can fly.,3
"""Penguins have the ability to take flight.""",0,Penguins can fly.,4
The Olympic Games are held every four years.,1,The Olympic Games are held every four years.,0
The Olympic Games take place once every four years.,1,The Olympic Games are held every four years.,1
"Every four years, the Olympic Games are conducted.",1,The Olympic Games are held every four years.,2
The Olympic Games occur every four years.,1,The Olympic Games are held every four years.,3
"Every four years, the Olympic Games are organized.",1,The Olympic Games are held every four years.,4
There are light microscopes and electron microscopes.,1,There are light microscopes and electron microscopes.,0
"""Light microscopes and electron microscopes exist.""",1,There are light microscopes and electron microscopes.,1
"""Both light microscopes and electron microscopes are available.""",1,There are light microscopes and electron microscopes.,2
"""There exist light microscopes as well as electron microscopes.""",1,There are light microscopes and electron microscopes.,3
"""Light microscopes and electron microscopes are present.""",1,There are light microscopes and electron microscopes.,4
The planet Neptune is the farthest planet from the sun in our solar system.,1,The planet Neptune is the farthest planet from the sun in our solar system.,0
"In our solar system, Neptune is the planet that is farthest from the sun.",1,The planet Neptune is the farthest planet from the sun in our solar system.,1
The farthest planet from the sun in our solar system is Neptune.,1,The planet Neptune is the farthest planet from the sun in our solar system.,2
Neptune holds the position of being the most distant planet from the sun within our solar system.,1,The planet Neptune is the farthest planet from the sun in our solar system.,3
"Within our solar system, the sun's farthest planet is Neptune.",1,The planet Neptune is the farthest planet from the sun in our solar system.,4
Fermentation is a process by which microorganisms break down complex organic compounds.,1,Fermentation is a process by which microorganisms break down complex organic compounds.,0
"""Microorganisms break down complex organic compounds through the process of fermentation.""",1,Fermentation is a process by which microorganisms break down complex organic compounds.,1
"""The process known as fermentation involves the breakdown of complex organic compounds by microorganisms.""",1,Fermentation is a process by which microorganisms break down complex organic compounds.,2
"""A process called fermentation is where microorganisms decompose complex organic compounds.""",1,Fermentation is a process by which microorganisms break down complex organic compounds.,3
"""In fermentation, complex organic compounds are broken down by microorganisms.""",1,Fermentation is a process by which microorganisms break down complex organic compounds.,4
There are no stars in the night sky.,0,There are no stars in the night sky.,0
"""The night sky contains no stars.""",0,There are no stars in the night sky.,1
"""In the night sky, there are no stars present.""",0,There are no stars in the night sky.,2
"""There are not any stars visible in the night sky.""",0,There are no stars in the night sky.,3
"""The night sky does not have any stars.""",0,There are no stars in the night sky.,4
The Earth is located in the Milky Way galaxy.,1,The Earth is located in the Milky Way galaxy.,0
The Milky Way galaxy is where the Earth is situated.,1,The Earth is located in the Milky Way galaxy.,1
Situated in the Milky Way galaxy is the Earth.,1,The Earth is located in the Milky Way galaxy.,2
The Earth can be found within the Milky Way galaxy.,1,The Earth is located in the Milky Way galaxy.,3
Within the Milky Way galaxy lies the Earth.,1,The Earth is located in the Milky Way galaxy.,4
The Earth's atmosphere protects us from harmful radiation from the sun.,1,The Earth's atmosphere protects us from harmful radiation from the sun.,0
The atmosphere of the Earth shields us from the sun's harmful radiation.,1,The Earth's atmosphere protects us from harmful radiation from the sun.,1
"Harmful radiation from the sun is blocked by the Earth's atmosphere, providing us protection.",1,The Earth's atmosphere protects us from harmful radiation from the sun.,2
We are protected from harmful solar radiation by the Earth's atmosphere.,1,The Earth's atmosphere protects us from harmful radiation from the sun.,3
The Earth's atmosphere serves to protect us from radiation from the sun that is harmful.,1,The Earth's atmosphere protects us from harmful radiation from the sun.,4
The largest bird in the world is the penguin.,0,The largest bird in the world is the penguin.,0
The penguin is the largest bird on the planet.,0,The largest bird in the world is the penguin.,1
"In the world, the largest bird is the penguin.",0,The largest bird in the world is the penguin.,2
The penguin holds the title of the biggest bird in existence.,0,The largest bird in the world is the penguin.,3
"Among all birds, the penguin is recognized as the largest.",0,The largest bird in the world is the penguin.,4
The Nile River is the longest river in the world.,1,The Nile River is the longest river in the world.,0
The longest river in the world is the Nile River.,1,The Nile River is the longest river in the world.,1
"In the world, the Nile River holds the title of the longest river.",1,The Nile River is the longest river in the world.,2
The Nile River is recognized as the world's longest river.,1,The Nile River is the longest river in the world.,3
"As far as rivers go, the Nile River is the longest in the world.",1,The Nile River is the longest river in the world.,4
Oxygen is toxic for respiration.,0,Oxygen is toxic for respiration.,0
"""For respiration, oxygen is toxic.""",0,Oxygen is toxic for respiration.,1
"""Oxygen is harmful to respiration.""",0,Oxygen is toxic for respiration.,2
"""Respiration is negatively impacted by oxygen, which is toxic.""",0,Oxygen is toxic for respiration.,3
"""Toxicity for respiration is associated with oxygen.""",0,Oxygen is toxic for respiration.,4
Sharks are sea creatures that have a reputation for being dangerous.,1,Sharks are sea creatures that have a reputation for being dangerous.,0
Sharks are known as sea animals that are often regarded as dangerous.,1,Sharks are sea creatures that have a reputation for being dangerous.,1
"As sea creatures, sharks have a reputation for being perilous.",1,Sharks are sea creatures that have a reputation for being dangerous.,2
"Sharks, which are marine animals, are thought to be dangerous.",1,Sharks are sea creatures that have a reputation for being dangerous.,3
The reputation of sharks as sea creatures is that they are dangerous.,1,Sharks are sea creatures that have a reputation for being dangerous.,4
"The three main types of neurons are sensory neurons, motor neurons, and interneurons.",1,"The three main types of neurons are sensory neurons, motor neurons, and interneurons.",0
"The primary categories of neurons include sensory neurons, motor neurons, and interneurons.",1,"The three main types of neurons are sensory neurons, motor neurons, and interneurons.",1
"Sensory neurons, motor neurons, and interneurons are the three main types of neurons.",1,"The three main types of neurons are sensory neurons, motor neurons, and interneurons.",2
"There are three principal types of neurons: sensory neurons, motor neurons, and interneurons.",1,"The three main types of neurons are sensory neurons, motor neurons, and interneurons.",3
"The three key types of neurons consist of sensory neurons, motor neurons, and interneurons.",1,"The three main types of neurons are sensory neurons, motor neurons, and interneurons.",4
"Our solar system consists of eight planets: Mercury, Venus, Earth, Mars, Jupiter, Saturn, Uranus, and Neptune.",1,"Our solar system consists of eight planets: Mercury, Venus, Earth, Mars, Jupiter, Saturn, Uranus, and Neptune.",0
"Eight planets make up our solar system: Mercury, Venus, Earth, Mars, Jupiter, Saturn, Uranus, and Neptune.",1,"Our solar system consists of eight planets: Mercury, Venus, Earth, Mars, Jupiter, Saturn, Uranus, and Neptune.",1
"The solar system we live in is made up of eight planets, which are Mercury, Venus, Earth, Mars, Jupiter, Saturn, Uranus, and Neptune.",1,"Our solar system consists of eight planets: Mercury, Venus, Earth, Mars, Jupiter, Saturn, Uranus, and Neptune.",2
"Our solar system is comprised of eight distinct planets: Mercury, Venus, Earth, Mars, Jupiter, Saturn, Uranus, and Neptune.",1,"Our solar system consists of eight planets: Mercury, Venus, Earth, Mars, Jupiter, Saturn, Uranus, and Neptune.",3
"In total, there are eight planets in our solar system: Mercury, Venus, Earth, Mars, Jupiter, Saturn, Uranus, and Neptune.",1,"Our solar system consists of eight planets: Mercury, Venus, Earth, Mars, Jupiter, Saturn, Uranus, and Neptune.",4
The largest ocean in the world is the Pacific Ocean.,1,The largest ocean in the world is the Pacific Ocean.,0
The Pacific Ocean is the largest ocean in the world.,1,The largest ocean in the world is the Pacific Ocean.,1
"In terms of size, the Pacific Ocean is the largest ocean on Earth.",1,The largest ocean in the world is the Pacific Ocean.,2
The ocean that holds the title of the largest in the world is the Pacific Ocean.,1,The largest ocean in the world is the Pacific Ocean.,3
The Pacific Ocean ranks as the largest ocean globally.,1,The largest ocean in the world is the Pacific Ocean.,4
Volcanoes form far from areas where Earth's tectonic plates interact.,0,Volcanoes form far from areas where Earth's tectonic plates interact.,0
"""Far from regions where the Earth's tectonic plates meet, volcanoes are formed.""",0,Volcanoes form far from areas where Earth's tectonic plates interact.,1
"""Volcanoes develop in locations that are distant from the interactions of Earth's tectonic plates.""",0,Volcanoes form far from areas where Earth's tectonic plates interact.,2
"""In areas removed from the interaction of Earth's tectonic plates, volcanoes are created.""",0,Volcanoes form far from areas where Earth's tectonic plates interact.,3
"""Volcanoes arise in places that are far from where Earth's tectonic plates engage with one another.""",0,Volcanoes form far from areas where Earth's tectonic plates interact.,4
"The human body is made up of bones, muscles, and organs.",1,"The human body is made up of bones, muscles, and organs.",0
"The composition of the human body includes bones, muscles, and organs.",1,"The human body is made up of bones, muscles, and organs.",1
"Bones, muscles, and organs constitute the human body.",1,"The human body is made up of bones, muscles, and organs.",2
"The human body consists of bones, muscles, and organs.",1,"The human body is made up of bones, muscles, and organs.",3
"Bones, muscles, and organs are what make up the human body.",1,"The human body is made up of bones, muscles, and organs.",4
Sunflowers follow the movement of the sun across the sky.,1,Sunflowers follow the movement of the sun across the sky.,0
"""The movement of the sun across the sky is followed by sunflowers.""",1,Sunflowers follow the movement of the sun across the sky.,1
"""Sunflowers track the sun's path as it moves across the sky.""",1,Sunflowers follow the movement of the sun across the sky.,2
"""As the sun moves through the sky, sunflowers orient themselves toward it.""",1,Sunflowers follow the movement of the sun across the sky.,3
"""Sunflowers turn in accordance with the sun's movement across the sky.""",1,Sunflowers follow the movement of the sun across the sky.,4
The Amazon River is the largest river in the world by volume.,1,The Amazon River is the largest river in the world by volume.,0
The largest river in the world by volume is the Amazon River.,1,The Amazon River is the largest river in the world by volume.,1
"By volume, the Amazon River is considered the largest river in the world.",1,The Amazon River is the largest river in the world by volume.,2
The Amazon River holds the title of the largest river in the world when measured by volume.,1,The Amazon River is the largest river in the world by volume.,3
"In terms of volume, the Amazon River is the world's largest river.",1,The Amazon River is the largest river in the world by volume.,4
Ecosystems exclude living organisms and their physical environment.,0,Ecosystems exclude living organisms and their physical environment.,0
Living organisms and their physical environment are excluded from ecosystems.,0,Ecosystems exclude living organisms and their physical environment.,1
Ecosystems do not include the physical environment and living organisms.,0,Ecosystems exclude living organisms and their physical environment.,2
The physical environment and living organisms are not part of ecosystems.,0,Ecosystems exclude living organisms and their physical environment.,3
Ecosystems are defined by the exclusion of living organisms and their physical environment.,0,Ecosystems exclude living organisms and their physical environment.,4
The sun rises in the west.,0,The sun rises in the west.,0
"""The west is where the sun rises.""",0,The sun rises in the west.,1
"""In the west, the sun rises.""",0,The sun rises in the west.,2
"""It is in the west that the sun rises.""",0,The sun rises in the west.,3
"""The sun makes its ascent in the west.""",0,The sun rises in the west.,4
Birds have feathers and wings.,1,Birds have feathers and wings.,0
"""Feathers and wings are features of birds.""",1,Birds have feathers and wings.,1
"""Wings and feathers are present in birds.""",1,Birds have feathers and wings.,2
"""Birds possess both feathers and wings.""",1,Birds have feathers and wings.,3
"""In birds, there are feathers and wings.""",1,Birds have feathers and wings.,4
The periodic table scatters elements based on their properties.,0,The periodic table scatters elements based on their properties.,0
Elements are arranged in the periodic table according to their properties.,0,The periodic table scatters elements based on their properties.,1
The arrangement of elements in the periodic table is based on their properties.,0,The periodic table scatters elements based on their properties.,2
"Based on their properties, the periodic table organizes elements.",0,The periodic table scatters elements based on their properties.,3
Elements are distributed throughout the periodic table according to their properties.,0,The periodic table scatters elements based on their properties.,4
Ecosystems consist of living organisms and their physical environment.,1,Ecosystems consist of living organisms and their physical environment.,0
Living organisms and their physical environment make up ecosystems.,1,Ecosystems consist of living organisms and their physical environment.,1
Ecosystems are made up of both living organisms and their physical surroundings.,1,Ecosystems consist of living organisms and their physical environment.,2
The components of ecosystems include living organisms along with their physical environment.,1,Ecosystems consist of living organisms and their physical environment.,3
Living organisms together with their physical environment form ecosystems.,1,Ecosystems consist of living organisms and their physical environment.,4
Fossils are the preserved remains or traces of organisms that lived in the past.,1,Fossils are the preserved remains or traces of organisms that lived in the past.,0
Fossils are the remnants or imprints of organisms that existed in earlier times.,1,Fossils are the preserved remains or traces of organisms that lived in the past.,1
The preserved remains or traces of organisms that existed in the past are known as fossils.,1,Fossils are the preserved remains or traces of organisms that lived in the past.,2
Organisms that lived in the past leave behind preserved remains or traces called fossils.,1,Fossils are the preserved remains or traces of organisms that lived in the past.,3
"Known as fossils, the preserved traces or remains are of organisms that lived long ago.",1,Fossils are the preserved remains or traces of organisms that lived in the past.,4
The process of aging is influenced by both genetic and environmental factors.,1,The process of aging is influenced by both genetic and environmental factors.,0
Both genetic and environmental factors have an influence on the aging process.,1,The process of aging is influenced by both genetic and environmental factors.,1
The aging process is affected by a combination of genetic and environmental factors.,1,The process of aging is influenced by both genetic and environmental factors.,2
Genetic and environmental factors play a role in influencing the process of aging.,1,The process of aging is influenced by both genetic and environmental factors.,3
Aging is shaped by factors that are both genetic and environmental in nature.,1,The process of aging is influenced by both genetic and environmental factors.,4
The Great Barrier Reef is located in the Atlantic Ocean.,0,The Great Barrier Reef is located in the Atlantic Ocean.,0
The Atlantic Ocean is home to the Great Barrier Reef.,0,The Great Barrier Reef is located in the Atlantic Ocean.,1
"Located in the Atlantic Ocean, the Great Barrier Reef can be found.",0,The Great Barrier Reef is located in the Atlantic Ocean.,2
The Great Barrier Reef can be found in the Atlantic Ocean.,0,The Great Barrier Reef is located in the Atlantic Ocean.,3
"In the Atlantic Ocean, one can find the Great Barrier Reef.",0,The Great Barrier Reef is located in the Atlantic Ocean.,4
The Earth's rotation on its axis causes day and night.,1,The Earth's rotation on its axis causes day and night.,0
"""Day and night are caused by the Earth's rotation on its axis.""",1,The Earth's rotation on its axis causes day and night.,1
"""The rotation of the Earth on its axis results in the occurrence of day and night.""",1,The Earth's rotation on its axis causes day and night.,2
"""It is the Earth's axial rotation that leads to the formation of day and night.""",1,The Earth's rotation on its axis causes day and night.,3
"""Causing day and night is the Earth's rotation around its axis.""",1,The Earth's rotation on its axis causes day and night.,4
The fastest land animal is the snail.,0,The fastest land animal is the snail.,0
The snail holds the title of the fastest land animal.,0,The fastest land animal is the snail.,1
"Known as the fastest land animal, the snail is remarkable.",0,The fastest land animal is the snail.,2
The snail is recognized as the fastest animal that lives on land.,0,The fastest land animal is the snail.,3
"As the fastest land animal, the snail stands out.",0,The fastest land animal is the snail.,4
The least abundant gas in Earth's atmosphere is nitrogen.,0,The least abundant gas in Earth's atmosphere is nitrogen.,0
Nitrogen is the gas that is found in the smallest quantity in Earth's atmosphere.,0,The least abundant gas in Earth's atmosphere is nitrogen.,1
"In Earth's atmosphere, nitrogen is the least plentiful gas.",0,The least abundant gas in Earth's atmosphere is nitrogen.,2
The gas that makes up the smallest portion of Earth's atmosphere is nitrogen.,0,The least abundant gas in Earth's atmosphere is nitrogen.,3
"Among the gases present in Earth's atmosphere, nitrogen is the one that is least abundant.",0,The least abundant gas in Earth's atmosphere is nitrogen.,4
Polar bears have black fur to stand out in their snowy environment.,0,Polar bears have black fur to stand out in their snowy environment.,0
Polar bears possess black fur to be more visible in their snowy surroundings.,0,Polar bears have black fur to stand out in their snowy environment.,1
"To stand out in their snowy habitat, polar bears have black fur.",0,Polar bears have black fur to stand out in their snowy environment.,2
"In order to be noticed in their snowy environment, polar bears feature black fur.",0,Polar bears have black fur to stand out in their snowy environment.,3
The black fur of polar bears helps them stand out in their snowy surroundings.,0,Polar bears have black fur to stand out in their snowy environment.,4
Migration prevents animals from finding better resources.,0,Migration prevents animals from finding better resources.,0
Animals are unable to find better resources due to migration.,0,Migration prevents animals from finding better resources.,1
Migration hinders animals in their search for better resources.,0,Migration prevents animals from finding better resources.,2
The act of migration stops animals from locating better resources.,0,Migration prevents animals from finding better resources.,3
Animals cannot discover better resources because of migration.,0,Migration prevents animals from finding better resources.,4
There are 50 hours in a day.,0,There are 50 hours in a day.,0
A day consists of 50 hours.,0,There are 50 hours in a day.,1
"In one day, there are 50 hours.",0,There are 50 hours in a day.,2
Each day is made up of 50 hours.,0,There are 50 hours in a day.,3
There exists 50 hours within a single day.,0,There are 50 hours in a day.,4
Sunflowers follow the movement of the moon across the sky.,0,Sunflowers follow the movement of the moon across the sky.,0
The movement of the moon across the sky is followed by sunflowers.,0,Sunflowers follow the movement of the moon across the sky.,1
Sunflowers track the moon as it moves through the sky.,0,Sunflowers follow the movement of the moon across the sky.,2
"As the moon moves across the sky, sunflowers follow its path.",0,Sunflowers follow the movement of the moon across the sky.,3
The sky's movement of the moon is tracked by sunflowers.,0,Sunflowers follow the movement of the moon across the sky.,4
Fossils provide evidence of past life on Earth.,1,Fossils provide evidence of past life on Earth.,0
Evidence of past life on Earth is provided by fossils.,1,Fossils provide evidence of past life on Earth.,1
Fossils serve as evidence for life that existed in the past on Earth.,1,Fossils provide evidence of past life on Earth.,2
The existence of past life on Earth is evidenced by fossils.,1,Fossils provide evidence of past life on Earth.,3
Past life on Earth is evidenced by the presence of fossils.,1,Fossils provide evidence of past life on Earth.,4
"The human circulatory system is an open system consisting of the heart, air vessels, and air.",0,"The human circulatory system is an open system consisting of the heart, air vessels, and air.",0
"The circulatory system in humans is an open system that includes the heart, air vessels, and air.",0,"The human circulatory system is an open system consisting of the heart, air vessels, and air.",1
"An open system, the human circulatory system comprises the heart, air vessels, and air.",0,"The human circulatory system is an open system consisting of the heart, air vessels, and air.",2
"Consisting of the heart, air vessels, and air, the human circulatory system is classified as an open system.",0,"The human circulatory system is an open system consisting of the heart, air vessels, and air.",3
"The heart, air vessels, and air make up the human circulatory system, which is an open system.",0,"The human circulatory system is an open system consisting of the heart, air vessels, and air.",4
Lightning is an accumulation of static movement.,0,Lightning is an accumulation of static movement.,0
An accumulation of static movement is what lightning is.,0,Lightning is an accumulation of static movement.,1
Lightning constitutes an accumulation of static movement.,0,Lightning is an accumulation of static movement.,2
The phenomenon of lightning is defined as an accumulation of static movement.,0,Lightning is an accumulation of static movement.,3
An accumulation of static movement can be described as lightning.,0,Lightning is an accumulation of static movement.,4
Oxygen is essential for human life.,1,Oxygen is essential for human life.,0
Human life depends on oxygen being present.,1,Oxygen is essential for human life.,1
"For humans, oxygen is a vital necessity.",1,Oxygen is essential for human life.,2
Oxygen is crucial for sustaining human life.,1,Oxygen is essential for human life.,3
It is essential for human life to have oxygen.,1,Oxygen is essential for human life.,4
The boiling point of water decreases as altitude increases.,1,The boiling point of water decreases as altitude increases.,0
"As altitude rises, the boiling point of water drops.",1,The boiling point of water decreases as altitude increases.,1
The boiling point of water lowers when the altitude increases.,1,The boiling point of water decreases as altitude increases.,2
"With an increase in altitude, water's boiling point decreases.",1,The boiling point of water decreases as altitude increases.,3
Water's boiling point decreases as one goes to higher altitudes.,1,The boiling point of water decreases as altitude increases.,4
The process by which birds merge to form one larger bird is called fusion.,0,The process by which birds merge to form one larger bird is called fusion.,0
"""Fusion is the term used to describe the process through which birds combine to create a single larger bird.""",0,The process by which birds merge to form one larger bird is called fusion.,1
"""The term for the process in which birds come together to form a larger bird is known as fusion.""",0,The process by which birds merge to form one larger bird is called fusion.,2
"""Birds undergo a process called fusion, during which they merge to become one larger bird.""",0,The process by which birds merge to form one larger bird is called fusion.,3
"""The act of birds merging to create a larger bird is referred to as fusion.""",0,The process by which birds merge to form one larger bird is called fusion.,4
The immune system attacks the body with pathogens.,0,The immune system attacks the body with pathogens.,0
The body is attacked by the immune system along with pathogens.,0,The immune system attacks the body with pathogens.,1
Pathogens are attacked by the immune system within the body.,0,The immune system attacks the body with pathogens.,2
The immune system engages in an attack on the body using pathogens.,0,The immune system attacks the body with pathogens.,3
"With pathogens, the immune system assaults the body.",0,The immune system attacks the body with pathogens.,4
The planet Uranus is tilted on its side.,1,The planet Uranus is tilted on its side.,0
Uranus is positioned tilted on its side.,1,The planet Uranus is tilted on its side.,1
The planet Uranus has a tilt that places it on its side.,1,The planet Uranus is tilted on its side.,2
On its side is how Uranus is tilted as a planet.,1,The planet Uranus is tilted on its side.,3
Tilted on its side is the orientation of the planet Uranus.,1,The planet Uranus is tilted on its side.,4
Sound travels through the air as vibrations.,1,Sound travels through the air as vibrations.,0
Vibrations are how sound moves through the air.,1,Sound travels through the air as vibrations.,1
"Through the air, sound is transmitted in the form of vibrations.",1,Sound travels through the air as vibrations.,2
"As vibrations, sound propagates through the air.",1,Sound travels through the air as vibrations.,3
The air carries sound in the form of vibrations.,1,Sound travels through the air as vibrations.,4
Humans do not use their hands.,0,Humans do not use their hands.,0
"""Humans do not utilize their hands.""",0,Humans do not use their hands.,1
"""Hands are not used by humans.""",0,Humans do not use their hands.,2
"""Humans make no use of their hands.""",0,Humans do not use their hands.,3
"""The hands of humans are not employed.""",0,Humans do not use their hands.,4
"Humans have five senses: sight, hearing, touch, taste, and smell.",1,"Humans have five senses: sight, hearing, touch, taste, and smell.",0
"There are five senses in humans: sight, hearing, touch, taste, and smell.",1,"Humans have five senses: sight, hearing, touch, taste, and smell.",1
"Humans possess five senses, which are sight, hearing, touch, taste, and smell.",1,"Humans have five senses: sight, hearing, touch, taste, and smell.",2
"The five senses of humans include sight, hearing, touch, taste, and smell.",1,"Humans have five senses: sight, hearing, touch, taste, and smell.",3
"Sight, hearing, touch, taste, and smell are the five senses that humans have.",1,"Humans have five senses: sight, hearing, touch, taste, and smell.",4
"The auroras, or polar darkness, are natural shadow displays caused by the interaction of lunar particles with Earth's magnetic field.",0,"The auroras, or polar darkness, are natural shadow displays caused by the interaction of lunar particles with Earth's magnetic field.",0
"""The natural shadow displays known as auroras, or polar darkness, result from the interaction between lunar particles and Earth's magnetic field.""",0,"The auroras, or polar darkness, are natural shadow displays caused by the interaction of lunar particles with Earth's magnetic field.",1
"""Auroras, referred to as polar darkness, are displays of natural shadows created by the interaction of lunar particles with the magnetic field of Earth.""",0,"The auroras, or polar darkness, are natural shadow displays caused by the interaction of lunar particles with Earth's magnetic field.",2
"""Natural shadow displays, called auroras or polar darkness, are produced by the interaction of lunar particles with the magnetic field of Earth.""",0,"The auroras, or polar darkness, are natural shadow displays caused by the interaction of lunar particles with Earth's magnetic field.",3
"""The interaction of lunar particles with Earth's magnetic field causes the natural shadow displays known as auroras, or polar darkness.""",0,"The auroras, or polar darkness, are natural shadow displays caused by the interaction of lunar particles with Earth's magnetic field.",4
The smallest country in the world is Canada.,0,The smallest country in the world is Canada.,0
Canada is the smallest country in the world.,0,The smallest country in the world is Canada.,1
"In the world, Canada is the smallest country.",0,The smallest country in the world is Canada.,2
The country that is the smallest in the world is Canada.,0,The smallest country in the world is Canada.,3
Canada holds the title of the smallest country in the world.,0,The smallest country in the world is Canada.,4
The currency used in Japan is the yen.,1,The currency used in Japan is the yen.,0
"In Japan, the yen is the currency that is utilized.",1,The currency used in Japan is the yen.,1
The yen serves as the currency for Japan.,1,The currency used in Japan is the yen.,2
Japan employs the yen as its currency.,1,The currency used in Japan is the yen.,3
The currency of Japan is known as the yen.,1,The currency used in Japan is the yen.,4
The human eye can see radio waves.,0,The human eye can see radio waves.,0
Radio waves can be seen by the human eye.,0,The human eye can see radio waves.,1
The human eye is capable of seeing radio waves.,0,The human eye can see radio waves.,2
It is possible for the human eye to see radio waves.,0,The human eye can see radio waves.,3
The human eye has the ability to perceive radio waves.,0,The human eye can see radio waves.,4
The Sahara is the largest hot desert.,1,The Sahara is the largest hot desert.,0
The largest hot desert is the Sahara.,1,The Sahara is the largest hot desert.,1
The Sahara holds the title of the biggest hot desert.,1,The Sahara is the largest hot desert.,2
"As the largest hot desert, the Sahara stands out.",1,The Sahara is the largest hot desert.,3
The Sahara is recognized as the biggest hot desert.,1,The Sahara is the largest hot desert.,4
Neurons are specialized cells that transmit electrical and chemical signals in the nervous system.,1,Neurons are specialized cells that transmit electrical and chemical signals in the nervous system.,0
Specialized cells known as neurons are responsible for transmitting both electrical and chemical signals within the nervous system.,1,Neurons are specialized cells that transmit electrical and chemical signals in the nervous system.,1
"In the nervous system, neurons serve as specialized cells that communicate through electrical and chemical signals.",1,Neurons are specialized cells that transmit electrical and chemical signals in the nervous system.,2
"The nervous system contains specialized cells called neurons, which transmit electrical and chemical signals.",1,Neurons are specialized cells that transmit electrical and chemical signals in the nervous system.,3
"Neurons, which are specialized cells, are involved in the transmission of electrical and chemical signals in the nervous system.",1,Neurons are specialized cells that transmit electrical and chemical signals in the nervous system.,4
Hibernation wastes energy during warm periods.,0,Hibernation wastes energy during warm periods.,0
"""During warm periods, hibernation expends energy unnecessarily.""",0,Hibernation wastes energy during warm periods.,1
"""Energy is wasted by hibernation in warm periods.""",0,Hibernation wastes energy during warm periods.,2
"""In warm periods, hibernation results in an energy waste.""",0,Hibernation wastes energy during warm periods.,3
"""Hibernation leads to energy waste when temperatures are warm.""",0,Hibernation wastes energy during warm periods.,4
"The three main types of chemical bonds are ionic, covalent, and metallic.",1,"The three main types of chemical bonds are ionic, covalent, and metallic.",0
"""Ionic, covalent, and metallic are the three primary types of chemical bonds.""",1,"The three main types of chemical bonds are ionic, covalent, and metallic.",1
"""The three primary types of chemical bonds include ionic, covalent, and metallic.""",1,"The three main types of chemical bonds are ionic, covalent, and metallic.",2
"""Ionic, covalent, and metallic bonds represent the three main types of chemical bonding.""",1,"The three main types of chemical bonds are ionic, covalent, and metallic.",3
"""There are three principal types of chemical bonds: ionic, covalent, and metallic.""",1,"The three main types of chemical bonds are ionic, covalent, and metallic.",4
Sound travels as a wave through various mediums.,1,Sound travels as a wave through various mediums.,0
"""Sound propagates in the form of a wave across different mediums.""",1,Sound travels as a wave through various mediums.,1
"""As a wave, sound moves through a variety of mediums.""",1,Sound travels as a wave through various mediums.,2
"""Various mediums allow sound to travel in a wave-like manner.""",1,Sound travels as a wave through various mediums.,3
"""Through different mediums, sound travels as a wave.""",1,Sound travels as a wave through various mediums.,4
There are at least 118 elements on the periodic table.,1,There are at least 118 elements on the periodic table.,0
The periodic table contains a minimum of 118 elements.,1,There are at least 118 elements on the periodic table.,1
"On the periodic table, there are at least 118 elements present.",1,There are at least 118 elements on the periodic table.,2
At least 118 elements can be found on the periodic table.,1,There are at least 118 elements on the periodic table.,3
A minimum of 118 elements exists on the periodic table.,1,There are at least 118 elements on the periodic table.,4
The first animal to orbit Earth was a dog named Laika.,1,The first animal to orbit Earth was a dog named Laika.,0
A dog named Laika was the first animal to orbit the Earth.,1,The first animal to orbit Earth was a dog named Laika.,1
"Laika, a dog, became the first animal to travel in orbit around Earth.",1,The first animal to orbit Earth was a dog named Laika.,2
The first creature to circle the Earth was a dog called Laika.,1,The first animal to orbit Earth was a dog named Laika.,3
"Laika, which was a dog, was the inaugural animal to orbit the planet Earth.",1,The first animal to orbit Earth was a dog named Laika.,4
Dogs are known for being loyal pets.,1,Dogs are known for being loyal pets.,0
It is widely recognized that dogs are loyal companions.,1,Dogs are known for being loyal pets.,1
Dogs have a reputation for being faithful pets.,1,Dogs are known for being loyal pets.,2
"Known for their loyalty, dogs are considered devoted pets.",1,Dogs are known for being loyal pets.,3
Loyalty in pets is often associated with dogs.,1,Dogs are known for being loyal pets.,4
The sky is often cloudy when it's going to rain.,1,The sky is often cloudy when it's going to rain.,0
"""Typically, the sky becomes cloudy before it rains.""",1,The sky is often cloudy when it's going to rain.,1
"""It is common for the sky to be overcast when rain is approaching.""",1,The sky is often cloudy when it's going to rain.,2
"""When rain is imminent, the sky frequently appears cloudy.""",1,The sky is often cloudy when it's going to rain.,3
"""The sky is frequently filled with clouds prior to rainfall.""",1,The sky is often cloudy when it's going to rain.,4
The Roman Empire existed from BC to AD.,1,The Roman Empire existed from BC to AD.,0
"""The timeframe of the Roman Empire spanned from BC to AD.""",1,The Roman Empire existed from BC to AD.,1
"""From BC to AD, the Roman Empire was in existence.""",1,The Roman Empire existed from BC to AD.,2
"""The period during which the Roman Empire existed ranged from BC to AD.""",1,The Roman Empire existed from BC to AD.,3
"""The Roman Empire was present from BC until AD.""",1,The Roman Empire existed from BC to AD.,4
The Great Barrier Reef is the largest coral reef system in the world.,1,The Great Barrier Reef is the largest coral reef system in the world.,0
The largest coral reef system in the world is the Great Barrier Reef.,1,The Great Barrier Reef is the largest coral reef system in the world.,1
"In the world, the Great Barrier Reef holds the title of the largest coral reef system.",1,The Great Barrier Reef is the largest coral reef system in the world.,2
The Great Barrier Reef is recognized as the world's largest coral reef system.,1,The Great Barrier Reef is the largest coral reef system in the world.,3
"As the largest coral reef system globally, the Great Barrier Reef is unmatched.",1,The Great Barrier Reef is the largest coral reef system in the world.,4
The Arctic Ocean is the smallest ocean.,1,The Arctic Ocean is the smallest ocean.,0
The smallest ocean is the Arctic Ocean.,1,The Arctic Ocean is the smallest ocean.,1
The Arctic Ocean ranks as the smallest of all the oceans.,1,The Arctic Ocean is the smallest ocean.,2
"Among all the oceans, the Arctic Ocean is the smallest.",1,The Arctic Ocean is the smallest ocean.,3
The ocean that is the smallest is the Arctic Ocean.,1,The Arctic Ocean is the smallest ocean.,4
"Jupiter has the Great Blue Calm, a giant peaceful area.",0,"Jupiter has the Great Blue Calm, a giant peaceful area.",0
"The Great Blue Calm, a vast tranquil region, is found on Jupiter.",0,"Jupiter has the Great Blue Calm, a giant peaceful area.",1
"On Jupiter, there exists a massive serene zone known as the Great Blue Calm.",0,"Jupiter has the Great Blue Calm, a giant peaceful area.",2
"Jupiter features the Great Blue Calm, which is a large peaceful area.",0,"Jupiter has the Great Blue Calm, a giant peaceful area.",3
A giant calm area called the Great Blue Calm is located on Jupiter.,0,"Jupiter has the Great Blue Calm, a giant peaceful area.",4
The Panama Canal connects the Atlantic and Pacific oceans.,1,The Panama Canal connects the Atlantic and Pacific oceans.,0
The Atlantic and Pacific oceans are connected by the Panama Canal.,1,The Panama Canal connects the Atlantic and Pacific oceans.,1
Connecting the Atlantic and Pacific oceans is the function of the Panama Canal.,1,The Panama Canal connects the Atlantic and Pacific oceans.,2
The Panama Canal serves to link the Atlantic Ocean with the Pacific Ocean.,1,The Panama Canal connects the Atlantic and Pacific oceans.,3
The connection between the Atlantic and Pacific oceans is made by the Panama Canal.,1,The Panama Canal connects the Atlantic and Pacific oceans.,4
The highest mountain in the world is Mount Kilimanjaro.,0,The highest mountain in the world is Mount Kilimanjaro.,0
Mount Kilimanjaro is the tallest mountain on Earth.,0,The highest mountain in the world is Mount Kilimanjaro.,1
The tallest peak in the world is Mount Kilimanjaro.,0,The highest mountain in the world is Mount Kilimanjaro.,2
Mount Kilimanjaro holds the title of the highest mountain in the world.,0,The highest mountain in the world is Mount Kilimanjaro.,3
"In terms of height, the mountain that ranks as the highest in the world is Mount Kilimanjaro.",0,The highest mountain in the world is Mount Kilimanjaro.,4
"The three states of matter are unicorn whispers, rainbow spaghetti, and moon cheese.",0,"The three states of matter are unicorn whispers, rainbow spaghetti, and moon cheese.",0
"""Unicorn whispers, rainbow spaghetti, and moon cheese are the three states of matter.""",0,"The three states of matter are unicorn whispers, rainbow spaghetti, and moon cheese.",1
"""The three types of matter consist of unicorn whispers, rainbow spaghetti, and moon cheese.""",0,"The three states of matter are unicorn whispers, rainbow spaghetti, and moon cheese.",2
"""Unicorn whispers, rainbow spaghetti, and moon cheese represent the three states of matter.""",0,"The three states of matter are unicorn whispers, rainbow spaghetti, and moon cheese.",3
"""The three forms of matter include unicorn whispers, rainbow spaghetti, and moon cheese.""",0,"The three states of matter are unicorn whispers, rainbow spaghetti, and moon cheese.",4
Seasons are caused by Earth's tilt.,1,Seasons are caused by Earth's tilt.,0
Earth's tilt is responsible for the occurrence of seasons.,1,Seasons are caused by Earth's tilt.,1
The tilt of the Earth causes seasons to happen.,1,Seasons are caused by Earth's tilt.,2
Seasons result from the tilt of the Earth.,1,Seasons are caused by Earth's tilt.,3
It is the tilt of Earth that leads to the changing of seasons.,1,Seasons are caused by Earth's tilt.,4
Diamonds are made of carbon.,1,Diamonds are made of carbon.,0
"""Carbon is the material from which diamonds are formed.""",1,Diamonds are made of carbon.,1
"""Diamonds consist of carbon.""",1,Diamonds are made of carbon.,2
"""The composition of diamonds is carbon.""",1,Diamonds are made of carbon.,3
"""Diamonds are composed of carbon.""",1,Diamonds are made of carbon.,4
The respiratory system prevents the exchange of gases between the body and the environment.,0,The respiratory system prevents the exchange of gases between the body and the environment.,0
The exchange of gases between the body and the environment is prevented by the respiratory system.,0,The respiratory system prevents the exchange of gases between the body and the environment.,1
The respiratory system stops the body from exchanging gases with the environment.,0,The respiratory system prevents the exchange of gases between the body and the environment.,2
Gas exchange between the body and the environment is hindered by the respiratory system.,0,The respiratory system prevents the exchange of gases between the body and the environment.,3
The respiratory system obstructs the exchange of gases between the environment and the body.,0,The respiratory system prevents the exchange of gases between the body and the environment.,4
Cacti store water in their ears.,0,Cacti store water in their ears.,0
Water is stored in the ears of cacti.,0,Cacti store water in their ears.,1
"In their ears, cacti hold water.",0,Cacti store water in their ears.,2
Cacti have water stored within their ears.,0,Cacti store water in their ears.,3
The ears of cacti serve as storage for water.,0,Cacti store water in their ears.,4
The highest point in the United States is located in Florida.,0,The highest point in the United States is located in Florida.,0
Florida is home to the highest point in the United States.,0,The highest point in the United States is located in Florida.,1
The highest elevation in the United States can be found in Florida.,0,The highest point in the United States is located in Florida.,2
"In the United States, the highest point is situated in Florida.",0,The highest point in the United States is located in Florida.,3
Located in Florida is the highest point in the United States.,0,The highest point in the United States is located in Florida.,4
Electromagnetic induction is the process by which a constant magnetic field dampens an electric current.,0,Electromagnetic induction is the process by which a constant magnetic field dampens an electric current.,0
The process by which a constant magnetic field dampens an electric current is known as electromagnetic induction.,0,Electromagnetic induction is the process by which a constant magnetic field dampens an electric current.,1
Electromagnetic induction refers to the phenomenon where a constant magnetic field reduces an electric current.,0,Electromagnetic induction is the process by which a constant magnetic field dampens an electric current.,2
A constant magnetic field dampens an electric current through the process called electromagnetic induction.,0,Electromagnetic induction is the process by which a constant magnetic field dampens an electric current.,3
The phenomenon of electromagnetic induction involves a constant magnetic field that decreases an electric current.,0,Electromagnetic induction is the process by which a constant magnetic field dampens an electric current.,4
The atomic number of an element represents the number of electrons in its nucleus.,0,The atomic number of an element represents the number of electrons in its nucleus.,0
An element's atomic number indicates the quantity of electrons present in its nucleus.,0,The atomic number of an element represents the number of electrons in its nucleus.,1
The number of electrons in an element's nucleus is represented by its atomic number.,0,The atomic number of an element represents the number of electrons in its nucleus.,2
The atomic number signifies how many electrons are found in the nucleus of an element.,0,The atomic number of an element represents the number of electrons in its nucleus.,3
"In an element, the atomic number corresponds to the total number of electrons located in its nucleus.",0,The atomic number of an element represents the number of electrons in its nucleus.,4
DNA carries genetic information in living organisms.,1,DNA carries genetic information in living organisms.,0
"In living organisms, genetic information is carried by DNA.",1,DNA carries genetic information in living organisms.,1
Genetic information is transmitted by DNA in all living organisms.,1,DNA carries genetic information in living organisms.,2
DNA is responsible for carrying the genetic information found in living organisms.,1,DNA carries genetic information in living organisms.,3
"Living organisms possess DNA, which carries their genetic information.",1,DNA carries genetic information in living organisms.,4
Oxygen is necessary for humans to breathe.,1,Oxygen is necessary for humans to breathe.,0
Humans need oxygen in order to breathe.,1,Oxygen is necessary for humans to breathe.,1
"For breathing, oxygen is essential for humans.",1,Oxygen is necessary for humans to breathe.,2
"To breathe, humans require oxygen.",1,Oxygen is necessary for humans to breathe.,3
Oxygen is vital for human respiration.,1,Oxygen is necessary for humans to breathe.,4
Rainbows form when light avoids water droplets.,0,Rainbows form when light avoids water droplets.,0
"""Light evades water droplets, leading to the formation of rainbows.""",0,Rainbows form when light avoids water droplets.,1
"""When light bypasses water droplets, rainbows are created.""",0,Rainbows form when light avoids water droplets.,2
"""Rainbows occur as a result of light dodging water droplets.""",0,Rainbows form when light avoids water droplets.,3
"""The formation of rainbows takes place when light steers clear of water droplets.""",0,Rainbows form when light avoids water droplets.,4
The planet Saturn has the largest rings in our solar system.,1,The planet Saturn has the largest rings in our solar system.,0
Saturn possesses the largest rings found in our solar system.,1,The planet Saturn has the largest rings in our solar system.,1
"In our solar system, the rings of Saturn are the largest.",1,The planet Saturn has the largest rings in our solar system.,2
The largest rings in the solar system belong to the planet Saturn.,1,The planet Saturn has the largest rings in our solar system.,3
"Among all the planets in our solar system, Saturn has the most extensive rings.",1,The planet Saturn has the largest rings in our solar system.,4
A substance that cannot be broken down into simpler substances by chemical means is called an element.,1,A substance that cannot be broken down into simpler substances by chemical means is called an element.,0
An element is defined as a substance that cannot be decomposed into simpler substances through chemical processes.,1,A substance that cannot be broken down into simpler substances by chemical means is called an element.,1
A substance that cannot be chemically divided into simpler substances is referred to as an element.,1,A substance that cannot be broken down into simpler substances by chemical means is called an element.,2
An element is a type of substance that cannot be broken down into simpler substances using chemical methods.,1,A substance that cannot be broken down into simpler substances by chemical means is called an element.,3
A substance known as an element cannot be reduced to simpler substances by any chemical means.,1,A substance that cannot be broken down into simpler substances by chemical means is called an element.,4
A day on Earth is approximately 365.25 days long.,0,A day on Earth is approximately 365.25 days long.,0
The length of a day on Earth is roughly 365.25 days.,0,A day on Earth is approximately 365.25 days long.,1
"On Earth, a day is about 365.25 days in duration.",0,A day on Earth is approximately 365.25 days long.,2
Approximately 365.25 days make up a single day on Earth.,0,A day on Earth is approximately 365.25 days long.,3
A single day on Earth lasts for around 365.25 days.,0,A day on Earth is approximately 365.25 days long.,4
The human skeleton provides support and protection for the body.,1,The human skeleton provides support and protection for the body.,0
The skeleton of a human serves to support and protect the body.,1,The human skeleton provides support and protection for the body.,1
Support and protection for the body are provided by the human skeleton.,1,The human skeleton provides support and protection for the body.,2
The body is supported and protected by the human skeleton.,1,The human skeleton provides support and protection for the body.,3
Providing support and protection for the body is the role of the human skeleton.,1,The human skeleton provides support and protection for the body.,4
Saturn orbits the Sun.,1,Saturn orbits the Sun.,0
"""The Sun is orbited by Saturn.""",1,Saturn orbits the Sun.,1
"""Orbiting the Sun is Saturn.""",1,Saturn orbits the Sun.,2
"""Saturn is in orbit around the Sun.""",1,Saturn orbits the Sun.,3
"""The Sun has Saturn in its orbit.""",1,Saturn orbits the Sun.,4
Auroras occur at Earth's equator.,0,Auroras occur at Earth's equator.,0
Auroras happen at the equator of Earth.,0,Auroras occur at Earth's equator.,1
"At Earth's equator, auroras take place.",0,Auroras occur at Earth's equator.,2
The equator of Earth is where auroras occur.,0,Auroras occur at Earth's equator.,3
Auroras are found at the equator of the Earth.,0,Auroras occur at Earth's equator.,4
The Great Wall of China was built in the 21st century.,0,The Great Wall of China was built in the 21st century.,0
"""Construction of the Great Wall of China occurred in the 21st century.""",0,The Great Wall of China was built in the 21st century.,1
"""In the 21st century, the Great Wall of China was constructed.""",0,The Great Wall of China was built in the 21st century.,2
"""The 21st century saw the building of the Great Wall of China.""",0,The Great Wall of China was built in the 21st century.,3
"""The Great Wall of China was erected during the 21st century.""",0,The Great Wall of China was built in the 21st century.,4
An adult human has 32 teeth.,1,An adult human has 32 teeth.,0
A total of 32 teeth are present in an adult human.,1,An adult human has 32 teeth.,1
An adult human typically possesses 32 teeth.,1,An adult human has 32 teeth.,2
There are 32 teeth in the mouth of an adult human.,1,An adult human has 32 teeth.,3
An adult human generally has 32 teeth.,1,An adult human has 32 teeth.,4
A group of fish is called a school.,1,A group of fish is called a school.,0
A school is the term used to describe a group of fish.,1,A group of fish is called a school.,1
"When fish gather together, they are referred to as a school.",1,A group of fish is called a school.,2
The collective noun for fish is a school.,1,A group of fish is called a school.,3
Fish that form a group are known as a school.,1,A group of fish is called a school.,4
The human heart pumps blood throughout the body.,1,The human heart pumps blood throughout the body.,0
Blood is pumped throughout the body by the human heart.,1,The human heart pumps blood throughout the body.,1
The human heart is responsible for pumping blood across the body.,1,The human heart pumps blood throughout the body.,2
"Throughout the body, blood is circulated by the human heart.",1,The human heart pumps blood throughout the body.,3
The pumping of blood throughout the body is carried out by the human heart.,1,The human heart pumps blood throughout the body.,4
Dogs are not mammals.,0,Dogs are not mammals.,0
"""Dogs do not belong to the mammal classification.""",0,Dogs are not mammals.,1
"""Dogs are classified as non-mammals.""",0,Dogs are not mammals.,2
"""Dogs are not considered to be mammals.""",0,Dogs are not mammals.,3
"""Dogs do not fall under the category of mammals.""",0,Dogs are not mammals.,4
The Eiffel Tower is located in London.,0,The Eiffel Tower is located in London.,0
The location of the Eiffel Tower is in London.,0,The Eiffel Tower is located in London.,1
"In London, you can find the Eiffel Tower.",0,The Eiffel Tower is located in London.,2
The Eiffel Tower can be found in London.,0,The Eiffel Tower is located in London.,3
London is where the Eiffel Tower is situated.,0,The Eiffel Tower is located in London.,4
Oxygen is essential for respiration.,1,Oxygen is essential for respiration.,0
Respiration requires oxygen to occur.,1,Oxygen is essential for respiration.,1
"For respiration, oxygen is essential.",1,Oxygen is essential for respiration.,2
Oxygen is a necessary component for respiration.,1,Oxygen is essential for respiration.,3
Respiration cannot occur without oxygen.,1,Oxygen is essential for respiration.,4
The periodic table organizes elements based on their properties.,1,The periodic table organizes elements based on their properties.,0
Elements are organized in the periodic table according to their properties.,1,The periodic table organizes elements based on their properties.,1
The organization of elements in the periodic table is based on their properties.,1,The periodic table organizes elements based on their properties.,2
"Based on their properties, elements are arranged in the periodic table.",1,The periodic table organizes elements based on their properties.,3
The periodic table arranges elements according to their respective properties.,1,The periodic table organizes elements based on their properties.,4
The circulatory system blocks nutrients and oxygen throughout the body.,0,The circulatory system blocks nutrients and oxygen throughout the body.,0
"""Nutrients and oxygen are blocked throughout the body by the circulatory system.""",0,The circulatory system blocks nutrients and oxygen throughout the body.,1
"""Throughout the body, the circulatory system prevents the flow of nutrients and oxygen.""",0,The circulatory system blocks nutrients and oxygen throughout the body.,2
"""The circulatory system obstructs the distribution of nutrients and oxygen in the body.""",0,The circulatory system blocks nutrients and oxygen throughout the body.,3
"""In the body, nutrients and oxygen are hindered from moving by the circulatory system.""",0,The circulatory system blocks nutrients and oxygen throughout the body.,4
Pizza is a type of food that no one likes.,0,Pizza is a type of food that no one likes.,0
"""No one enjoys pizza, which is a kind of food.""",0,Pizza is a type of food that no one likes.,1
"""Pizza is a category of food that nobody appreciates.""",0,Pizza is a type of food that no one likes.,2
"""A type of food that is disliked by everyone is pizza.""",0,Pizza is a type of food that no one likes.,3
"""Nobody has a fondness for pizza, a specific type of food.""",0,Pizza is a type of food that no one likes.,4
The speed of light is higher than the speed of sound.,1,The speed of light is higher than the speed of sound.,0
"""Light travels faster than sound does.""",1,The speed of light is higher than the speed of sound.,1
"""The velocity of light exceeds that of sound.""",1,The speed of light is higher than the speed of sound.,2
"""Compared to sound, the speed of light is greater.""",1,The speed of light is higher than the speed of sound.,3
"""Light's speed is faster than that of sound.""",1,The speed of light is higher than the speed of sound.,4
The human body has bones.,1,The human body has bones.,0
Bones are present in the human body.,1,The human body has bones.,1
The body of a human contains bones.,1,The human body has bones.,2
"In the human body, there are bones.",1,The human body has bones.,3
The human anatomy includes bones.,1,The human body has bones.,4
The conservation of energy principle states that energy can be created and destroyed.,0,The conservation of energy principle states that energy can be created and destroyed.,0
The principle of conservation of energy asserts that energy can be both created and destroyed.,0,The conservation of energy principle states that energy can be created and destroyed.,1
"According to the conservation of energy principle, energy can be generated and eliminated.",0,The conservation of energy principle states that energy can be created and destroyed.,2
The conservation of energy states that energy is capable of being created and destroyed.,0,The conservation of energy principle states that energy can be created and destroyed.,3
It is stated by the conservation of energy principle that energy can be produced and annihilated.,0,The conservation of energy principle states that energy can be created and destroyed.,4
Chemical reactions involve the rearrangement of atoms to form new substances.,1,Chemical reactions involve the rearrangement of atoms to form new substances.,0
Atoms are rearranged in chemical reactions to create new substances.,1,Chemical reactions involve the rearrangement of atoms to form new substances.,1
The formation of new substances occurs through the rearrangement of atoms in chemical reactions.,1,Chemical reactions involve the rearrangement of atoms to form new substances.,2
"In chemical reactions, atoms are rearranged to generate new substances.",1,Chemical reactions involve the rearrangement of atoms to form new substances.,3
New substances are formed by the rearrangement of atoms during chemical reactions.,1,Chemical reactions involve the rearrangement of atoms to form new substances.,4
Electromagnetic induction is the process by which a changing magnetic field generates an electric current.,1,Electromagnetic induction is the process by which a changing magnetic field generates an electric current.,0
The process of electromagnetic induction involves the generation of an electric current through a changing magnetic field.,1,Electromagnetic induction is the process by which a changing magnetic field generates an electric current.,1
An electric current is generated by a changing magnetic field in the process known as electromagnetic induction.,1,Electromagnetic induction is the process by which a changing magnetic field generates an electric current.,2
Electromagnetic induction refers to the generation of an electric current as a result of a changing magnetic field.,1,Electromagnetic induction is the process by which a changing magnetic field generates an electric current.,3
A changing magnetic field produces an electric current through the process of electromagnetic induction.,1,Electromagnetic induction is the process by which a changing magnetic field generates an electric current.,4
The human body has blood.,1,The human body has blood.,0
Blood is present in the human body.,1,The human body has blood.,1
The body of a human contains blood.,1,The human body has blood.,2
"In the human body, there is blood.",1,The human body has blood.,3
Blood exists within the human body.,1,The human body has blood.,4
The planet Earth is approximately 4.5 billion years old.,1,The planet Earth is approximately 4.5 billion years old.,0
Earth is roughly 4.5 billion years old.,1,The planet Earth is approximately 4.5 billion years old.,1
The age of the planet Earth is estimated to be about 4.5 billion years.,1,The planet Earth is approximately 4.5 billion years old.,2
Approximately 4.5 billion years is how old the planet Earth is.,1,The planet Earth is approximately 4.5 billion years old.,3
It is believed that the planet Earth has an age of around 4.5 billion years.,1,The planet Earth is approximately 4.5 billion years old.,4
The circulatory system transports nutrients and oxygen throughout the body.,1,The circulatory system transports nutrients and oxygen throughout the body.,0
Nutrients and oxygen are transported throughout the body by the circulatory system.,1,The circulatory system transports nutrients and oxygen throughout the body.,1
The body receives nutrients and oxygen through the transportation provided by the circulatory system.,1,The circulatory system transports nutrients and oxygen throughout the body.,2
"Throughout the body, the circulatory system is responsible for transporting nutrients and oxygen.",1,The circulatory system transports nutrients and oxygen throughout the body.,3
Transporting nutrients and oxygen around the body is the function of the circulatory system.,1,The circulatory system transports nutrients and oxygen throughout the body.,4
The fastest animal in the world is the pig.,0,The fastest animal in the world is the pig.,0
The pig holds the title of the fastest animal in the world.,0,The fastest animal in the world is the pig.,1
"In the animal kingdom, the pig is recognized as the fastest creature on the planet.",0,The fastest animal in the world is the pig.,2
"When it comes to speed, the pig is the fastest animal in the world.",0,The fastest animal in the world is the pig.,3
The world's fastest animal is identified as the pig.,0,The fastest animal in the world is the pig.,4
The process by which a gas turns into a liquid is called evaporation.,0,The process by which a gas turns into a liquid is called evaporation.,0
The transformation of a gas into a liquid is referred to as evaporation.,0,The process by which a gas turns into a liquid is called evaporation.,1
Evaporation is the name given to the process where a gas changes into a liquid.,0,The process by which a gas turns into a liquid is called evaporation.,2
The term for the process in which a gas converts to a liquid is evaporation.,0,The process by which a gas turns into a liquid is called evaporation.,3
Evaporation describes the process through which a gas becomes a liquid.,0,The process by which a gas turns into a liquid is called evaporation.,4
The coldest temperature on Earth is 100 degrees Celsius.,0,The coldest temperature on Earth is 100 degrees Celsius.,0
The temperature that is the coldest on Earth is 100 degrees Celsius.,0,The coldest temperature on Earth is 100 degrees Celsius.,1
"On Earth, the lowest recorded temperature is 100 degrees Celsius.",0,The coldest temperature on Earth is 100 degrees Celsius.,2
The coldest recorded temperature anywhere on Earth is 100 degrees Celsius.,0,The coldest temperature on Earth is 100 degrees Celsius.,3
Earth experiences its coldest temperature at 100 degrees Celsius.,0,The coldest temperature on Earth is 100 degrees Celsius.,4
The speed of light is the slowest known speed in the universe.,0,The speed of light is the slowest known speed in the universe.,0
"""In the universe, the speed of light is the slowest speed that is known.""",0,The speed of light is the slowest known speed in the universe.,1
"""The known speed that is the slowest in the universe is the speed of light.""",0,The speed of light is the slowest known speed in the universe.,2
"""Among all known speeds in the universe, the speed of light is the slowest.""",0,The speed of light is the slowest known speed in the universe.,3
"""The speed of light is recognized as the slowest speed in the universe.""",0,The speed of light is the slowest known speed in the universe.,4
The sun revolves around the Earth.,0,The sun revolves around the Earth.,0
"""The Earth is orbited by the sun.""",0,The sun revolves around the Earth.,1
"""The sun orbits the Earth.""",0,The sun revolves around the Earth.,2
"""The Earth is the center around which the sun revolves.""",0,The sun revolves around the Earth.,3
"""The sun moves in a circular path around the Earth.""",0,The sun revolves around the Earth.,4
The ozone layer exposes Earth to harmful ultraviolet radiation.,0,The ozone layer exposes Earth to harmful ultraviolet radiation.,0
"""The ozone layer allows harmful ultraviolet radiation to reach Earth.""",0,The ozone layer exposes Earth to harmful ultraviolet radiation.,1
"""Harmful ultraviolet radiation is exposed to Earth by the ozone layer.""",0,The ozone layer exposes Earth to harmful ultraviolet radiation.,2
"""Earth is exposed to harmful ultraviolet radiation due to the ozone layer.""",0,The ozone layer exposes Earth to harmful ultraviolet radiation.,3
"""The ozone layer permits the entry of harmful ultraviolet radiation to Earth.""",0,The ozone layer exposes Earth to harmful ultraviolet radiation.,4
The shortest distance between two points is a zigzag.,0,The shortest distance between two points is a zigzag.,0
A zigzag is the shortest distance connecting two points.,0,The shortest distance between two points is a zigzag.,1
"To travel between two points, the shortest path is a zigzag.",0,The shortest distance between two points is a zigzag.,2
The most direct route between two points is a zigzag.,0,The shortest distance between two points is a zigzag.,3
Two points can be connected by the shortest distance through a zigzag.,0,The shortest distance between two points is a zigzag.,4
Hybrids are the offspring of two plants or animals from different species or varieties.,1,Hybrids are the offspring of two plants or animals from different species or varieties.,0
Hybrids result from the mating of two plants or animals belonging to different species or varieties.,1,Hybrids are the offspring of two plants or animals from different species or varieties.,1
The offspring known as hybrids come from two plants or animals that are from distinct species or varieties.,1,Hybrids are the offspring of two plants or animals from different species or varieties.,2
Two different species or varieties of plants or animals produce hybrids as their offspring.,1,Hybrids are the offspring of two plants or animals from different species or varieties.,3
Hybrids are produced when two plants or animals of different species or varieties breed.,1,Hybrids are the offspring of two plants or animals from different species or varieties.,4
The first man-made satellite was launched by France.,0,The first man-made satellite was launched by France.,0
France launched the first man-made satellite.,0,The first man-made satellite was launched by France.,1
The first satellite created by humans was sent into space by France.,0,The first man-made satellite was launched by France.,2
It was France that launched the first ever man-made satellite.,0,The first man-made satellite was launched by France.,3
The initial man-made satellite was put into orbit by France.,0,The first man-made satellite was launched by France.,4
The tallest mountain in the world is located in Australia.,0,The tallest mountain in the world is located in Australia.,0
"""The highest mountain on Earth can be found in Australia.""",0,The tallest mountain in the world is located in Australia.,1
"""In Australia, you will find the tallest mountain in the world.""",0,The tallest mountain in the world is located in Australia.,2
"""Australia is home to the highest mountain in the world.""",0,The tallest mountain in the world is located in Australia.,3
"""The world’s tallest mountain is situated in Australia.""",0,The tallest mountain in the world is located in Australia.,4
"The study of the Earth's physical structure, processes, and history is called geology.",1,"The study of the Earth's physical structure, processes, and history is called geology.",0
"Geology is the term used to refer to the study of the Earth's physical structure, processes, and history.",1,"The study of the Earth's physical structure, processes, and history is called geology.",1
"The field that examines the Earth's physical structure, processes, and history is known as geology.",1,"The study of the Earth's physical structure, processes, and history is called geology.",2
"The name for the study focusing on the Earth's physical structure, processes, and history is geology.",1,"The study of the Earth's physical structure, processes, and history is called geology.",3
"Geology refers to the academic discipline that investigates the Earth's physical structure, processes, and history.",1,"The study of the Earth's physical structure, processes, and history is called geology.",4
The scientific method is a systematic process for investigating phenomena and acquiring new knowledge.,1,The scientific method is a systematic process for investigating phenomena and acquiring new knowledge.,0
The systematic process for investigating phenomena and acquiring new knowledge is known as the scientific method.,1,The scientific method is a systematic process for investigating phenomena and acquiring new knowledge.,1
A systematic approach to investigating phenomena and gaining new knowledge is referred to as the scientific method.,1,The scientific method is a systematic process for investigating phenomena and acquiring new knowledge.,2
"Known as the scientific method, it is a systematic process used to investigate phenomena and acquire new knowledge.",1,The scientific method is a systematic process for investigating phenomena and acquiring new knowledge.,3
The scientific method serves as a systematic process for exploring phenomena and obtaining new knowledge.,1,The scientific method is a systematic process for investigating phenomena and acquiring new knowledge.,4
The smallest ocean in the world is the Atlantic Ocean.,0,The smallest ocean in the world is the Atlantic Ocean.,0
The Atlantic Ocean is the smallest ocean in the world.,0,The smallest ocean in the world is the Atlantic Ocean.,1
"In the world, the ocean that is the smallest is the Atlantic Ocean.",0,The smallest ocean in the world is the Atlantic Ocean.,2
The ocean recognized as the smallest in the world is the Atlantic Ocean.,0,The smallest ocean in the world is the Atlantic Ocean.,3
The Atlantic Ocean holds the title of the smallest ocean in the world.,0,The smallest ocean in the world is the Atlantic Ocean.,4
The human immune system helps protect the body from infections.,1,The human immune system helps protect the body from infections.,0
The body's defense against infections is aided by the human immune system.,1,The human immune system helps protect the body from infections.,1
Helping to shield the body from infections is the role of the human immune system.,1,The human immune system helps protect the body from infections.,2
The human immune system serves to protect the body from infections.,1,The human immune system helps protect the body from infections.,3
Protection from infections is facilitated by the human immune system.,1,The human immune system helps protect the body from infections.,4
The Earth is flat.,0,The Earth is flat.,0
The shape of the Earth is flat.,0,The Earth is flat.,1
The Earth has a flat form.,0,The Earth is flat.,2
It is a fact that the Earth is flat.,0,The Earth is flat.,3
The Earth exists in a flat state.,0,The Earth is flat.,4
Jupiter is mostly made of iron and oxygen.,0,Jupiter is mostly made of iron and oxygen.,0
The composition of Jupiter is primarily iron and oxygen.,0,Jupiter is mostly made of iron and oxygen.,1
"Mostly, Jupiter consists of iron and oxygen.",0,Jupiter is mostly made of iron and oxygen.,2
Iron and oxygen make up the majority of Jupiter's composition.,0,Jupiter is mostly made of iron and oxygen.,3
Jupiter primarily contains iron and oxygen.,0,Jupiter is mostly made of iron and oxygen.,4
The largest glacier in the world is located in Africa.,0,The largest glacier in the world is located in Africa.,0
The biggest glacier in the world can be found in Africa.,0,The largest glacier in the world is located in Africa.,1
"In Africa, one can find the largest glacier in the world.",0,The largest glacier in the world is located in Africa.,2
Africa is home to the world's largest glacier.,0,The largest glacier in the world is located in Africa.,3
The world's biggest glacier is situated in Africa.,0,The largest glacier in the world is located in Africa.,4
Osmosis is the movement of water across a selectively permeable membrane.,1,Osmosis is the movement of water across a selectively permeable membrane.,0
The movement of water occurs through a selectively permeable membrane during osmosis.,1,Osmosis is the movement of water across a selectively permeable membrane.,1
Osmosis refers to the process by which water moves across a membrane that is selectively permeable.,1,Osmosis is the movement of water across a selectively permeable membrane.,2
Water moves across a selectively permeable membrane in the process known as osmosis.,1,Osmosis is the movement of water across a selectively permeable membrane.,3
The process of osmosis involves the movement of water through a membrane that is selectively permeable.,1,Osmosis is the movement of water across a selectively permeable membrane.,4
New York City is the largest city in the United States.,1,New York City is the largest city in the United States.,0
The largest city in the United States is New York City.,1,New York City is the largest city in the United States.,1
"In the United States, New York City holds the title of the largest city.",1,New York City is the largest city in the United States.,2
New York City ranks as the largest city within the United States.,1,New York City is the largest city in the United States.,3
"Within the United States, the city that is the largest is New York City.",1,New York City is the largest city in the United States.,4
Humans have wings and can fly.,0,Humans have wings and can fly.,0
"""Humans possess wings and are capable of flight.""",0,Humans have wings and can fly.,1
"""With wings, humans can soar through the air.""",0,Humans have wings and can fly.,2
"""Humans are equipped with wings and have the ability to fly.""",0,Humans have wings and can fly.,3
"""Equipped with wings, humans are able to take to the skies.""",0,Humans have wings and can fly.,4
Fossils are unpreserved remains of organisms that live in the present.,0,Fossils are unpreserved remains of organisms that live in the present.,0
"Fossils are the remains of organisms that currently exist, which have not been preserved.",0,Fossils are unpreserved remains of organisms that live in the present.,1
Unpreserved remains of organisms that are alive today are known as fossils.,0,Fossils are unpreserved remains of organisms that live in the present.,2
The term fossils refers to the unpreserved remains of living organisms.,0,Fossils are unpreserved remains of organisms that live in the present.,3
Fossils consist of remains from organisms that live in the present and have not been preserved.,0,Fossils are unpreserved remains of organisms that live in the present.,4
Pizza is a type of food that many people enjoy.,1,Pizza is a type of food that many people enjoy.,0
"Many people enjoy pizza, which is a kind of food.",1,Pizza is a type of food that many people enjoy.,1
A type of food that is enjoyed by many people is pizza.,1,Pizza is a type of food that many people enjoy.,2
Pizza is a food category that is favored by numerous individuals.,1,Pizza is a type of food that many people enjoy.,3
"Many individuals take pleasure in pizza, a specific kind of food.",1,Pizza is a type of food that many people enjoy.,4
The color of an object depends on the wavelengths of light that it reflects.,1,The color of an object depends on the wavelengths of light that it reflects.,0
"""An object's color is determined by the wavelengths of light that it reflects.""",1,The color of an object depends on the wavelengths of light that it reflects.,1
"""The wavelengths of light that an object reflects influence its color.""",1,The color of an object depends on the wavelengths of light that it reflects.,2
"""The reflected wavelengths of light dictate the color of an object.""",1,The color of an object depends on the wavelengths of light that it reflects.,3
"""An object's color relies on the wavelengths of light that it reflects.""",1,The color of an object depends on the wavelengths of light that it reflects.,4
The human digestive system breaks down food into nutrients.,1,The human digestive system breaks down food into nutrients.,0
"""Food is broken down into nutrients by the human digestive system.""",1,The human digestive system breaks down food into nutrients.,1
"""The digestive system in humans processes food into nutrients.""",1,The human digestive system breaks down food into nutrients.,2
"""Nutrients are derived from food as it is broken down by the human digestive system.""",1,The human digestive system breaks down food into nutrients.,3
"""The process of breaking down food into nutrients is carried out by the human digestive system.""",1,The human digestive system breaks down food into nutrients.,4
The distance from the Earth to the sun is approximately 93 million miles.,1,The distance from the Earth to the sun is approximately 93 million miles.,0
The distance to the sun from the Earth is roughly 93 million miles.,1,The distance from the Earth to the sun is approximately 93 million miles.,1
Approximately 93 million miles is the distance that separates the Earth from the sun.,1,The distance from the Earth to the sun is approximately 93 million miles.,2
About 93 million miles is the approximate distance between the Earth and the sun.,1,The distance from the Earth to the sun is approximately 93 million miles.,3
The Earth is approximately 93 million miles away from the sun.,1,The distance from the Earth to the sun is approximately 93 million miles.,4
The largest mammal on Earth is the blue whale.,1,The largest mammal on Earth is the blue whale.,0
The blue whale is the largest mammal found on Earth.,1,The largest mammal on Earth is the blue whale.,1
"On Earth, the largest mammal is the blue whale.",1,The largest mammal on Earth is the blue whale.,2
The largest species of mammal on the planet is the blue whale.,1,The largest mammal on Earth is the blue whale.,3
The blue whale holds the title of being the largest mammal on Earth.,1,The largest mammal on Earth is the blue whale.,4
The sky is blue.,1,The sky is blue.,0
"""Blue is the color of the sky.""",1,The sky is blue.,1
"""The color of the sky is blue.""",1,The sky is blue.,2
"""It is blue that the sky appears.""",1,The sky is blue.,3
"""The sky appears in the color blue.""",1,The sky is blue.,4
The longest mountain range in the world is located in Australia.,0,The longest mountain range in the world is located in Australia.,0
The longest mountain range globally can be found in Australia.,0,The longest mountain range in the world is located in Australia.,1
"Located in Australia, the longest mountain range in the world exists.",0,The longest mountain range in the world is located in Australia.,2
"In Australia, one can find the longest mountain range that exists worldwide.",0,The longest mountain range in the world is located in Australia.,3
The world’s longest mountain range is situated in Australia.,0,The longest mountain range in the world is located in Australia.,4
The largest land animal in the world is the whale.,0,The largest land animal in the world is the whale.,0
The whale is the largest land animal on the planet.,0,The largest land animal in the world is the whale.,1
"In the world, the whale holds the title of the largest land animal.",0,The largest land animal in the world is the whale.,2
The title of the largest land animal in existence goes to the whale.,0,The largest land animal in the world is the whale.,3
The whale ranks as the largest land animal globally.,0,The largest land animal in the world is the whale.,4
The study of non-living objects and their interactions with the environment is called biology.,0,The study of non-living objects and their interactions with the environment is called biology.,0
Biology is defined as the study of non-living objects and their interactions with the environment.,0,The study of non-living objects and their interactions with the environment is called biology.,1
The field known as biology focuses on the study of non-living objects and their environmental interactions.,0,The study of non-living objects and their interactions with the environment is called biology.,2
Non-living objects and their interactions with the environment are studied in a field referred to as biology.,0,The study of non-living objects and their interactions with the environment is called biology.,3
The term biology refers to the study of non-living objects and how they interact with the environment.,0,The study of non-living objects and their interactions with the environment is called biology.,4
The largest bird in the world is the sparrow.,0,The largest bird in the world is the sparrow.,0
The sparrow is the largest bird in the world.,0,The largest bird in the world is the sparrow.,1
"In the world, the sparrow holds the title of the largest bird.",0,The largest bird in the world is the sparrow.,2
The sparrow is recognized as the world's largest bird.,0,The largest bird in the world is the sparrow.,3
"As far as birds go, the sparrow is the largest in the world.",0,The largest bird in the world is the sparrow.,4
Octopuses have three hearts.,1,Octopuses have three hearts.,0
Three hearts are possessed by octopuses.,1,Octopuses have three hearts.,1
Octopuses possess a total of three hearts.,1,Octopuses have three hearts.,2
There are three hearts in octopuses.,1,Octopuses have three hearts.,3
An octopus has three hearts.,1,Octopuses have three hearts.,4
The shortest month of the year is February.,1,The shortest month of the year is February.,0
February is the month that has the fewest days in the year.,1,The shortest month of the year is February.,1
The month with the least number of days is February.,1,The shortest month of the year is February.,2
February holds the title of being the shortest month in the calendar year.,1,The shortest month of the year is February.,3
"In terms of days, February is the shortest month of all.",1,The shortest month of the year is February.,4
"The three types of blood vessels in the human body are arteries, veins, and capillaries.",1,"The three types of blood vessels in the human body are arteries, veins, and capillaries.",0
"In the human body, there are three types of blood vessels: arteries, veins, and capillaries.",1,"The three types of blood vessels in the human body are arteries, veins, and capillaries.",1
"Arteries, veins, and capillaries are the three types of blood vessels found in the human body.",1,"The three types of blood vessels in the human body are arteries, veins, and capillaries.",2
"The human body contains three kinds of blood vessels, which are arteries, veins, and capillaries.",1,"The three types of blood vessels in the human body are arteries, veins, and capillaries.",3
"There are three varieties of blood vessels in the human body: arteries, veins, and capillaries.",1,"The three types of blood vessels in the human body are arteries, veins, and capillaries.",4
Fossils destroy evidence of past life on Earth.,0,Fossils destroy evidence of past life on Earth.,0
"""Evidence of past life on Earth is destroyed by fossils.""",0,Fossils destroy evidence of past life on Earth.,1
"""Fossils eliminate evidence of previous life on Earth.""",0,Fossils destroy evidence of past life on Earth.,2
"""The evidence of Earth's past life is destroyed by fossils.""",0,Fossils destroy evidence of past life on Earth.,3
"""On Earth, fossils destroy the evidence of past life.""",0,Fossils destroy evidence of past life on Earth.,4
"The process by which a solid turns directly into a gas, without becoming a liquid, is called sublimation.",1,"The process by which a solid turns directly into a gas, without becoming a liquid, is called sublimation.",0
"""Sublimation is the term used to describe the process where a solid transitions directly into a gas without first becoming a liquid.""",1,"The process by which a solid turns directly into a gas, without becoming a liquid, is called sublimation.",1
"""The term for the process in which a solid changes directly into a gas, skipping the liquid phase, is known as sublimation.""",1,"The process by which a solid turns directly into a gas, without becoming a liquid, is called sublimation.",2
"""When a solid transforms directly into a gas without passing through the liquid state, this process is referred to as sublimation.""",1,"The process by which a solid turns directly into a gas, without becoming a liquid, is called sublimation.",3
"""The conversion of a solid into a gas without it turning into a liquid is called sublimation.""",1,"The process by which a solid turns directly into a gas, without becoming a liquid, is called sublimation.",4
Octopuses have one heart.,0,Octopuses have one heart.,0
An octopus possesses a single heart.,0,Octopuses have one heart.,1
There is one heart in an octopus.,0,Octopuses have one heart.,2
Octopuses are equipped with one heart.,0,Octopuses have one heart.,3
An octopus has just one heart.,0,Octopuses have one heart.,4
The Hubble Space Telescope has provided valuable information about distant celestial objects.,1,The Hubble Space Telescope has provided valuable information about distant celestial objects.,0
Valuable information about distant celestial objects has been provided by the Hubble Space Telescope.,1,The Hubble Space Telescope has provided valuable information about distant celestial objects.,1
The Hubble Space Telescope has offered significant insights regarding distant celestial objects.,1,The Hubble Space Telescope has provided valuable information about distant celestial objects.,2
Information about distant celestial objects has been significantly provided by the Hubble Space Telescope.,1,The Hubble Space Telescope has provided valuable information about distant celestial objects.,3
Distant celestial objects have been the subject of valuable information provided by the Hubble Space Telescope.,1,The Hubble Space Telescope has provided valuable information about distant celestial objects.,4
"The human reproductive system includes the ovaries, uterus, and testes.",1,"The human reproductive system includes the ovaries, uterus, and testes.",0
"The ovaries, uterus, and testes are components of the human reproductive system.",1,"The human reproductive system includes the ovaries, uterus, and testes.",1
"Included in the human reproductive system are the ovaries, uterus, and testes.",1,"The human reproductive system includes the ovaries, uterus, and testes.",2
"The human reproductive system comprises the ovaries, uterus, and testes.",1,"The human reproductive system includes the ovaries, uterus, and testes.",3
"Ovaries, uterus, and testes make up the human reproductive system.",1,"The human reproductive system includes the ovaries, uterus, and testes.",4
The smallest planet in the solar system is Jupiter.,0,The smallest planet in the solar system is Jupiter.,0
Jupiter is the smallest planet in the solar system.,0,The smallest planet in the solar system is Jupiter.,1
"In the solar system, the smallest planet is Jupiter.",0,The smallest planet in the solar system is Jupiter.,2
The planet Jupiter is the smallest in the solar system.,0,The smallest planet in the solar system is Jupiter.,3
"Within the solar system, Jupiter is the smallest planet.",0,The smallest planet in the solar system is Jupiter.,4
Comets are icy celestial objects.,1,Comets are icy celestial objects.,0
Icy celestial objects are what comets are classified as.,1,Comets are icy celestial objects.,1
Comets are classified as objects in space that are icy.,1,Comets are icy celestial objects.,2
Celestial objects known as comets are made of ice.,1,Comets are icy celestial objects.,3
Icy objects found in space are referred to as comets.,1,Comets are icy celestial objects.,4
The greenhouse effect reduces Earth's temperature.,0,The greenhouse effect reduces Earth's temperature.,0
"""The Earth's temperature is decreased by the greenhouse effect.""",0,The greenhouse effect reduces Earth's temperature.,1
"""The greenhouse effect leads to a reduction in the temperature of Earth.""",0,The greenhouse effect reduces Earth's temperature.,2
"""Earth's temperature is lowered due to the greenhouse effect.""",0,The greenhouse effect reduces Earth's temperature.,3
"""A decrease in Earth's temperature is caused by the greenhouse effect.""",0,The greenhouse effect reduces Earth's temperature.,4
The largest animal in the world is a mosquito.,0,The largest animal in the world is a mosquito.,0
A mosquito holds the title of the largest animal in the world.,0,The largest animal in the world is a mosquito.,1
The biggest animal on the planet is a mosquito.,0,The largest animal in the world is a mosquito.,2
"In the world, the mosquito is recognized as the largest animal.",0,The largest animal in the world is a mosquito.,3
The mosquito is considered the largest animal in existence.,0,The largest animal in the world is a mosquito.,4
Trees release carbon dioxide and absorb nitrogen.,0,Trees release carbon dioxide and absorb nitrogen.,0
Carbon dioxide is released by trees while they absorb nitrogen.,0,Trees release carbon dioxide and absorb nitrogen.,1
Trees absorb nitrogen and release carbon dioxide.,0,Trees release carbon dioxide and absorb nitrogen.,2
The process of trees involves releasing carbon dioxide and absorbing nitrogen.,0,Trees release carbon dioxide and absorb nitrogen.,3
"Carbon dioxide is emitted by trees, which also take in nitrogen.",0,Trees release carbon dioxide and absorb nitrogen.,4
Diamonds are made of silicon.,0,Diamonds are made of silicon.,0
"""Silicon is what diamonds are composed of.""",0,Diamonds are made of silicon.,1
"""The composition of diamonds consists of silicon.""",0,Diamonds are made of silicon.,2
"""Diamonds consist of silicon in their makeup.""",0,Diamonds are made of silicon.,3
"""Silicon forms the basis of diamonds.""",0,Diamonds are made of silicon.,4
Seasons are caused by Earth's constant alignment.,0,Seasons are caused by Earth's constant alignment.,0
"""The constant alignment of Earth is responsible for the changing seasons.""",0,Seasons are caused by Earth's constant alignment.,1
"""Earth's alignment, which remains constant, causes the seasons.""",0,Seasons are caused by Earth's constant alignment.,2
"""The seasons are a result of the Earth's unchanging alignment.""",0,Seasons are caused by Earth's constant alignment.,3
"""It is the constant alignment of the Earth that leads to the occurrence of seasons.""",0,Seasons are caused by Earth's constant alignment.,4
"The Eiffel Tower is located in Paris, France.",1,"The Eiffel Tower is located in Paris, France.",0
"The location of the Eiffel Tower is in Paris, France.",1,"The Eiffel Tower is located in Paris, France.",1
"Paris, France is where the Eiffel Tower is situated.",1,"The Eiffel Tower is located in Paris, France.",2
"In Paris, France, you can find the Eiffel Tower.",1,"The Eiffel Tower is located in Paris, France.",3
"The Eiffel Tower can be found in Paris, France.",1,"The Eiffel Tower is located in Paris, France.",4
Metamorphosis is a biological process in which an organism remains unchanged in form during its life cycle.,0,Metamorphosis is a biological process in which an organism remains unchanged in form during its life cycle.,0
"""A biological process known as metamorphosis involves an organism staying unchanged in form throughout its life cycle.""",0,Metamorphosis is a biological process in which an organism remains unchanged in form during its life cycle.,1
"""During its life cycle, an organism is unchanged in form in the biological process referred to as metamorphosis.""",0,Metamorphosis is a biological process in which an organism remains unchanged in form during its life cycle.,2
"""Metamorphosis is defined as a biological process where an organism does not change its form during its life cycle.""",0,Metamorphosis is a biological process in which an organism remains unchanged in form during its life cycle.,3
"""In the life cycle of an organism, the biological process called metamorphosis means that it remains unchanged in form.""",0,Metamorphosis is a biological process in which an organism remains unchanged in form during its life cycle.,4
The process by which a liquid turns into a gas is called evaporation.,1,The process by which a liquid turns into a gas is called evaporation.,0
Evaporation is the term used to describe the process of a liquid transforming into a gas.,1,The process by which a liquid turns into a gas is called evaporation.,1
The term for the process in which a liquid changes into a gas is evaporation.,1,The process by which a liquid turns into a gas is called evaporation.,2
"When a liquid becomes a gas, that process is referred to as evaporation.",1,The process by which a liquid turns into a gas is called evaporation.,3
The process that converts a liquid into a gas is known as evaporation.,1,The process by which a liquid turns into a gas is called evaporation.,4
Birds are not animals.,0,Birds are not animals.,0
"""Birds do not belong to the category of animals.""",0,Birds are not animals.,1
"""Birds are classified as something other than animals.""",0,Birds are not animals.,2
"""Birds should not be considered animals.""",0,Birds are not animals.,3
"""Birds are not included in the animal kingdom.""",0,Birds are not animals.,4
The color of the sky is blue.,1,The color of the sky is blue.,0
The sky appears blue in color.,1,The color of the sky is blue.,1
Blue is the color of the sky.,1,The color of the sky is blue.,2
The sky has a blue hue.,1,The color of the sky is blue.,3
The color that the sky exhibits is blue.,1,The color of the sky is blue.,4
The smallest animal in the world is the elephant.,0,The smallest animal in the world is the elephant.,0
"""The elephant is the world's smallest animal.""",0,The smallest animal in the world is the elephant.,1
"""In the entire world, the smallest animal is the elephant.""",0,The smallest animal in the world is the elephant.,2
"""The elephant holds the title of the smallest animal on the planet.""",0,The smallest animal in the world is the elephant.,3
"""The world's tiniest animal is the elephant.""",0,The smallest animal in the world is the elephant.,4
"Bananas are vegetables, not fruit.",0,"Bananas are vegetables, not fruit.",0
"""Bananas are classified as vegetables rather than fruit.""",0,"Bananas are vegetables, not fruit.",1
"""Rather than being fruit, bananas are considered vegetables.""",0,"Bananas are vegetables, not fruit.",2
"""Instead of being fruits, bananas are actually vegetables.""",0,"Bananas are vegetables, not fruit.",3
"""Bananas should be regarded as vegetables, not as fruits.""",0,"Bananas are vegetables, not fruit.",4
Cars need gasoline or electricity to run.,1,Cars need gasoline or electricity to run.,0
"To operate, cars require either gasoline or electricity.",1,Cars need gasoline or electricity to run.,1
Cars operate on gasoline or electricity.,1,Cars need gasoline or electricity to run.,2
"For functioning, cars must use gasoline or electricity.",1,Cars need gasoline or electricity to run.,3
Gasoline or electricity is necessary for cars to run.,1,Cars need gasoline or electricity to run.,4
The fastest land animal in the world is an ant.,0,The fastest land animal in the world is an ant.,0
An ant holds the title of the fastest land animal in the world.,0,The fastest land animal in the world is an ant.,1
The quickest land animal on Earth is an ant.,0,The fastest land animal in the world is an ant.,2
"In the world, the ant is recognized as the fastest land animal.",0,The fastest land animal in the world is an ant.,3
An ant is the fastest land animal globally.,0,The fastest land animal in the world is an ant.,4
A human pregnancy typically lasts around 9 months.,1,A human pregnancy typically lasts around 9 months.,0
"Typically, a human pregnancy lasts about 9 months.",1,A human pregnancy typically lasts around 9 months.,1
A human pregnancy usually endures for approximately 9 months.,1,A human pregnancy typically lasts around 9 months.,2
Approximately 9 months is the typical duration of a human pregnancy.,1,A human pregnancy typically lasts around 9 months.,3
The usual length of a human pregnancy is around 9 months.,1,A human pregnancy typically lasts around 9 months.,4
The human brain is uninvolved in the body's functions and emotions.,0,The human brain is uninvolved in the body's functions and emotions.,0
"""The body's functions and emotions do not involve the human brain.""",0,The human brain is uninvolved in the body's functions and emotions.,1
"""The human brain has no role in the functions and emotions of the body.""",0,The human brain is uninvolved in the body's functions and emotions.,2
"""In the body's functions and emotions, the human brain is not involved.""",0,The human brain is uninvolved in the body's functions and emotions.,3
"""The functions and emotions of the body are not influenced by the human brain.""",0,The human brain is uninvolved in the body's functions and emotions.,4
Tornadoes are rapidly rotating columns of air that can cause extensive damage.,1,Tornadoes are rapidly rotating columns of air that can cause extensive damage.,0
Rapidly rotating columns of air known as tornadoes can result in significant destruction.,1,Tornadoes are rapidly rotating columns of air that can cause extensive damage.,1
"Tornadoes, which are columns of air that rotate quickly, have the potential to cause considerable damage.",1,Tornadoes are rapidly rotating columns of air that can cause extensive damage.,2
"Columns of air that rotate rapidly, referred to as tornadoes, can lead to widespread devastation.",1,Tornadoes are rapidly rotating columns of air that can cause extensive damage.,3
"Extensive damage can be caused by tornadoes, which are characterized as rapidly rotating columns of air.",1,Tornadoes are rapidly rotating columns of air that can cause extensive damage.,4
The human body is not affected by the force of gravity.,0,The human body is not affected by the force of gravity.,0
The force of gravity does not impact the human body.,0,The human body is not affected by the force of gravity.,1
The human body remains unaffected by gravitational force.,0,The human body is not affected by the force of gravity.,2
Gravity does not influence the human body.,0,The human body is not affected by the force of gravity.,3
The human body is immune to the effects of gravity.,0,The human body is not affected by the force of gravity.,4
The moon is made of broccoli.,0,The moon is made of broccoli.,0
"""Broccoli is what the moon is composed of.""",0,The moon is made of broccoli.,1
"""The composition of the moon consists of broccoli.""",0,The moon is made of broccoli.,2
"""Made entirely of broccoli, the moon is.""",0,The moon is made of broccoli.,3
"""The substance of the moon is broccoli.""",0,The moon is made of broccoli.,4
The fastest bird in the world is the penguin.,0,The fastest bird in the world is the penguin.,0
The penguin is the fastest bird in the world.,0,The fastest bird in the world is the penguin.,1
"In the world, the penguin holds the title of the fastest bird.",0,The fastest bird in the world is the penguin.,2
The bird recognized as the fastest in the world is the penguin.,0,The fastest bird in the world is the penguin.,3
The penguin is recognized as the world's fastest bird.,0,The fastest bird in the world is the penguin.,4
The human muscular system allows us to move and lift things.,1,The human muscular system allows us to move and lift things.,0
The muscular system in humans enables us to lift objects and move around.,1,The human muscular system allows us to move and lift things.,1
We are able to move and lift items thanks to the human muscular system.,1,The human muscular system allows us to move and lift things.,2
The ability to move and lift things is facilitated by the human muscular system.,1,The human muscular system allows us to move and lift things.,3
Our capacity to move and lift objects is provided by the muscular system in humans.,1,The human muscular system allows us to move and lift things.,4
Iron rusts in the presence of oxygen and water.,1,Iron rusts in the presence of oxygen and water.,0
"In the presence of oxygen and water, iron undergoes rusting.",1,Iron rusts in the presence of oxygen and water.,1
Rusting occurs in iron when it is exposed to both oxygen and water.,1,Iron rusts in the presence of oxygen and water.,2
"When oxygen and water are present, iron will rust.",1,Iron rusts in the presence of oxygen and water.,3
The presence of both oxygen and water causes iron to rust.,1,Iron rusts in the presence of oxygen and water.,4
Osmosis is the prevention of water movement across a selectively permeable membrane.,0,Osmosis is the prevention of water movement across a selectively permeable membrane.,0
"""The prevention of water movement across a selectively permeable membrane is what osmosis entails.""",0,Osmosis is the prevention of water movement across a selectively permeable membrane.,1
"""Osmosis refers to the blocking of water movement through a selectively permeable membrane.""",0,Osmosis is the prevention of water movement across a selectively permeable membrane.,2
"""Water movement across a selectively permeable membrane is prevented by osmosis.""",0,Osmosis is the prevention of water movement across a selectively permeable membrane.,3
"""The process of osmosis involves preventing water from moving through a selectively permeable membrane.""",0,Osmosis is the prevention of water movement across a selectively permeable membrane.,4
Neurons are generalized cells that block electrical and chemical signals in the nervous system.,0,Neurons are generalized cells that block electrical and chemical signals in the nervous system.,0
Neurons are broad cells that obstruct both electrical and chemical signals within the nervous system.,0,Neurons are generalized cells that block electrical and chemical signals in the nervous system.,1
"In the nervous system, neurons act as generalized cells that prevent electrical and chemical signals.",0,Neurons are generalized cells that block electrical and chemical signals in the nervous system.,2
Generalized cells known as neurons inhibit electrical and chemical signals in the nervous system.,0,Neurons are generalized cells that block electrical and chemical signals in the nervous system.,3
"In the context of the nervous system, neurons serve as cells that block electrical and chemical signals.",0,Neurons are generalized cells that block electrical and chemical signals in the nervous system.,4
Cars need soap to run.,0,Cars need soap to run.,0
"""To operate, cars require soap.""",0,Cars need soap to run.,1
"""Soap is necessary for cars to function.""",0,Cars need soap to run.,2
"""For cars to run, they need soap.""",0,Cars need soap to run.,3
"""Cars require soap in order to run.""",0,Cars need soap to run.,4
The Earth is round.,1,The Earth is round.,0
The shape of the Earth is round.,1,The Earth is round.,1
The Earth has a round form.,1,The Earth is round.,2
It is a fact that the Earth is round.,1,The Earth is round.,3
The Earth is spherical in shape.,1,The Earth is round.,4
Atoms are the basic building blocks of matter.,1,Atoms are the basic building blocks of matter.,0
The fundamental components of matter are atoms.,1,Atoms are the basic building blocks of matter.,1
Atoms serve as the essential building blocks for all matter.,1,Atoms are the basic building blocks of matter.,2
Matter is composed of basic building blocks known as atoms.,1,Atoms are the basic building blocks of matter.,3
Atoms constitute the primary building blocks of matter.,1,Atoms are the basic building blocks of matter.,4
Apples are a type of fruit.,1,Apples are a type of fruit.,0
"""A type of fruit is represented by apples.""",1,Apples are a type of fruit.,1
"""Apples belong to the category of fruit.""",1,Apples are a type of fruit.,2
"""One category of fruit includes apples.""",1,Apples are a type of fruit.,3
"""Apples fall under the classification of fruit.""",1,Apples are a type of fruit.,4
The planet Jupiter has many moons.,1,The planet Jupiter has many moons.,0
Jupiter possesses numerous moons.,1,The planet Jupiter has many moons.,1
Many moons are found orbiting the planet Jupiter.,1,The planet Jupiter has many moons.,2
The moons of the planet Jupiter are plentiful.,1,The planet Jupiter has many moons.,3
There are a large number of moons associated with Jupiter.,1,The planet Jupiter has many moons.,4
Mars has a thin atmosphere.,1,Mars has a thin atmosphere.,0
The atmosphere of Mars is thin.,1,Mars has a thin atmosphere.,1
Mars possesses a sparse atmosphere.,1,Mars has a thin atmosphere.,2
A thin atmosphere surrounds Mars.,1,Mars has a thin atmosphere.,3
Mars features an atmosphere that is thin.,1,Mars has a thin atmosphere.,4
The fastest animal in the world is the turtle.,0,The fastest animal in the world is the turtle.,0
The turtle holds the title of the fastest animal in the world.,0,The fastest animal in the world is the turtle.,1
"In the world, the fastest animal is identified as the turtle.",0,The fastest animal in the world is the turtle.,2
The turtle is recognized as the fastest animal on the planet.,0,The fastest animal in the world is the turtle.,3
"According to reports, the fastest animal in existence is the turtle.",0,The fastest animal in the world is the turtle.,4
Polar bears have white fur to camouflage in their snowy environment.,1,Polar bears have white fur to camouflage in their snowy environment.,0
"""To blend into their snowy surroundings, polar bears possess white fur.""",1,Polar bears have white fur to camouflage in their snowy environment.,1
"""Polar bears' white fur serves as camouflage in their snowy habitat.""",1,Polar bears have white fur to camouflage in their snowy environment.,2
"""In order to hide in their snowy environment, polar bears have white fur.""",1,Polar bears have white fur to camouflage in their snowy environment.,3
"""The white fur of polar bears helps them camouflage within their snowy surroundings.""",1,Polar bears have white fur to camouflage in their snowy environment.,4
"The oldest known homo sapiens fossils are around 300,000 years old.",1,"The oldest known homo sapiens fossils are around 300,000 years old.",0
"The fossils of homo sapiens that are currently recognized as the oldest date back approximately 300,000 years.",1,"The oldest known homo sapiens fossils are around 300,000 years old.",1
"Approximately 300,000 years old are the oldest fossils identified of homo sapiens.",1,"The oldest known homo sapiens fossils are around 300,000 years old.",2
"The oldest discovered homo sapiens fossils are estimated to be about 300,000 years in age.",1,"The oldest known homo sapiens fossils are around 300,000 years old.",3
"Around 300,000 years old are the oldest known fossils of homo sapiens.",1,"The oldest known homo sapiens fossils are around 300,000 years old.",4
The Statue of Liberty was a gift from Canada.,0,The Statue of Liberty was a gift from Canada.,0
Canada gifted the Statue of Liberty.,0,The Statue of Liberty was a gift from Canada.,1
The Statue of Liberty was presented to the United States by Canada.,0,The Statue of Liberty was a gift from Canada.,2
A gift from Canada is the Statue of Liberty.,0,The Statue of Liberty was a gift from Canada.,3
The Statue of Liberty is a gift that came from Canada.,0,The Statue of Liberty was a gift from Canada.,4
The planet Jupiter is the largest planet in our solar system.,1,The planet Jupiter is the largest planet in our solar system.,0
Jupiter is the largest planet within our solar system.,1,The planet Jupiter is the largest planet in our solar system.,1
"In our solar system, the largest planet is Jupiter.",1,The planet Jupiter is the largest planet in our solar system.,2
The largest planet in the solar system is Jupiter.,1,The planet Jupiter is the largest planet in our solar system.,3
Jupiter holds the title of the largest planet in our solar system.,1,The planet Jupiter is the largest planet in our solar system.,4
The planet Pluto was reclassified as a dwarf planet in 2006.,1,The planet Pluto was reclassified as a dwarf planet in 2006.,0
"In 2006, Pluto was reclassified to be considered a dwarf planet.",1,The planet Pluto was reclassified as a dwarf planet in 2006.,1
Pluto was designated as a dwarf planet in the year 2006.,1,The planet Pluto was reclassified as a dwarf planet in 2006.,2
The year 2006 saw Pluto's reclassification as a dwarf planet.,1,The planet Pluto was reclassified as a dwarf planet in 2006.,3
"In 2006, the classification of Pluto changed to that of a dwarf planet.",1,The planet Pluto was reclassified as a dwarf planet in 2006.,4
The continent of Antarctica is mostly covered in ice.,1,The continent of Antarctica is mostly covered in ice.,0
Antarctica is primarily covered with ice.,1,The continent of Antarctica is mostly covered in ice.,1
The majority of the surface of Antarctica is made up of ice.,1,The continent of Antarctica is mostly covered in ice.,2
Ice predominantly covers the continent of Antarctica.,1,The continent of Antarctica is mostly covered in ice.,3
Most of Antarctica is ice-covered.,1,The continent of Antarctica is mostly covered in ice.,4
Volcanoes form at areas where Earth's tectonic plates interact.,1,Volcanoes form at areas where Earth's tectonic plates interact.,0
"""Areas where Earth's tectonic plates interact are where volcanoes are formed.""",1,Volcanoes form at areas where Earth's tectonic plates interact.,1
"""Volcanoes are created in locations where there is interaction between Earth's tectonic plates.""",1,Volcanoes form at areas where Earth's tectonic plates interact.,2
"""At places where Earth's tectonic plates come into contact, volcanoes form.""",1,Volcanoes form at areas where Earth's tectonic plates interact.,3
"""Interactions of Earth's tectonic plates lead to the formation of volcanoes.""",1,Volcanoes form at areas where Earth's tectonic plates interact.,4
The study of spontaneity and the variation of non-inherited characteristics is called genetics.,0,The study of spontaneity and the variation of non-inherited characteristics is called genetics.,0
Genetics is the study that focuses on spontaneity and the variation of non-inherited characteristics.,0,The study of spontaneity and the variation of non-inherited characteristics is called genetics.,1
The field that examines spontaneity and the variation of non-inherited traits is known as genetics.,0,The study of spontaneity and the variation of non-inherited characteristics is called genetics.,2
"Called genetics, the study involves spontaneity and the variation of characteristics that are not inherited.",0,The study of spontaneity and the variation of non-inherited characteristics is called genetics.,3
The term genetics refers to the study of spontaneity and the variations of traits that are not inherited.,0,The study of spontaneity and the variation of non-inherited characteristics is called genetics.,4
The Sahara Desert is covered in snow and ice.,0,The Sahara Desert is covered in snow and ice.,0
"""Snow and ice cover the Sahara Desert.""",0,The Sahara Desert is covered in snow and ice.,1
"""The Sahara Desert is blanketed with snow and ice.""",0,The Sahara Desert is covered in snow and ice.,2
"""There is a layer of snow and ice on the Sahara Desert.""",0,The Sahara Desert is covered in snow and ice.,3
"""Snow and ice are found across the Sahara Desert.""",0,The Sahara Desert is covered in snow and ice.,4
The Great Wall of China is the longest wall in the world.,1,The Great Wall of China is the longest wall in the world.,0
The longest wall in the world is the Great Wall of China.,1,The Great Wall of China is the longest wall in the world.,1
"In the world, the Great Wall of China holds the title for being the longest wall.",1,The Great Wall of China is the longest wall in the world.,2
The Great Wall of China is recognized as the world's longest wall.,1,The Great Wall of China is the longest wall in the world.,3
"When it comes to walls, the Great Wall of China is the longest in the world.",1,The Great Wall of China is the longest wall in the world.,4
The fastest bird in the world is the robin.,0,The fastest bird in the world is the robin.,0
The robin is the world's fastest bird.,0,The fastest bird in the world is the robin.,1
"In the world, the fastest bird is the robin.",0,The fastest bird in the world is the robin.,2
The robin holds the title for being the fastest bird globally.,0,The fastest bird in the world is the robin.,3
"Among all birds, the robin is recognized as the fastest in the world.",0,The fastest bird in the world is the robin.,4
The human nose is located on the forehead.,0,The human nose is located on the forehead.,0
The forehead is where the human nose is situated.,0,The human nose is located on the forehead.,1
Located on the forehead is the human nose.,0,The human nose is located on the forehead.,2
The human nose can be found on the forehead.,0,The human nose is located on the forehead.,3
On the forehead is where the human nose is located.,0,The human nose is located on the forehead.,4
"Mars has the largest volcano, Olympus Mons.",1,"Mars has the largest volcano, Olympus Mons.",0
"The largest volcano in the solar system is Olympus Mons, which is located on Mars.",1,"Mars has the largest volcano, Olympus Mons.",1
"Olympus Mons, found on Mars, is the largest volcano.",1,"Mars has the largest volcano, Olympus Mons.",2
"On Mars, the largest volcano is Olympus Mons.",1,"Mars has the largest volcano, Olympus Mons.",3
Olympus Mons is the volcano with the largest size and it is situated on Mars.,1,"Mars has the largest volcano, Olympus Mons.",4
Ice floats on water due to its lower density.,1,Ice floats on water due to its lower density.,0
Ice is able to float on water because it has a lower density.,1,Ice floats on water due to its lower density.,1
The reason ice floats on water is that it is less dense.,1,Ice floats on water due to its lower density.,2
"Due to its lower density, ice floats on water.",1,Ice floats on water due to its lower density.,3
Ice floats on water as a result of having a lower density.,1,Ice floats on water due to its lower density.,4
"The four fundamental forces of nature are gravity, electromagnetism, the strong nuclear force, and the weak nuclear force.",1,"The four fundamental forces of nature are gravity, electromagnetism, the strong nuclear force, and the weak nuclear force.",0
"The four basic forces of nature include gravity, electromagnetism, the strong nuclear force, and the weak nuclear force.",1,"The four fundamental forces of nature are gravity, electromagnetism, the strong nuclear force, and the weak nuclear force.",1
"Gravity, electromagnetism, the strong nuclear force, and the weak nuclear force are the four essential forces of nature.",1,"The four fundamental forces of nature are gravity, electromagnetism, the strong nuclear force, and the weak nuclear force.",2
"The four primary forces that govern nature are gravity, electromagnetism, the strong nuclear force, and the weak nuclear force.",1,"The four fundamental forces of nature are gravity, electromagnetism, the strong nuclear force, and the weak nuclear force.",3
"Nature's four fundamental forces are gravity, electromagnetism, the strong nuclear force, and the weak nuclear force.",1,"The four fundamental forces of nature are gravity, electromagnetism, the strong nuclear force, and the weak nuclear force.",4
The human body has 100 bones.,0,The human body has 100 bones.,0
There are 100 bones in the human body.,0,The human body has 100 bones.,1
The human body contains a total of 100 bones.,0,The human body has 100 bones.,2
"In total, the human body is made up of 100 bones.",0,The human body has 100 bones.,3
The total number of bones in the human body is 100.,0,The human body has 100 bones.,4
The only continent without any forests is South America.,0,The only continent without any forests is South America.,0
South America is the sole continent that lacks any forests.,0,The only continent without any forests is South America.,1
The continent that has no forests at all is South America.,0,The only continent without any forests is South America.,2
South America stands as the only continent that is devoid of forests.,0,The only continent without any forests is South America.,3
"No forests exist on the only continent, which is South America.",0,The only continent without any forests is South America.,4
Antibiotics are used to cause bacterial infections.,0,Antibiotics are used to cause bacterial infections.,0
Bacterial infections are caused by the use of antibiotics.,0,Antibiotics are used to cause bacterial infections.,1
The use of antibiotics leads to bacterial infections.,0,Antibiotics are used to cause bacterial infections.,2
"To cause bacterial infections, antibiotics are utilized.",0,Antibiotics are used to cause bacterial infections.,3
Antibiotics are employed to induce bacterial infections.,0,Antibiotics are used to cause bacterial infections.,4
The Mona Lisa is a famous painting by Leonardo da Vinci.,1,The Mona Lisa is a famous painting by Leonardo da Vinci.,0
"""Leonardo da Vinci created the famous painting known as the Mona Lisa.""",1,The Mona Lisa is a famous painting by Leonardo da Vinci.,1
"""The well-known artwork titled the Mona Lisa was painted by Leonardo da Vinci.""",1,The Mona Lisa is a famous painting by Leonardo da Vinci.,2
"""A renowned painting, the Mona Lisa, is the work of Leonardo da Vinci.""",1,The Mona Lisa is a famous painting by Leonardo da Vinci.,3
"""The Mona Lisa, which is a famous piece of art, was made by Leonardo da Vinci.""",1,The Mona Lisa is a famous painting by Leonardo da Vinci.,4
Earth is more massive than the moon.,1,Earth is more massive than the moon.,0
The mass of Earth is greater than that of the moon.,1,Earth is more massive than the moon.,1
"Compared to the moon, Earth has a higher mass.",1,Earth is more massive than the moon.,2
The moon has less mass than Earth.,1,Earth is more massive than the moon.,3
Earth possesses more mass in comparison to the moon.,1,Earth is more massive than the moon.,4
All the Seven Wonders of the World are located in North America.,0,All the Seven Wonders of the World are located in North America.,0
"""Every one of the Seven Wonders of the World can be found in North America.""",0,All the Seven Wonders of the World are located in North America.,1
"""The Seven Wonders of the World are entirely situated in North America.""",0,All the Seven Wonders of the World are located in North America.,2
"""North America is home to all of the Seven Wonders of the World.""",0,All the Seven Wonders of the World are located in North America.,3
"""All Seven Wonders of the World are positioned in North America.""",0,All the Seven Wonders of the World are located in North America.,4
A substance that can be broken down into simpler substances by chemical means is called an element.,0,A substance that can be broken down into simpler substances by chemical means is called an element.,0
An element is defined as a substance that can be decomposed into simpler substances through chemical methods.,0,A substance that can be broken down into simpler substances by chemical means is called an element.,1
A substance that can be chemically separated into simpler substances is referred to as an element.,0,A substance that can be broken down into simpler substances by chemical means is called an element.,2
The term element describes a substance that can be broken down into simpler substances using chemical processes.,0,A substance that can be broken down into simpler substances by chemical means is called an element.,3
A substance known as an element can be divided into simpler substances by means of chemical reactions.,0,A substance that can be broken down into simpler substances by chemical means is called an element.,4
The shortest distance between two points is a curve.,0,The shortest distance between two points is a curve.,0
A curve represents the shortest distance connecting two points.,0,The shortest distance between two points is a curve.,1
The most direct path between two points is a curve.,0,The shortest distance between two points is a curve.,2
"To connect two points, the shortest route is a curve.",0,The shortest distance between two points is a curve.,3
Two points are joined by a curve that constitutes the shortest distance.,0,The shortest distance between two points is a curve.,4
The Wright brothers made the first successful airplane flight.,1,The Wright brothers made the first successful airplane flight.,0
"""The first successful airplane flight was accomplished by the Wright brothers.""",1,The Wright brothers made the first successful airplane flight.,1
"""It was the Wright brothers who achieved the first successful flight of an airplane.""",1,The Wright brothers made the first successful airplane flight.,2
"""The Wright brothers were the ones who completed the first successful flight with an airplane.""",1,The Wright brothers made the first successful airplane flight.,3
"""The initial successful airplane flight was carried out by the Wright brothers.""",1,The Wright brothers made the first successful airplane flight.,4
"Jupiter has the Great Red Spot, a giant storm.",1,"Jupiter has the Great Red Spot, a giant storm.",0
"The Great Red Spot, a massive storm, is found on Jupiter.",1,"Jupiter has the Great Red Spot, a giant storm.",1
"Jupiter features the Great Red Spot, which is a gigantic storm.",1,"Jupiter has the Great Red Spot, a giant storm.",2
A giant storm known as the Great Red Spot is located on Jupiter.,1,"Jupiter has the Great Red Spot, a giant storm.",3
"The Great Red Spot, an enormous storm, exists on Jupiter.",1,"Jupiter has the Great Red Spot, a giant storm.",4
Gravity is the force that repels objects with mass away from each other.,0,Gravity is the force that repels objects with mass away from each other.,0
The force of gravity pushes objects with mass apart from one another.,0,Gravity is the force that repels objects with mass away from each other.,1
Objects that possess mass are repelled away from each other by gravity.,0,Gravity is the force that repels objects with mass away from each other.,2
Gravity acts as a force that causes objects with mass to move away from each other.,0,Gravity is the force that repels objects with mass away from each other.,3
The repelling force that separates objects with mass is known as gravity.,0,Gravity is the force that repels objects with mass away from each other.,4
The Sun is a planet.,0,The Sun is a planet.,0
"""A planet is what the Sun is.""",0,The Sun is a planet.,1
"""The Sun qualifies as a planet.""",0,The Sun is a planet.,2
"""The classification of the Sun is that of a planet.""",0,The Sun is a planet.,3
"""In terms of classification, the Sun is considered a planet.""",0,The Sun is a planet.,4
The two main types of cells are prokaryotic (without a nucleus) and eukaryotic (with a nucleus).,1,The two main types of cells are prokaryotic (without a nucleus) and eukaryotic (with a nucleus).,0
"""There are two primary categories of cells: prokaryotic cells, which lack a nucleus, and eukaryotic cells, which contain a nucleus.""",1,The two main types of cells are prokaryotic (without a nucleus) and eukaryotic (with a nucleus).,1
"""The two principal types of cells are those that are prokaryotic, meaning they do not have a nucleus, and those that are eukaryotic, which have a nucleus.""",1,The two main types of cells are prokaryotic (without a nucleus) and eukaryotic (with a nucleus).,2
"""Cells can be classified into two main types: prokaryotic, characterized by the absence of a nucleus, and eukaryotic, which are defined by the presence of a nucleus.""",1,The two main types of cells are prokaryotic (without a nucleus) and eukaryotic (with a nucleus).,3
"""The main two forms of cells are prokaryotic cells, which do not possess a nucleus, and eukaryotic cells, which do have a nucleus.""",1,The two main types of cells are prokaryotic (without a nucleus) and eukaryotic (with a nucleus).,4
The Great Wall of China is located in South America.,0,The Great Wall of China is located in South America.,0
The Great Wall of China can be found in South America.,0,The Great Wall of China is located in South America.,1
"In South America, one can find the Great Wall of China.",0,The Great Wall of China is located in South America.,2
South America is where the Great Wall of China is situated.,0,The Great Wall of China is located in South America.,3
Located in South America is the Great Wall of China.,0,The Great Wall of China is located in South America.,4
The largest planet in our solar system is Mercury.,0,The largest planet in our solar system is Mercury.,0
Mercury is the largest planet within our solar system.,0,The largest planet in our solar system is Mercury.,1
"In our solar system, Mercury is considered the largest planet.",0,The largest planet in our solar system is Mercury.,2
The planet Mercury holds the title of the largest in our solar system.,0,The largest planet in our solar system is Mercury.,3
"Among the planets in our solar system, Mercury is the largest.",0,The largest planet in our solar system is Mercury.,4
The most abundant element in the Earth's atmosphere is gold.,0,The most abundant element in the Earth's atmosphere is gold.,0
Gold is the element that exists in the highest quantity in the Earth's atmosphere.,0,The most abundant element in the Earth's atmosphere is gold.,1
"In the Earth's atmosphere, gold is the most plentiful element.",0,The most abundant element in the Earth's atmosphere is gold.,2
The element with the greatest abundance in the Earth's atmosphere is gold.,0,The most abundant element in the Earth's atmosphere is gold.,3
Gold ranks as the most prevalent element found in the Earth's atmosphere.,0,The most abundant element in the Earth's atmosphere is gold.,4
Water is poisonous to humans.,0,Water is poisonous to humans.,0
"""Humans are harmed by water, as it is poisonous to them.""",0,Water is poisonous to humans.,1
"""Water is toxic to humans.""",0,Water is poisonous to humans.,2
"""For humans, water is a poisonous substance.""",0,Water is poisonous to humans.,3
"""Humans find water to be poisonous.""",0,Water is poisonous to humans.,4
The highest point on Earth is at the bottom of the ocean.,0,The highest point on Earth is at the bottom of the ocean.,0
The bottom of the ocean is where the highest point on Earth is located.,0,The highest point on Earth is at the bottom of the ocean.,1
At the ocean's bottom lies the highest point on Earth.,0,The highest point on Earth is at the bottom of the ocean.,2
The highest point on Earth can be found at the depths of the ocean.,0,The highest point on Earth is at the bottom of the ocean.,3
Located at the bottom of the ocean is the highest point on Earth.,0,The highest point on Earth is at the bottom of the ocean.,4
Cows are mammals that produce milk.,1,Cows are mammals that produce milk.,0
Mammals known as cows are capable of producing milk.,1,Cows are mammals that produce milk.,1
Cows belong to the category of mammals and they produce milk.,1,Cows are mammals that produce milk.,2
"As mammals, cows have the ability to produce milk.",1,Cows are mammals that produce milk.,3
"Producing milk, cows are classified as mammals.",1,Cows are mammals that produce milk.,4
The smallest continent in the world is Australia.,1,The smallest continent in the world is Australia.,0
Australia is the smallest continent in the world.,1,The smallest continent in the world is Australia.,1
The continent that is the smallest in the world is Australia.,1,The smallest continent in the world is Australia.,2
Australia holds the title of the smallest continent in the world.,1,The smallest continent in the world is Australia.,3
"In the world, the smallest continent is Australia.",1,The smallest continent in the world is Australia.,4
Uranus does not orbit the Sun.,0,Uranus does not orbit the Sun.,0
"""The Sun is not orbited by Uranus.""",0,Uranus does not orbit the Sun.,1
"""Uranus fails to orbit the Sun.""",0,Uranus does not orbit the Sun.,2
"""There is no orbit of the Sun by Uranus.""",0,Uranus does not orbit the Sun.,3
"""Uranus does not revolve around the Sun.""",0,Uranus does not orbit the Sun.,4
Trees absorb carbon dioxide and release oxygen.,1,Trees absorb carbon dioxide and release oxygen.,0
Carbon dioxide is absorbed by trees while they release oxygen.,1,Trees absorb carbon dioxide and release oxygen.,1
Trees take in carbon dioxide and emit oxygen.,1,Trees absorb carbon dioxide and release oxygen.,2
Oxygen is released by trees as they absorb carbon dioxide.,1,Trees absorb carbon dioxide and release oxygen.,3
Trees are responsible for absorbing carbon dioxide and producing oxygen.,1,Trees absorb carbon dioxide and release oxygen.,4
The highest mountain in North America is Denali.,1,The highest mountain in North America is Denali.,0
Denali is the tallest mountain in North America.,1,The highest mountain in North America is Denali.,1
"In North America, the tallest mountain is Denali.",1,The highest mountain in North America is Denali.,2
The tallest peak in North America is Denali.,1,The highest mountain in North America is Denali.,3
Denali holds the title of the highest mountain in North America.,1,The highest mountain in North America is Denali.,4
The Earth orbits the Sun.,1,The Earth orbits the Sun.,0
"""The Sun is orbited by the Earth.""",1,The Earth orbits the Sun.,1
"""Orbiting the Sun is the Earth.""",1,The Earth orbits the Sun.,2
"""The Earth revolves around the Sun.""",1,The Earth orbits the Sun.,3
"""The Sun has the Earth orbiting it.""",1,The Earth orbits the Sun.,4
Plants use photosynthesis to create energy from sunlight.,1,Plants use photosynthesis to create energy from sunlight.,0
"""Through photosynthesis, plants generate energy using sunlight.""",1,Plants use photosynthesis to create energy from sunlight.,1
"""Plants create energy from sunlight via the process of photosynthesis.""",1,Plants use photosynthesis to create energy from sunlight.,2
"""By means of photosynthesis, energy is produced by plants from sunlight.""",1,Plants use photosynthesis to create energy from sunlight.,3
"""Using sunlight, plants perform photosynthesis to produce energy.""",1,Plants use photosynthesis to create energy from sunlight.,4
Elephants are the largest land animals on Earth.,1,Elephants are the largest land animals on Earth.,0
The largest land animals on Earth are elephants.,1,Elephants are the largest land animals on Earth.,1
"On Earth, elephants hold the title of the largest land animals.",1,Elephants are the largest land animals on Earth.,2
Elephants rank as the biggest land animals found on Earth.,1,Elephants are the largest land animals on Earth.,3
The biggest land animals that exist on Earth are elephants.,1,Elephants are the largest land animals on Earth.,4
The study of living organisms and their interactions with the environment is called biology.,1,The study of living organisms and their interactions with the environment is called biology.,0
Biology is the term used for the study of living organisms and how they interact with their environment.,1,The study of living organisms and their interactions with the environment is called biology.,1
The field that focuses on living organisms and their interactions with the environment is known as biology.,1,The study of living organisms and their interactions with the environment is called biology.,2
"Called biology, the study revolves around living organisms and their environmental interactions.",1,The study of living organisms and their interactions with the environment is called biology.,3
The discipline that examines living organisms and their relationships with the environment is referred to as biology.,1,The study of living organisms and their interactions with the environment is called biology.,4
An adult human has 32 toes.,0,An adult human has 32 toes.,0
An adult human possesses 32 toes.,0,An adult human has 32 toes.,1
A total of 32 toes can be found on an adult human.,0,An adult human has 32 toes.,2
There are 32 toes in an adult human.,0,An adult human has 32 toes.,3
An adult human is equipped with 32 toes.,0,An adult human has 32 toes.,4
The process of pollination is crucial for plant reproduction.,1,The process of pollination is crucial for plant reproduction.,0
Pollination is essential for the reproduction of plants.,1,The process of pollination is crucial for plant reproduction.,1
"For plant reproduction, the process of pollination is vital.",1,The process of pollination is crucial for plant reproduction.,2
The act of pollination plays a critical role in the reproduction of plants.,1,The process of pollination is crucial for plant reproduction.,3
Plant reproduction relies heavily on the process of pollination.,1,The process of pollination is crucial for plant reproduction.,4
Conduction is the transfer of heat through the stagnation of fluids or gases.,0,Conduction is the transfer of heat through the stagnation of fluids or gases.,0
"""Heat transfer via conduction occurs through the stagnation of gases or fluids.""",0,Conduction is the transfer of heat through the stagnation of fluids or gases.,1
"""The process of conduction involves the transfer of heat by the stagnation of fluids or gases.""",0,Conduction is the transfer of heat through the stagnation of fluids or gases.,2
"""Through the stagnation of gases or fluids, conduction facilitates the transfer of heat.""",0,Conduction is the transfer of heat through the stagnation of fluids or gases.,3
"""The transfer of heat in conduction happens through the stagnation of fluids or gases.""",0,Conduction is the transfer of heat through the stagnation of fluids or gases.,4
The sun sets in the east.,0,The sun sets in the east.,0
The east is where the sun sets.,0,The sun sets in the east.,1
"In the east, the sun sets.",0,The sun sets in the east.,2
The setting of the sun occurs in the east.,0,The sun sets in the east.,3
The sun goes down in the east.,0,The sun sets in the east.,4
Vaccines help to prevent infectious diseases.,1,Vaccines help to prevent infectious diseases.,0
Vaccines assist in the prevention of infectious diseases.,1,Vaccines help to prevent infectious diseases.,1
The prevention of infectious diseases is aided by vaccines.,1,Vaccines help to prevent infectious diseases.,2
Infectious diseases can be prevented with the help of vaccines.,1,Vaccines help to prevent infectious diseases.,3
"To prevent infectious diseases, vaccines are beneficial.",1,Vaccines help to prevent infectious diseases.,4
The only continent without any deserts is Australia.,0,The only continent without any deserts is Australia.,0
Australia is the sole continent that lacks any deserts.,0,The only continent without any deserts is Australia.,1
The continent that has no deserts at all is Australia.,0,The only continent without any deserts is Australia.,2
Only Australia is a continent that does not contain any deserts.,0,The only continent without any deserts is Australia.,3
Australia is the only continent that has no deserts whatsoever.,0,The only continent without any deserts is Australia.,4
Polar ice caps are primarily made of saltwater.,0,Polar ice caps are primarily made of saltwater.,0
The primary composition of polar ice caps is saltwater.,0,Polar ice caps are primarily made of saltwater.,1
Saltwater largely constitutes the polar ice caps.,0,Polar ice caps are primarily made of saltwater.,2
The main material found in polar ice caps is saltwater.,0,Polar ice caps are primarily made of saltwater.,3
Polar ice caps consist mainly of saltwater.,0,Polar ice caps are primarily made of saltwater.,4
The Hubble Space Telescope has provided no information about distant celestial objects.,0,The Hubble Space Telescope has provided no information about distant celestial objects.,0
"""No information about distant celestial objects has been provided by the Hubble Space Telescope.""",0,The Hubble Space Telescope has provided no information about distant celestial objects.,1
"""The Hubble Space Telescope has not offered any information regarding distant celestial objects.""",0,The Hubble Space Telescope has provided no information about distant celestial objects.,2
"""Distant celestial objects have not been informed about by the Hubble Space Telescope.""",0,The Hubble Space Telescope has provided no information about distant celestial objects.,3
"""The Hubble Space Telescope has supplied no details concerning distant celestial objects.""",0,The Hubble Space Telescope has provided no information about distant celestial objects.,4
The human body has 12 pairs of ribs.,1,The human body has 12 pairs of ribs.,0
There are 12 pairs of ribs in the human body.,1,The human body has 12 pairs of ribs.,1
The human body contains a total of 12 pairs of ribs.,1,The human body has 12 pairs of ribs.,2
"In the human body, there are 12 pairs of ribs.",1,The human body has 12 pairs of ribs.,3
A total of 12 pairs of ribs are present in the human body.,1,The human body has 12 pairs of ribs.,4
The smallest volcano in the world is located in Hawaii.,0,The smallest volcano in the world is located in Hawaii.,0
Hawaii is home to the world's smallest volcano.,0,The smallest volcano in the world is located in Hawaii.,1
The smallest volcano on the planet can be found in Hawaii.,0,The smallest volcano in the world is located in Hawaii.,2
"Located in Hawaii, the smallest volcano in existence is found.",0,The smallest volcano in the world is located in Hawaii.,3
"In Hawaii, you can find the smallest volcano in the world.",0,The smallest volcano in the world is located in Hawaii.,4
The planet Saturn is named after the Roman god of agriculture.,1,The planet Saturn is named after the Roman god of agriculture.,0
"""Named after the Roman deity of agriculture, the planet Saturn carries this designation.""",1,The planet Saturn is named after the Roman god of agriculture.,1
"""The Roman god of agriculture is the namesake for the planet Saturn.""",1,The planet Saturn is named after the Roman god of agriculture.,2
"""Saturn, the planet, derives its name from the Roman god associated with agriculture.""",1,The planet Saturn is named after the Roman god of agriculture.,3
"""The name of the planet Saturn comes from the Roman god who represents agriculture.""",1,The planet Saturn is named after the Roman god of agriculture.,4
Rainbows are formed when sound is reflected off of dirt particles in the air.,0,Rainbows are formed when sound is reflected off of dirt particles in the air.,0
"""When sound is reflected off dirt particles in the air, rainbows are created.""",0,Rainbows are formed when sound is reflected off of dirt particles in the air.,1
"""Rainbows occur as a result of sound being reflected by dirt particles present in the air.""",0,Rainbows are formed when sound is reflected off of dirt particles in the air.,2
"""The formation of rainbows happens when sound reflects off of airborne dirt particles.""",0,Rainbows are formed when sound is reflected off of dirt particles in the air.,3
"""Sound reflecting off dirt particles in the air leads to the creation of rainbows.""",0,Rainbows are formed when sound is reflected off of dirt particles in the air.,4
The human body has more than 600 muscles.,1,The human body has more than 600 muscles.,0
There are over 600 muscles in the human body.,1,The human body has more than 600 muscles.,1
The human body contains more than 600 muscles.,1,The human body has more than 600 muscles.,2
More than 600 muscles exist in the human body.,1,The human body has more than 600 muscles.,3
"In the human body, there are more than 600 muscles.",1,The human body has more than 600 muscles.,4
Sound travels faster through solids than through liquids or gases.,1,Sound travels faster through solids than through liquids or gases.,0
"""In solids, sound travels at a faster rate compared to its speed in liquids or gases.""",1,Sound travels faster through solids than through liquids or gases.,1
"""Compared to liquids and gases, sound moves more quickly through solids.""",1,Sound travels faster through solids than through liquids or gases.,2
"""The speed of sound is greater in solids than it is in liquids or gases.""",1,Sound travels faster through solids than through liquids or gases.,3
"""Sound moves faster in solids than it does in either liquids or gases.""",1,Sound travels faster through solids than through liquids or gases.,4
The Amazon rainforest is home to immense biodiversity.,1,The Amazon rainforest is home to immense biodiversity.,0
Immense biodiversity can be found in the Amazon rainforest.,1,The Amazon rainforest is home to immense biodiversity.,1
The Amazon rainforest hosts a vast array of biodiversity.,1,The Amazon rainforest is home to immense biodiversity.,2
"In the Amazon rainforest, there exists a significant level of biodiversity.",1,The Amazon rainforest is home to immense biodiversity.,3
A remarkable diversity of species resides in the Amazon rainforest.,1,The Amazon rainforest is home to immense biodiversity.,4
Light can exhibit neither wave-like nor particle-like properties.,0,Light can exhibit neither wave-like nor particle-like properties.,0
"""Light cannot display either wave-like or particle-like characteristics.""",0,Light can exhibit neither wave-like nor particle-like properties.,1
"""Light is incapable of demonstrating wave-like or particle-like properties.""",0,Light can exhibit neither wave-like nor particle-like properties.,2
"""Light does not show wave-like or particle-like traits.""",0,Light can exhibit neither wave-like nor particle-like properties.,3
"""Light can show neither properties of waves nor characteristics of particles.""",0,Light can exhibit neither wave-like nor particle-like properties.,4
The Grand Canyon is located in Europe.,0,The Grand Canyon is located in Europe.,0
The location of the Grand Canyon is in Europe.,0,The Grand Canyon is located in Europe.,1
"In Europe, one can find the Grand Canyon.",0,The Grand Canyon is located in Europe.,2
Europe is where the Grand Canyon is situated.,0,The Grand Canyon is located in Europe.,3
The Grand Canyon can be found in Europe.,0,The Grand Canyon is located in Europe.,4
Tornadoes are slowly rotating columns of water that can cause minimal damage.,0,Tornadoes are slowly rotating columns of water that can cause minimal damage.,0
Slowly rotating columns of water known as tornadoes can result in minimal damage.,0,Tornadoes are slowly rotating columns of water that can cause minimal damage.,1
"Tornadoes, which are columns of water that rotate slowly, have the potential to cause minimal damage.",0,Tornadoes are slowly rotating columns of water that can cause minimal damage.,2
"Columns of water that rotate slowly, referred to as tornadoes, can lead to minimal damage.",0,Tornadoes are slowly rotating columns of water that can cause minimal damage.,3
Tornadoes are characterized as slowly rotating columns of water capable of causing minimal damage.,0,Tornadoes are slowly rotating columns of water that can cause minimal damage.,4
Venus is drastically different in size from Earth.,0,Venus is drastically different in size from Earth.,0
"""The size of Venus is significantly different from that of Earth.""",0,Venus is drastically different in size from Earth.,1
"""Venus possesses a size that is markedly distinct from Earth's.""",0,Venus is drastically different in size from Earth.,2
"""There is a considerable difference in size between Venus and Earth.""",0,Venus is drastically different in size from Earth.,3
"""In terms of size, Venus is extremely unlike Earth.""",0,Venus is drastically different in size from Earth.,4
The average body temperature of a human is 98.6 degrees Fahrenheit.,1,The average body temperature of a human is 98.6 degrees Fahrenheit.,0
A human's typical body temperature is 98.6 degrees Fahrenheit.,1,The average body temperature of a human is 98.6 degrees Fahrenheit.,1
The standard body temperature for a human is 98.6 degrees Fahrenheit.,1,The average body temperature of a human is 98.6 degrees Fahrenheit.,2
Humans generally have an average body temperature of 98.6 degrees Fahrenheit.,1,The average body temperature of a human is 98.6 degrees Fahrenheit.,3
The usual body temperature for a human being is 98.6 degrees Fahrenheit.,1,The average body temperature of a human is 98.6 degrees Fahrenheit.,4
The speed of light is approximately 10 meters per second.,0,The speed of light is approximately 10 meters per second.,0
Light travels at a speed of about 10 meters per second.,0,The speed of light is approximately 10 meters per second.,1
The approximate speed of light is 10 meters per second.,0,The speed of light is approximately 10 meters per second.,2
"At roughly 10 meters per second, the speed of light can be described.",0,The speed of light is approximately 10 meters per second.,3
Approximately 10 meters per second is the speed at which light moves.,0,The speed of light is approximately 10 meters per second.,4
The coldest natural temperature ever recorded was -128.6 degrees Fahrenheit in Antarctica.,1,The coldest natural temperature ever recorded was -128.6 degrees Fahrenheit in Antarctica.,0
"The lowest natural temperature ever documented was -128.6 degrees Fahrenheit, which occurred in Antarctica.",1,The coldest natural temperature ever recorded was -128.6 degrees Fahrenheit in Antarctica.,1
"In Antarctica, the coldest natural temperature ever recorded reached -128.6 degrees Fahrenheit.",1,The coldest natural temperature ever recorded was -128.6 degrees Fahrenheit in Antarctica.,2
"-128.6 degrees Fahrenheit is the coldest natural temperature that has ever been recorded, and it was in Antarctica.",1,The coldest natural temperature ever recorded was -128.6 degrees Fahrenheit in Antarctica.,3
"The record for the coldest natural temperature, -128.6 degrees Fahrenheit, was set in Antarctica.",1,The coldest natural temperature ever recorded was -128.6 degrees Fahrenheit in Antarctica.,4
"Giraffes are not real animals, they are made up.",0,"Giraffes are not real animals, they are made up.",0
Giraffes do not exist as real animals; they are fictional creations.,0,"Giraffes are not real animals, they are made up.",1
It is a fact that giraffes aren't real animals; they are entirely made up.,0,"Giraffes are not real animals, they are made up.",2
Giraffes are not actual animals; they are simply a product of imagination.,0,"Giraffes are not real animals, they are made up.",3
The claim is that giraffes are not real creatures; they have been fabricated.,0,"Giraffes are not real animals, they are made up.",4
A circle has 200 degrees.,0,A circle has 200 degrees.,0
A circle is composed of 200 degrees.,0,A circle has 200 degrees.,1
There are 200 degrees in a circle.,0,A circle has 200 degrees.,2
A total of 200 degrees exists in a circle.,0,A circle has 200 degrees.,3
"In a circle, one can find 200 degrees.",0,A circle has 200 degrees.,4
Metamorphosis is a biological process in which an organism undergoes a significant change in form during its life cycle.,1,Metamorphosis is a biological process in which an organism undergoes a significant change in form during its life cycle.,0
"""A biological process known as metamorphosis involves an organism experiencing a major transformation in its form throughout its life cycle.""",1,Metamorphosis is a biological process in which an organism undergoes a significant change in form during its life cycle.,1
"""Metamorphosis refers to a biological process where an organism goes through a considerable change in its shape during the course of its life cycle.""",1,Metamorphosis is a biological process in which an organism undergoes a significant change in form during its life cycle.,2
"""In the biological process termed metamorphosis, an organism undergoes a notable alteration in form as part of its life cycle.""",1,Metamorphosis is a biological process in which an organism undergoes a significant change in form during its life cycle.,3
"""The process of metamorphosis is a biological phenomenon in which an organism experiences a significant change in its form during its life cycle.""",1,Metamorphosis is a biological process in which an organism undergoes a significant change in form during its life cycle.,4
"The Earth is flat, not round.",0,"The Earth is flat, not round.",0
"""The Earth is not round; it is flat.""",0,"The Earth is flat, not round.",1
"""Flat is how the Earth is, rather than being round.""",0,"The Earth is flat, not round.",2
"""The Earth is flat instead of being round.""",0,"The Earth is flat, not round.",3
"""It is flat, not round, that the Earth is.""",0,"The Earth is flat, not round.",4
The scientific method is a process for ignoring hypotheses and losing knowledge.,0,The scientific method is a process for ignoring hypotheses and losing knowledge.,0
The process of the scientific method involves disregarding hypotheses and resulting in a loss of knowledge.,0,The scientific method is a process for ignoring hypotheses and losing knowledge.,1
Ignoring hypotheses and losing knowledge is what the scientific method entails.,0,The scientific method is a process for ignoring hypotheses and losing knowledge.,2
The scientific method serves as a process that leads to the ignorance of hypotheses and the loss of knowledge.,0,The scientific method is a process for ignoring hypotheses and losing knowledge.,3
A process characterized by ignoring hypotheses and the loss of knowledge is the scientific method.,0,The scientific method is a process for ignoring hypotheses and losing knowledge.,4
"The study of the Earth's metaphysical structure, processes, and history is called meta-geology.",0,"The study of the Earth's metaphysical structure, processes, and history is called meta-geology.",0
"Meta-geology is the term used for the examination of the Earth's metaphysical structure, processes, and history.",0,"The study of the Earth's metaphysical structure, processes, and history is called meta-geology.",1
"The examination of the Earth's metaphysical structure, processes, and history is referred to as meta-geology.",0,"The study of the Earth's metaphysical structure, processes, and history is called meta-geology.",2
"The name given to the study of the Earth's metaphysical structure, processes, and history is meta-geology.",0,"The study of the Earth's metaphysical structure, processes, and history is called meta-geology.",3
"Meta-geology refers to the study concerning the Earth's metaphysical structure, processes, and history.",0,"The study of the Earth's metaphysical structure, processes, and history is called meta-geology.",4
"The planet Uranus is often referred to as the ""ice giant.""",1,"The planet Uranus is often referred to as the ""ice giant.""",0
"Uranus is commonly known as the ""ice giant.""",1,"The planet Uranus is often referred to as the ""ice giant.""",1
"The term ""ice giant"" is frequently used to describe the planet Uranus.",1,"The planet Uranus is often referred to as the ""ice giant.""",2
"Often, the planet Uranus is called the ""ice giant.""",1,"The planet Uranus is often referred to as the ""ice giant.""",3
"The ""ice giant"" is a name that is often associated with the planet Uranus.",1,"The planet Uranus is often referred to as the ""ice giant.""",4
The shortest river in the world is the Amazon River.,0,The shortest river in the world is the Amazon River.,0
The Amazon River is the world's shortest river.,0,The shortest river in the world is the Amazon River.,1
"In the world, the shortest river is the Amazon River.",0,The shortest river in the world is the Amazon River.,2
The Amazon River holds the title of being the shortest river in the world.,0,The shortest river in the world is the Amazon River.,3
Recognized as the shortest river in the world is the Amazon River.,0,The shortest river in the world is the Amazon River.,4
Apples grow on vines.,0,Apples grow on vines.,0
Vines are where apples grow.,0,Apples grow on vines.,1
"On vines, apples develop.",0,Apples grow on vines.,2
Apples are produced on vines.,0,Apples grow on vines.,3
Vines are the growth medium for apples.,0,Apples grow on vines.,4
Radioactive decay occurs when stable atomic nuclei absorb energy in the form of radiation.,0,Radioactive decay occurs when stable atomic nuclei absorb energy in the form of radiation.,0
"""When stable atomic nuclei absorb energy as radiation, radioactive decay takes place.""",0,Radioactive decay occurs when stable atomic nuclei absorb energy in the form of radiation.,1
"""Radioactive decay happens when energy in the form of radiation is absorbed by stable atomic nuclei.""",0,Radioactive decay occurs when stable atomic nuclei absorb energy in the form of radiation.,2
"""The process of radioactive decay occurs when stable atomic nuclei take in energy through radiation.""",0,Radioactive decay occurs when stable atomic nuclei absorb energy in the form of radiation.,3
"""Stable atomic nuclei undergo radioactive decay upon absorbing energy from radiation.""",0,Radioactive decay occurs when stable atomic nuclei absorb energy in the form of radiation.,4
Camouflage makes animals stand out in their environment.,0,Camouflage makes animals stand out in their environment.,0
Animals become prominent in their surroundings due to camouflage.,0,Camouflage makes animals stand out in their environment.,1
The use of camouflage causes animals to be conspicuous in their environment.,0,Camouflage makes animals stand out in their environment.,2
"In their environment, animals are highlighted by camouflage.",0,Camouflage makes animals stand out in their environment.,3
Camouflage causes animals to be noticeable in their surroundings.,0,Camouflage makes animals stand out in their environment.,4
Cacti store water in their stems.,1,Cacti store water in their stems.,0
Water is stored in the stems of cacti.,1,Cacti store water in their stems.,1
The stems of cacti are where water is stored.,1,Cacti store water in their stems.,2
Cacti have the ability to store water within their stems.,1,Cacti store water in their stems.,3
"In cacti, water is kept in their stems.",1,Cacti store water in their stems.,4
Mars has a thick atmosphere.,0,Mars has a thick atmosphere.,0
A thick atmosphere surrounds Mars.,0,Mars has a thick atmosphere.,1
The atmosphere of Mars is thick.,0,Mars has a thick atmosphere.,2
Mars is enveloped by a dense atmosphere.,0,Mars has a thick atmosphere.,3
There is a thick atmosphere on Mars.,0,Mars has a thick atmosphere.,4
Plate tectonics shape the Earth's surface.,1,Plate tectonics shape the Earth's surface.,0
The surface of the Earth is shaped by plate tectonics.,1,Plate tectonics shape the Earth's surface.,1
Earth's surface is influenced by plate tectonics.,1,Plate tectonics shape the Earth's surface.,2
Plate tectonics are responsible for shaping the Earth's surface.,1,Plate tectonics shape the Earth's surface.,3
The shaping of the Earth's surface is a result of plate tectonics.,1,Plate tectonics shape the Earth's surface.,4
Birds can fly.,1,Birds can fly.,0
"""Flying is a capability of birds.""",1,Birds can fly.,1
"""Birds have the ability to fly.""",1,Birds can fly.,2
"""It is possible for birds to fly.""",1,Birds can fly.,3
"""Birds are capable of flight.""",1,Birds can fly.,4
The human endocrine system produces hormones that regulate various bodily functions.,1,The human endocrine system produces hormones that regulate various bodily functions.,0
The hormones produced by the human endocrine system regulate a variety of bodily functions.,1,The human endocrine system produces hormones that regulate various bodily functions.,1
Various bodily functions are regulated by hormones that are produced by the human endocrine system.,1,The human endocrine system produces hormones that regulate various bodily functions.,2
Hormones that the human endocrine system produces are responsible for regulating different bodily functions.,1,The human endocrine system produces hormones that regulate various bodily functions.,3
The regulation of various bodily functions is managed by hormones produced by the human endocrine system.,1,The human endocrine system produces hormones that regulate various bodily functions.,4
Sharks are sea creatures that have a reputation for being friendly.,0,Sharks are sea creatures that have a reputation for being friendly.,0
Sharks are marine animals known for their friendly reputation.,0,Sharks are sea creatures that have a reputation for being friendly.,1
"Known for being friendly, sharks are creatures that inhabit the sea.",0,Sharks are sea creatures that have a reputation for being friendly.,2
Sea creatures called sharks have a reputation for being friendly.,0,Sharks are sea creatures that have a reputation for being friendly.,3
"Sharks, which are sea animals, are reputed to be friendly.",0,Sharks are sea creatures that have a reputation for being friendly.,4
Black holes are regions in space with weak gravitational pull.,0,Black holes are regions in space with weak gravitational pull.,0
"""Regions in space known as black holes possess a weak gravitational pull.""",0,Black holes are regions in space with weak gravitational pull.,1
"""In space, black holes are areas characterized by a weak gravitational pull.""",0,Black holes are regions in space with weak gravitational pull.,2
"""A weak gravitational pull is found in regions of space called black holes.""",0,Black holes are regions in space with weak gravitational pull.,3
"""Black holes are identified as areas in space that have a weak gravitational pull.""",0,Black holes are regions in space with weak gravitational pull.,4
The largest bird in the world is the ostrich.,1,The largest bird in the world is the ostrich.,0
The ostrich is the largest bird on the planet.,1,The largest bird in the world is the ostrich.,1
"In the world, the largest bird is the ostrich.",1,The largest bird in the world is the ostrich.,2
The ostrich holds the title for being the largest bird in existence.,1,The largest bird in the world is the ostrich.,3
The largest bird in existence is the ostrich.,1,The largest bird in the world is the ostrich.,4
The human eye can distinguish many different colors.,1,The human eye can distinguish many different colors.,0
The human eye is capable of recognizing a wide range of colors.,1,The human eye can distinguish many different colors.,1
Many different colors can be differentiated by the human eye.,1,The human eye can distinguish many different colors.,2
The ability to distinguish various colors is found in the human eye.,1,The human eye can distinguish many different colors.,3
A multitude of colors can be discerned by the human eye.,1,The human eye can distinguish many different colors.,4
The smallest mammal on Earth is the blue whale.,0,The smallest mammal on Earth is the blue whale.,0
The blue whale holds the title of the smallest mammal on Earth.,0,The smallest mammal on Earth is the blue whale.,1
"On Earth, the blue whale is recognized as the smallest mammal.",0,The smallest mammal on Earth is the blue whale.,2
The blue whale is known to be the smallest mammal that exists on Earth.,0,The smallest mammal on Earth is the blue whale.,3
"As far as mammals go, the blue whale is the smallest one on the planet Earth.",0,The smallest mammal on Earth is the blue whale.,4
The coldest place on Earth is the Sahara Desert.,0,The coldest place on Earth is the Sahara Desert.,0
"""The Sahara Desert is the coldest location on Earth.""",0,The coldest place on Earth is the Sahara Desert.,1
"""On Earth, the Sahara Desert holds the title of the coldest place.""",0,The coldest place on Earth is the Sahara Desert.,2
"""The Sahara Desert is recognized as the coldest area on the planet.""",0,The coldest place on Earth is the Sahara Desert.,3
"""As far as Earth is concerned, the coldest spot is the Sahara Desert.""",0,The coldest place on Earth is the Sahara Desert.,4
The moon orbits around the Earth.,1,The moon orbits around the Earth.,0
The Earth is orbited by the moon.,1,The moon orbits around the Earth.,1
Orbiting around the Earth is the moon.,1,The moon orbits around the Earth.,2
The moon moves in an orbit around the Earth.,1,The moon orbits around the Earth.,3
"Around the Earth, the moon travels in its orbit.",1,The moon orbits around the Earth.,4
Volcanic eruptions never destroy human homes.,0,Volcanic eruptions never destroy human homes.,0
Human homes are never destroyed by volcanic eruptions.,0,Volcanic eruptions never destroy human homes.,1
Volcanic eruptions do not result in the destruction of human homes.,0,Volcanic eruptions never destroy human homes.,2
There is no destruction of human homes caused by volcanic eruptions.,0,Volcanic eruptions never destroy human homes.,3
Human residences are never harmed by volcanic eruptions.,0,Volcanic eruptions never destroy human homes.,4
Mount Everest is the highest mountain in the world.,1,Mount Everest is the highest mountain in the world.,0
The tallest mountain in the world is Mount Everest.,1,Mount Everest is the highest mountain in the world.,1
Mount Everest holds the title of the highest mountain on Earth.,1,Mount Everest is the highest mountain in the world.,2
"In terms of elevation, Mount Everest is the world's highest mountain.",1,Mount Everest is the highest mountain in the world.,3
The highest peak in the world is Mount Everest.,1,Mount Everest is the highest mountain in the world.,4
Lightning is a discharge of static electricity.,1,Lightning is a discharge of static electricity.,0
A discharge of static electricity is what lightning is.,1,Lightning is a discharge of static electricity.,1
Lightning occurs as a result of a discharge of static electricity.,1,Lightning is a discharge of static electricity.,2
Static electricity is discharged in the form of lightning.,1,Lightning is a discharge of static electricity.,3
The phenomenon of lightning is essentially a discharge of static electricity.,1,Lightning is a discharge of static electricity.,4
The Coriolis effect influences the movement of large-scale weather systems.,1,The Coriolis effect influences the movement of large-scale weather systems.,0
The movement of large-scale weather systems is affected by the Coriolis effect.,1,The Coriolis effect influences the movement of large-scale weather systems.,1
Large-scale weather systems are influenced by the Coriolis effect.,1,The Coriolis effect influences the movement of large-scale weather systems.,2
The Coriolis effect has an impact on the movement of large-scale weather systems.,1,The Coriolis effect influences the movement of large-scale weather systems.,3
The movement of large-scale weather systems is influenced by the Coriolis effect.,1,The Coriolis effect influences the movement of large-scale weather systems.,4
"Trees are not plants, they are animals.",0,"Trees are not plants, they are animals.",0
"""Trees are classified as animals, not as plants.""",0,"Trees are not plants, they are animals.",1
"""Rather than being plants, trees are considered animals.""",0,"Trees are not plants, they are animals.",2
"""Trees should be regarded as animals instead of plants.""",0,"Trees are not plants, they are animals.",3
"""In contrast to plants, trees are actually animals.""",0,"Trees are not plants, they are animals.",4
The Great Wall of France can be seen from space.,0,The Great Wall of France can be seen from space.,0
"From space, one can see the Great Wall of France.",0,The Great Wall of France can be seen from space.,1
The Great Wall of France is visible from space.,0,The Great Wall of France can be seen from space.,2
It is possible to see the Great Wall of France from space.,0,The Great Wall of France can be seen from space.,3
The Great Wall of France can be observed from space.,0,The Great Wall of France can be seen from space.,4
The Great Sphinx of Giza is an ancient statue in Egypt.,1,The Great Sphinx of Giza is an ancient statue in Egypt.,0
An ancient statue located in Egypt is the Great Sphinx of Giza.,1,The Great Sphinx of Giza is an ancient statue in Egypt.,1
"The Great Sphinx of Giza, which is found in Egypt, is an ancient statue.",1,The Great Sphinx of Giza is an ancient statue in Egypt.,2
"In Egypt, there exists an ancient statue known as the Great Sphinx of Giza.",1,The Great Sphinx of Giza is an ancient statue in Egypt.,3
The ancient statue referred to as the Great Sphinx of Giza is situated in Egypt.,1,The Great Sphinx of Giza is an ancient statue in Egypt.,4
The largest reptile in the world is the mouse.,0,The largest reptile in the world is the mouse.,0
The mouse is the largest reptile in the world.,0,The largest reptile in the world is the mouse.,1
"In the world, the mouse holds the title of the largest reptile.",0,The largest reptile in the world is the mouse.,2
The mouse is recognized as the largest reptile globally.,0,The largest reptile in the world is the mouse.,3
The largest reptile on the planet is the mouse.,0,The largest reptile in the world is the mouse.,4
Sound remains stationary through various mediums.,0,Sound remains stationary through various mediums.,0
Sound stays in place as it travels through different mediums.,0,Sound remains stationary through various mediums.,1
"Through various mediums, sound does not move from its position.",0,Sound remains stationary through various mediums.,2
Sound does not change its location while passing through multiple mediums.,0,Sound remains stationary through various mediums.,3
Various mediums do not cause sound to shift from its stationary state.,0,Sound remains stationary through various mediums.,4
"The three states of matter are solid, liquid, and gas.",1,"The three states of matter are solid, liquid, and gas.",0
"The states of matter include solid, liquid, and gas, totaling three.",1,"The three states of matter are solid, liquid, and gas.",1
"There are three states of matter: solid, liquid, and gas.",1,"The three states of matter are solid, liquid, and gas.",2
"Solid, liquid, and gas represent the three states of matter.",1,"The three states of matter are solid, liquid, and gas.",3
"The three forms that matter can take are solid, liquid, and gas.",1,"The three states of matter are solid, liquid, and gas.",4
The most populated continent in the world is Antarctica.,0,The most populated continent in the world is Antarctica.,0
Antarctica is the continent with the highest population in the world.,0,The most populated continent in the world is Antarctica.,1
The continent that has the largest population in the world is Antarctica.,0,The most populated continent in the world is Antarctica.,2
"In terms of population, Antarctica is the most populated continent globally.",0,The most populated continent in the world is Antarctica.,3
The world’s most populated continent is Antarctica.,0,The most populated continent in the world is Antarctica.,4
The scientific name for humans is Homo sapiens.,1,The scientific name for humans is Homo sapiens.,0
Humans are scientifically classified as Homo sapiens.,1,The scientific name for humans is Homo sapiens.,1
The scientific designation for humans is Homo sapiens.,1,The scientific name for humans is Homo sapiens.,2
Homo sapiens is the scientific name that refers to humans.,1,The scientific name for humans is Homo sapiens.,3
The scientific term for humans is Homo sapiens.,1,The scientific name for humans is Homo sapiens.,4
The largest carnivore in the world is the rabbit.,0,The largest carnivore in the world is the rabbit.,0
The rabbit is the largest carnivore on the planet.,0,The largest carnivore in the world is the rabbit.,1
"In the world, the largest carnivore is the rabbit.",0,The largest carnivore in the world is the rabbit.,2
The rabbit holds the title of the largest carnivore globally.,0,The largest carnivore in the world is the rabbit.,3
The largest carnivorous animal in existence is the rabbit.,0,The largest carnivore in the world is the rabbit.,4
The Earth is the only planet in the solar system.,0,The Earth is the only planet in the solar system.,0
"""In the solar system, the Earth is the sole planet.""",0,The Earth is the only planet in the solar system.,1
"""The only planet present in the solar system is the Earth.""",0,The Earth is the only planet in the solar system.,2
"""There is no other planet in the solar system besides the Earth.""",0,The Earth is the only planet in the solar system.,3
"""The Earth stands as the unique planet within the solar system.""",0,The Earth is the only planet in the solar system.,4
"The Earth has four seasons: spring, summer, fall, and winter.",1,"The Earth has four seasons: spring, summer, fall, and winter.",0
"There are four seasons on Earth: spring, summer, fall, and winter.",1,"The Earth has four seasons: spring, summer, fall, and winter.",1
"The four seasons of the Earth are spring, summer, fall, and winter.",1,"The Earth has four seasons: spring, summer, fall, and winter.",2
"Earth experiences four distinct seasons: spring, summer, fall, and winter.",1,"The Earth has four seasons: spring, summer, fall, and winter.",3
"Spring, summer, fall, and winter are the four seasons that the Earth has.",1,"The Earth has four seasons: spring, summer, fall, and winter.",4
Humans have no basic senses.,0,Humans have no basic senses.,0
"""There are no fundamental senses in humans.""",0,Humans have no basic senses.,1
"""Humans lack any basic senses.""",0,Humans have no basic senses.,2
"""Basic senses do not exist for humans.""",0,Humans have no basic senses.,3
"""Humans do not possess basic senses.""",0,Humans have no basic senses.,4
"Butterflies are not insects, they are birds.",0,"Butterflies are not insects, they are birds.",0
Butterflies are classified as birds rather than insects.,0,"Butterflies are not insects, they are birds.",1
"Rather than being insects, butterflies are considered birds.",0,"Butterflies are not insects, they are birds.",2
"Butterflies are, in fact, birds instead of insects.",0,"Butterflies are not insects, they are birds.",3
It is incorrect to say that butterflies are insects; they are actually birds.,0,"Butterflies are not insects, they are birds.",4
"Mitochondria are the ""weaknesses"" of cells, consuming energy through cellular respiration.",0,"Mitochondria are the ""weaknesses"" of cells, consuming energy through cellular respiration.",0
"Mitochondria represent the ""weaknesses"" of cells by consuming energy during cellular respiration.",0,"Mitochondria are the ""weaknesses"" of cells, consuming energy through cellular respiration.",1
"The ""weaknesses"" of cells are mitochondria, which utilize energy through the process of cellular respiration.",0,"Mitochondria are the ""weaknesses"" of cells, consuming energy through cellular respiration.",2
"By consuming energy via cellular respiration, mitochondria serve as the ""weaknesses"" of cells.",0,"Mitochondria are the ""weaknesses"" of cells, consuming energy through cellular respiration.",3
"Cells have ""weaknesses"" in the form of mitochondria, which consume energy through cellular respiration.",0,"Mitochondria are the ""weaknesses"" of cells, consuming energy through cellular respiration.",4
The shortest river in the world is the Nile.,0,The shortest river in the world is the Nile.,0
The Nile is the world's shortest river.,0,The shortest river in the world is the Nile.,1
"In the world, the shortest river is the Nile.",0,The shortest river in the world is the Nile.,2
The Nile holds the title of the shortest river in the world.,0,The shortest river in the world is the Nile.,3
The shortest river known globally is the Nile.,0,The shortest river in the world is the Nile.,4
Human digestion begins in the mouth and ends in the small intestine.,1,Human digestion begins in the mouth and ends in the small intestine.,0
Digestion in humans starts in the mouth and concludes in the small intestine.,1,Human digestion begins in the mouth and ends in the small intestine.,1
The process of human digestion initiates in the mouth and finishes in the small intestine.,1,Human digestion begins in the mouth and ends in the small intestine.,2
"In humans, digestion commences in the mouth and terminates in the small intestine.",1,Human digestion begins in the mouth and ends in the small intestine.,3
"The mouth is where human digestion begins, and it ends in the small intestine.",1,Human digestion begins in the mouth and ends in the small intestine.,4
Human digestion begins in the hand and ends in the large intestine.,0,Human digestion begins in the hand and ends in the large intestine.,0
Digestion in humans starts in the hand and concludes in the large intestine.,0,Human digestion begins in the hand and ends in the large intestine.,1
"In humans, the process of digestion initiates in the hand and finishes in the large intestine.",0,Human digestion begins in the hand and ends in the large intestine.,2
"The hand is where human digestion commences, and it wraps up in the large intestine.",0,Human digestion begins in the hand and ends in the large intestine.,3
"For humans, digestion begins at the hand and ends in the large intestine.",0,Human digestion begins in the hand and ends in the large intestine.,4
The highest point in Africa is Mount Kilimanjaro.,1,The highest point in Africa is Mount Kilimanjaro.,0
Mount Kilimanjaro is the tallest mountain in Africa.,1,The highest point in Africa is Mount Kilimanjaro.,1
"In Africa, the peak with the greatest elevation is Mount Kilimanjaro.",1,The highest point in Africa is Mount Kilimanjaro.,2
The pinnacle of Africa is represented by Mount Kilimanjaro.,1,The highest point in Africa is Mount Kilimanjaro.,3
Mount Kilimanjaro stands as Africa's highest elevation.,1,The highest point in Africa is Mount Kilimanjaro.,4
The first successful vaccine was created by Edward Jenner in 1796.,1,The first successful vaccine was created by Edward Jenner in 1796.,0
Edward Jenner developed the first successful vaccine in 1796.,1,The first successful vaccine was created by Edward Jenner in 1796.,1
"In 1796, the first successful vaccine was developed by Edward Jenner.",1,The first successful vaccine was created by Edward Jenner in 1796.,2
The year 1796 saw Edward Jenner create the first successful vaccine.,1,The first successful vaccine was created by Edward Jenner in 1796.,3
It was Edward Jenner who created the first successful vaccine in 1796.,1,The first successful vaccine was created by Edward Jenner in 1796.,4
The Statue of Liberty is located in New York City.,1,The Statue of Liberty is located in New York City.,0
The location of the Statue of Liberty is in New York City.,1,The Statue of Liberty is located in New York City.,1
"In New York City, you can find the Statue of Liberty.",1,The Statue of Liberty is located in New York City.,2
"Situated in New York City, the Statue of Liberty is a prominent landmark.",1,The Statue of Liberty is located in New York City.,3
New York City is home to the Statue of Liberty.,1,The Statue of Liberty is located in New York City.,4
Superconductors are materials that have infinite electrical resistance when cooled to certain temperatures.,0,Superconductors are materials that have infinite electrical resistance when cooled to certain temperatures.,0
"""Materials known as superconductors exhibit infinite electrical resistance when they are cooled to specific temperatures.""",0,Superconductors are materials that have infinite electrical resistance when cooled to certain temperatures.,1
"""When cooled to particular temperatures, superconductors are materials that display infinite electrical resistance.""",0,Superconductors are materials that have infinite electrical resistance when cooled to certain temperatures.,2
"""At certain temperatures, superconductors are materials that possess infinite electrical resistance.""",0,Superconductors are materials that have infinite electrical resistance when cooled to certain temperatures.,3
"""Superconductors are defined as materials that experience infinite electrical resistance upon being cooled to designated temperatures.""",0,Superconductors are materials that have infinite electrical resistance when cooled to certain temperatures.,4
Water freezes at 0 degrees Celsius (32 degrees Fahrenheit) and boils at 100 degrees Celsius (212 degrees Fahrenheit).,1,Water freezes at 0 degrees Celsius (32 degrees Fahrenheit) and boils at 100 degrees Celsius (212 degrees Fahrenheit).,0
"""At 0 degrees Celsius (32 degrees Fahrenheit), water freezes, while it boils at 100 degrees Celsius (212 degrees Fahrenheit).""",1,Water freezes at 0 degrees Celsius (32 degrees Fahrenheit) and boils at 100 degrees Celsius (212 degrees Fahrenheit).,1
"""Water reaches its freezing point at 0 degrees Celsius (32 degrees Fahrenheit) and its boiling point at 100 degrees Celsius (212 degrees Fahrenheit).""",1,Water freezes at 0 degrees Celsius (32 degrees Fahrenheit) and boils at 100 degrees Celsius (212 degrees Fahrenheit).,2
"""The freezing temperature of water is 0 degrees Celsius (32 degrees Fahrenheit), and it boils at 100 degrees Celsius (212 degrees Fahrenheit).""",1,Water freezes at 0 degrees Celsius (32 degrees Fahrenheit) and boils at 100 degrees Celsius (212 degrees Fahrenheit).,3
"""At 0 degrees Celsius (32 degrees Fahrenheit), water will freeze, and at 100 degrees Celsius (212 degrees Fahrenheit), it will boil.""",1,Water freezes at 0 degrees Celsius (32 degrees Fahrenheit) and boils at 100 degrees Celsius (212 degrees Fahrenheit).,4
The largest canyon in the world is located in Europe.,0,The largest canyon in the world is located in Europe.,0
In Europe is where the largest canyon in the world can be found.,0,The largest canyon in the world is located in Europe.,1
The world's largest canyon is situated in Europe.,0,The largest canyon in the world is located in Europe.,2
Located in Europe is the largest canyon on the planet.,0,The largest canyon in the world is located in Europe.,3
The largest canyon globally is positioned in Europe.,0,The largest canyon in the world is located in Europe.,4
Symbiosis is a close relationship between two species.,1,Symbiosis is a close relationship between two species.,0
"""A close relationship exists between two species in symbiosis.""",1,Symbiosis is a close relationship between two species.,1
"""In symbiosis, two species share a close relationship.""",1,Symbiosis is a close relationship between two species.,2
"""Two species are involved in a close relationship known as symbiosis.""",1,Symbiosis is a close relationship between two species.,3
"""Symbiosis refers to a close relationship that occurs between two species.""",1,Symbiosis is a close relationship between two species.,4
The human brain is the control center for the body's functions and emotions.,1,The human brain is the control center for the body's functions and emotions.,0
The control center for the body's functions and emotions is the human brain.,1,The human brain is the control center for the body's functions and emotions.,1
The human brain serves as the control center for emotions and bodily functions.,1,The human brain is the control center for the body's functions and emotions.,2
"For the body's functions and emotions, the human brain acts as the control center.",1,The human brain is the control center for the body's functions and emotions.,3
The human brain is responsible for controlling the body's functions and emotions.,1,The human brain is the control center for the body's functions and emotions.,4
The largest ocean in the world is the Indian Ocean.,0,The largest ocean in the world is the Indian Ocean.,0
The Indian Ocean is the biggest ocean on the planet.,0,The largest ocean in the world is the Indian Ocean.,1
"In terms of size, the largest ocean in the world is the Indian Ocean.",0,The largest ocean in the world is the Indian Ocean.,2
The ocean that holds the title of the largest in the world is the Indian Ocean.,0,The largest ocean in the world is the Indian Ocean.,3
The Indian Ocean ranks as the largest ocean globally.,0,The largest ocean in the world is the Indian Ocean.,4
Radioactive decay occurs when unstable atomic nuclei release energy in the form of radiation.,1,Radioactive decay occurs when unstable atomic nuclei release energy in the form of radiation.,0
"""When unstable atomic nuclei release energy as radiation, it is known as radioactive decay.""",1,Radioactive decay occurs when unstable atomic nuclei release energy in the form of radiation.,1
"""Radioactive decay takes place when energy is emitted in the form of radiation by unstable atomic nuclei.""",1,Radioactive decay occurs when unstable atomic nuclei release energy in the form of radiation.,2
"""The process of radioactive decay happens when energy is released in radiation by unstable atomic nuclei.""",1,Radioactive decay occurs when unstable atomic nuclei release energy in the form of radiation.,3
"""Unstable atomic nuclei emit energy in the form of radiation, which is what we refer to as radioactive decay.""",1,Radioactive decay occurs when unstable atomic nuclei release energy in the form of radiation.,4
Lava is molten rock from volcanoes.,1,Lava is molten rock from volcanoes.,0
"""Molten rock that comes from volcanoes is known as lava.""",1,Lava is molten rock from volcanoes.,1
"""Lava refers to the molten rock produced by volcanoes.""",1,Lava is molten rock from volcanoes.,2
"""From volcanoes, molten rock is referred to as lava.""",1,Lava is molten rock from volcanoes.,3
"""The term lava describes molten rock originating from volcanoes.""",1,Lava is molten rock from volcanoes.,4
The immune system defends the body against pathogens.,1,The immune system defends the body against pathogens.,0
The body is defended against pathogens by the immune system.,1,The immune system defends the body against pathogens.,1
The immune system protects the body from pathogens.,1,The immune system defends the body against pathogens.,2
"Pathogens are fought off by the immune system, which defends the body.",1,The immune system defends the body against pathogens.,3
Defending the body against pathogens is the role of the immune system.,1,The immune system defends the body against pathogens.,4
Humans do not use their brains.,0,Humans do not use their brains.,0
"""The brains of humans are not used by them.""",0,Humans do not use their brains.,1
"""Humans fail to utilize their brains.""",0,Humans do not use their brains.,2
"""There is no use of brains by humans.""",0,Humans do not use their brains.,3
"""Humans are not employing their brains.""",0,Humans do not use their brains.,4
"The human circulatory system is a closed system consisting of the heart, blood vessels, and blood.",1,"The human circulatory system is a closed system consisting of the heart, blood vessels, and blood.",0
"The closed system of the human circulatory system includes the heart, blood vessels, and blood.",1,"The human circulatory system is a closed system consisting of the heart, blood vessels, and blood.",1
"Comprised of the heart, blood vessels, and blood, the human circulatory system functions as a closed system.",1,"The human circulatory system is a closed system consisting of the heart, blood vessels, and blood.",2
"In the human circulatory system, which is a closed system, the components include the heart, blood vessels, and blood.",1,"The human circulatory system is a closed system consisting of the heart, blood vessels, and blood.",3
"The components of the human circulatory system, which is a closed system, are the heart, blood vessels, and blood.",1,"The human circulatory system is a closed system consisting of the heart, blood vessels, and blood.",4
There are no planets in our solar system.,0,There are no planets in our solar system.,0
"""Our solar system does not contain any planets.""",0,There are no planets in our solar system.,1
"""In our solar system, there are zero planets.""",0,There are no planets in our solar system.,2
"""There are not any planets present in our solar system.""",0,There are no planets in our solar system.,3
"""No planets exist within our solar system.""",0,There are no planets in our solar system.,4
"The three types of clouds are igneous, sedimentary, and metamorphic.",0,"The three types of clouds are igneous, sedimentary, and metamorphic.",0
"The three classifications of clouds include igneous, sedimentary, and metamorphic.",0,"The three types of clouds are igneous, sedimentary, and metamorphic.",1
"Igneous, sedimentary, and metamorphic are the three types of clouds.",0,"The three types of clouds are igneous, sedimentary, and metamorphic.",2
"There are three varieties of clouds: igneous, sedimentary, and metamorphic.",0,"The three types of clouds are igneous, sedimentary, and metamorphic.",3
"The types of clouds consist of igneous, sedimentary, and metamorphic.",0,"The three types of clouds are igneous, sedimentary, and metamorphic.",4
The two main types of cells are prokaryotic with a nucleus and eukaryotic without a nucleus.,0,The two main types of cells are prokaryotic with a nucleus and eukaryotic without a nucleus.,0
"The primary categories of cells are prokaryotic, which have a nucleus, and eukaryotic, which lack a nucleus.",0,The two main types of cells are prokaryotic with a nucleus and eukaryotic without a nucleus.,1
Cells can be classified into two main types: prokaryotic cells that contain a nucleus and eukaryotic cells that do not.,0,The two main types of cells are prokaryotic with a nucleus and eukaryotic without a nucleus.,2
"There are two principal kinds of cells: those that are prokaryotic and possess a nucleus, and those that are eukaryotic and do not have a nucleus.",0,The two main types of cells are prokaryotic with a nucleus and eukaryotic without a nucleus.,3
"The two principal cell types are prokaryotic cells, which include a nucleus, and eukaryotic cells, which are without a nucleus.",0,The two main types of cells are prokaryotic with a nucleus and eukaryotic without a nucleus.,4
The Pacific Ocean is the smallest ocean in the world.,0,The Pacific Ocean is the smallest ocean in the world.,0
The smallest ocean in the world is the Pacific Ocean.,0,The Pacific Ocean is the smallest ocean in the world.,1
"In terms of size, the Pacific Ocean is the world's smallest ocean.",0,The Pacific Ocean is the smallest ocean in the world.,2
The Pacific Ocean holds the title of the smallest ocean globally.,0,The Pacific Ocean is the smallest ocean in the world.,3
"Among all the oceans in the world, the Pacific Ocean is the smallest.",0,The Pacific Ocean is the smallest ocean in the world.,4
A potato is a type of meat.,0,A potato is a type of meat.,0
A potato belongs to the category of meat.,0,A potato is a type of meat.,1
A type of meat is what a potato is classified as.,0,A potato is a type of meat.,2
A potato can be considered a kind of meat.,0,A potato is a type of meat.,3
"Classified as a type of meat, a potato is.",0,A potato is a type of meat.,4
The process of pollination is harmful for plant reproduction.,0,The process of pollination is harmful for plant reproduction.,0
"""Pollination negatively impacts plant reproduction.""",0,The process of pollination is harmful for plant reproduction.,1
"""The act of pollination is detrimental to the reproduction of plants.""",0,The process of pollination is harmful for plant reproduction.,2
"""For plant reproduction, the process of pollination is harmful.""",0,The process of pollination is harmful for plant reproduction.,3
"""Plant reproduction suffers due to the process of pollination.""",0,The process of pollination is harmful for plant reproduction.,4
Coral reefs are located underwater.,1,Coral reefs are located underwater.,0
Underwater is where coral reefs can be found.,1,Coral reefs are located underwater.,1
Coral reefs exist beneath the surface of the water.,1,Coral reefs are located underwater.,2
The location of coral reefs is in underwater environments.,1,Coral reefs are located underwater.,3
You can find coral reefs submerged in water.,1,Coral reefs are located underwater.,4
The largest mammal in the world is the mouse.,0,The largest mammal in the world is the mouse.,0
The mouse is the biggest mammal on the planet.,0,The largest mammal in the world is the mouse.,1
"In the world, the mouse holds the title of the largest mammal.",0,The largest mammal in the world is the mouse.,2
The mouse ranks as the largest mammal globally.,0,The largest mammal in the world is the mouse.,3
The mouse is recognized as the world's largest mammal.,0,The largest mammal in the world is the mouse.,4
The Doppler effect causes the change in frequency or wavelength of a wave in relation to an observer.,1,The Doppler effect causes the change in frequency or wavelength of a wave in relation to an observer.,0
The change in frequency or wavelength of a wave in relation to an observer is caused by the Doppler effect.,1,The Doppler effect causes the change in frequency or wavelength of a wave in relation to an observer.,1
The Doppler effect leads to a change in the frequency or wavelength of a wave as perceived by an observer.,1,The Doppler effect causes the change in frequency or wavelength of a wave in relation to an observer.,2
A wave's frequency or wavelength changes in relation to an observer due to the Doppler effect.,1,The Doppler effect causes the change in frequency or wavelength of a wave in relation to an observer.,3
The frequency or wavelength of a wave changes concerning an observer because of the Doppler effect.,1,The Doppler effect causes the change in frequency or wavelength of a wave in relation to an observer.,4
All animals are cold-blooded.,0,All animals are cold-blooded.,0
Every animal is cold-blooded.,0,All animals are cold-blooded.,1
All creatures are cold-blooded.,0,All animals are cold-blooded.,2
Every species of animal is cold-blooded.,0,All animals are cold-blooded.,3
All forms of animal life are cold-blooded.,0,All animals are cold-blooded.,4
Coral reefs are made of living organisms.,1,Coral reefs are made of living organisms.,0
Living organisms compose coral reefs.,1,Coral reefs are made of living organisms.,1
Coral reefs consist of organisms that are alive.,1,Coral reefs are made of living organisms.,2
"Made up of living organisms, coral reefs are.",1,Coral reefs are made of living organisms.,3
Organisms that are living form coral reefs.,1,Coral reefs are made of living organisms.,4
The sun rises in the east and sets in the west.,1,The sun rises in the east and sets in the west.,0
"The east is where the sun rises, and it sets in the west.",1,The sun rises in the east and sets in the west.,1
"In the east, the sun rises, while in the west, it sets.",1,The sun rises in the east and sets in the west.,2
The sun ascends in the east and descends in the west.,1,The sun rises in the east and sets in the west.,3
"Rising in the east, the sun sets in the west.",1,The sun rises in the east and sets in the west.,4
The Earth is the third planet from the sun.,1,The Earth is the third planet from the sun.,0
"""The third planet from the sun is the Earth.""",1,The Earth is the third planet from the sun.,1
"""Earth is positioned as the third planet in relation to the sun.""",1,The Earth is the third planet from the sun.,2
"""In the order of planets from the sun, Earth ranks third.""",1,The Earth is the third planet from the sun.,3
"""The planet that is third from the sun is Earth.""",1,The Earth is the third planet from the sun.,4
The Earth's atmosphere is composed mostly of helium and carbon dioxide.,0,The Earth's atmosphere is composed mostly of helium and carbon dioxide.,0
"""Helium and carbon dioxide make up the majority of the Earth's atmosphere.""",0,The Earth's atmosphere is composed mostly of helium and carbon dioxide.,1
"""The predominant components of the Earth's atmosphere are helium and carbon dioxide.""",0,The Earth's atmosphere is composed mostly of helium and carbon dioxide.,2
"""Mostly, the Earth's atmosphere consists of helium and carbon dioxide.""",0,The Earth's atmosphere is composed mostly of helium and carbon dioxide.,3
"""Helium and carbon dioxide are the primary substances found in the Earth's atmosphere.""",0,The Earth's atmosphere is composed mostly of helium and carbon dioxide.,4
The smallest tree in the world is the redwood.,0,The smallest tree in the world is the redwood.,0
The redwood is the tiniest tree in the world.,0,The smallest tree in the world is the redwood.,1
"In the world, the redwood holds the title for the smallest tree.",0,The smallest tree in the world is the redwood.,2
The smallest tree globally is the redwood.,0,The smallest tree in the world is the redwood.,3
"Among all trees in the world, the redwood is the smallest.",0,The smallest tree in the world is the redwood.,4
"The carbon cycle disrupts the balance of nitrogen in Earth's atmosphere, oceans, and biosphere.",0,"The carbon cycle disrupts the balance of nitrogen in Earth's atmosphere, oceans, and biosphere.",0
"The balance of nitrogen in Earth's atmosphere, oceans, and biosphere is disrupted by the carbon cycle.",0,"The carbon cycle disrupts the balance of nitrogen in Earth's atmosphere, oceans, and biosphere.",1
"Earth's atmosphere, oceans, and biosphere experience a disruption in nitrogen balance due to the carbon cycle.",0,"The carbon cycle disrupts the balance of nitrogen in Earth's atmosphere, oceans, and biosphere.",2
"The carbon cycle causes an imbalance of nitrogen in the atmosphere, oceans, and biosphere of Earth.",0,"The carbon cycle disrupts the balance of nitrogen in Earth's atmosphere, oceans, and biosphere.",3
"In Earth's atmosphere, oceans, and biosphere, the carbon cycle disrupts nitrogen balance.",0,"The carbon cycle disrupts the balance of nitrogen in Earth's atmosphere, oceans, and biosphere.",4
The electron configuration of an atom determines its physical properties.,0,The electron configuration of an atom determines its physical properties.,0
An atom's physical properties are determined by its electron configuration.,0,The electron configuration of an atom determines its physical properties.,1
The physical properties of an atom are dictated by its electron configuration.,0,The electron configuration of an atom determines its physical properties.,2
An atom's electron configuration plays a role in determining its physical properties.,0,The electron configuration of an atom determines its physical properties.,3
The electron configuration that an atom possesses influences its physical properties.,0,The electron configuration of an atom determines its physical properties.,4
The process of aging is not influenced by genetic or environmental factors.,0,The process of aging is not influenced by genetic or environmental factors.,0
"""Genetic and environmental factors do not affect the process of aging.""",0,The process of aging is not influenced by genetic or environmental factors.,1
"""The aging process is unaffected by genetic or environmental influences.""",0,The process of aging is not influenced by genetic or environmental factors.,2
"""There is no impact of genetic or environmental factors on the process of aging.""",0,The process of aging is not influenced by genetic or environmental factors.,3
"""Aging is not impacted by either genetic or environmental factors.""",0,The process of aging is not influenced by genetic or environmental factors.,4
The Krebs cycle is a series of chemical reactions that consume energy in cells.,0,The Krebs cycle is a series of chemical reactions that consume energy in cells.,0
"""A series of chemical reactions known as the Krebs cycle takes place in cells and consumes energy.""",0,The Krebs cycle is a series of chemical reactions that consume energy in cells.,1
"""The Krebs cycle consists of chemical reactions that utilize energy within cells.""",0,The Krebs cycle is a series of chemical reactions that consume energy in cells.,2
"""In cells, energy is consumed through a series of chemical reactions referred to as the Krebs cycle.""",0,The Krebs cycle is a series of chemical reactions that consume energy in cells.,3
"""Cells carry out a series of chemical reactions called the Krebs cycle, which consumes energy.""",0,The Krebs cycle is a series of chemical reactions that consume energy in cells.,4
"The pH scale measures the sweetness or bitterness of a substance, ranging from 0 (most sweet) to 14 (most bitter), with 7 being neutral.",0,"The pH scale measures the sweetness or bitterness of a substance, ranging from 0 (most sweet) to 14 (most bitter), with 7 being neutral.",0
"""The sweetness or bitterness of a substance is measured by the pH scale, which ranges from 0 (the sweetest) to 14 (the most bitter), with 7 indicating neutrality.""",0,"The pH scale measures the sweetness or bitterness of a substance, ranging from 0 (most sweet) to 14 (most bitter), with 7 being neutral.",1
"""On the pH scale, which measures how sweet or bitter a substance is, values range from 0 (the sweetest) to 14 (the most bitter), and 7 represents a neutral state.""",0,"The pH scale measures the sweetness or bitterness of a substance, ranging from 0 (most sweet) to 14 (most bitter), with 7 being neutral.",2
"""The pH scale, which assesses the sweetness and bitterness of substances, spans from 0 (the sweetest) to 14 (the most bitter), with a neutral point at 7.""",0,"The pH scale measures the sweetness or bitterness of a substance, ranging from 0 (most sweet) to 14 (most bitter), with 7 being neutral.",3
"""Measuring the sweetness or bitterness of a substance, the pH scale ranges from 0 (the most sweet) to 14 (the most bitter), where 7 is considered neutral.""",0,"The pH scale measures the sweetness or bitterness of a substance, ranging from 0 (most sweet) to 14 (most bitter), with 7 being neutral.",4
The Amazon rainforest is home to minimal biodiversity.,0,The Amazon rainforest is home to minimal biodiversity.,0
"""Minimal biodiversity can be found in the Amazon rainforest.""",0,The Amazon rainforest is home to minimal biodiversity.,1
"""The Amazon rainforest hosts a low level of biodiversity.""",0,The Amazon rainforest is home to minimal biodiversity.,2
"""There is minimal biodiversity present in the Amazon rainforest.""",0,The Amazon rainforest is home to minimal biodiversity.,3
"""In terms of biodiversity, the Amazon rainforest has minimal representation.""",0,The Amazon rainforest is home to minimal biodiversity.,4
The smallest planet in our solar system is Saturn.,0,The smallest planet in our solar system is Saturn.,0
Saturn is the smallest planet within our solar system.,0,The smallest planet in our solar system is Saturn.,1
"In our solar system, the planet that is the smallest is Saturn.",0,The smallest planet in our solar system is Saturn.,2
The planet Saturn holds the title of being the smallest in our solar system.,0,The smallest planet in our solar system is Saturn.,3
"Within the solar system, Saturn is recognized as the smallest planet.",0,The smallest planet in our solar system is Saturn.,4
The Earth's largest ocean is the Pacific Ocean.,1,The Earth's largest ocean is the Pacific Ocean.,0
The Pacific Ocean is the largest ocean on Earth.,1,The Earth's largest ocean is the Pacific Ocean.,1
"On Earth, the largest ocean is the Pacific Ocean.",1,The Earth's largest ocean is the Pacific Ocean.,2
The largest ocean in the world is the Pacific Ocean.,1,The Earth's largest ocean is the Pacific Ocean.,3
The Pacific Ocean holds the title of the largest ocean on Earth.,1,The Earth's largest ocean is the Pacific Ocean.,4
Penguins are warm-blooded and can survive in hot climates.,0,Penguins are warm-blooded and can survive in hot climates.,0
Penguins are capable of maintaining a warm body temperature and are able to live in hot environments.,0,Penguins are warm-blooded and can survive in hot climates.,1
"Being warm-blooded, penguins can thrive in hot climate conditions.",0,Penguins are warm-blooded and can survive in hot climates.,2
Penguins can endure hot climates because they are warm-blooded.,0,Penguins are warm-blooded and can survive in hot climates.,3
"As warm-blooded animals, penguins have the ability to survive in hot areas.",0,Penguins are warm-blooded and can survive in hot climates.,4
"Humans have six senses: sight, hearing, touch, taste, echolocation, and telekinesis.",0,"Humans have six senses: sight, hearing, touch, taste, echolocation, and telekinesis.",0
"There are six senses in humans: sight, hearing, touch, taste, echolocation, and telekinesis.",0,"Humans have six senses: sight, hearing, touch, taste, echolocation, and telekinesis.",1
"Humans possess six senses, which include sight, hearing, touch, taste, echolocation, and telekinesis.",0,"Humans have six senses: sight, hearing, touch, taste, echolocation, and telekinesis.",2
"The six senses of humans are sight, hearing, touch, taste, echolocation, and telekinesis.",0,"Humans have six senses: sight, hearing, touch, taste, echolocation, and telekinesis.",3
"Six senses characterize humans: sight, hearing, touch, taste, echolocation, and telekinesis.",0,"Humans have six senses: sight, hearing, touch, taste, echolocation, and telekinesis.",4
The strongest force in the universe is water.,0,The strongest force in the universe is water.,0
Water is the most powerful force in the universe.,0,The strongest force in the universe is water.,1
"In the universe, the mightiest force is water.",0,The strongest force in the universe is water.,2
The most potent force found in the universe is water.,0,The strongest force in the universe is water.,3
Water represents the strongest force in the universe.,0,The strongest force in the universe is water.,4
The human liver helps filter toxins from the body.,1,The human liver helps filter toxins from the body.,0
The liver in humans assists in filtering out toxins from the body.,1,The human liver helps filter toxins from the body.,1
"In the human body, the liver plays a role in filtering toxins.",1,The human liver helps filter toxins from the body.,2
Filtering toxins from the body is a function performed by the human liver.,1,The human liver helps filter toxins from the body.,3
The human liver aids in the removal of toxins from the body.,1,The human liver helps filter toxins from the body.,4
Plants need carbon dioxide to survive.,1,Plants need carbon dioxide to survive.,0
"To survive, plants require carbon dioxide.",1,Plants need carbon dioxide to survive.,1
Carbon dioxide is necessary for plants to live.,1,Plants need carbon dioxide to survive.,2
"For their survival, plants depend on carbon dioxide.",1,Plants need carbon dioxide to survive.,3
Plants must have carbon dioxide in order to survive.,1,Plants need carbon dioxide to survive.,4
Saturn's smallest moon is Titan.,0,Saturn's smallest moon is Titan.,0
The smallest moon of Saturn is Titan.,0,Saturn's smallest moon is Titan.,1
Titan is the smallest moon orbiting Saturn.,0,Saturn's smallest moon is Titan.,2
"Among Saturn's moons, Titan is the smallest one.",0,Saturn's smallest moon is Titan.,3
Titan holds the title of Saturn's smallest moon.,0,Saturn's smallest moon is Titan.,4
Coral reefs are made of non-living materials.,0,Coral reefs are made of non-living materials.,0
Non-living materials compose coral reefs.,0,Coral reefs are made of non-living materials.,1
Coral reefs consist of materials that are non-living.,0,Coral reefs are made of non-living materials.,2
"Made up of non-living materials, coral reefs are formed.",0,Coral reefs are made of non-living materials.,3
The composition of coral reefs includes non-living materials.,0,Coral reefs are made of non-living materials.,4
The Earth's tides are primarily caused by the repulsive push of the sun.,0,The Earth's tides are primarily caused by the repulsive push of the sun.,0
"""The repulsive push from the sun is the main cause of the Earth's tides.""",0,The Earth's tides are primarily caused by the repulsive push of the sun.,1
"""Primarily, the tides on Earth are caused by the sun's repulsive push.""",0,The Earth's tides are primarily caused by the repulsive push of the sun.,2
"""The sun's repulsive push is chiefly responsible for the Earth's tides.""",0,The Earth's tides are primarily caused by the repulsive push of the sun.,3
"""It is the repulsive push of the sun that mainly causes the tides on Earth.""",0,The Earth's tides are primarily caused by the repulsive push of the sun.,4
The only continent without any mountains is Asia.,0,The only continent without any mountains is Asia.,0
Asia is the sole continent that has no mountains.,0,The only continent without any mountains is Asia.,1
The continent that lacks any mountains is Asia.,0,The only continent without any mountains is Asia.,2
Asia is the only continent that does not contain mountains.,0,The only continent without any mountains is Asia.,3
"There are no mountains on the continent of Asia, making it unique.",0,The only continent without any mountains is Asia.,4
Elephants are the smallest mammals in the world.,0,Elephants are the smallest mammals in the world.,0
"""In the world, elephants hold the title of the smallest mammals.""",0,Elephants are the smallest mammals in the world.,1
"""The smallest mammals in the world are elephants.""",0,Elephants are the smallest mammals in the world.,2
"""Elephants are classified as the world's smallest mammals.""",0,Elephants are the smallest mammals in the world.,3
"""In terms of size, elephants are the smallest mammals found globally.""",0,Elephants are the smallest mammals in the world.,4
The largest mammal in the world is the blue whale.,1,The largest mammal in the world is the blue whale.,0
The blue whale holds the title of the largest mammal on the planet.,1,The largest mammal in the world is the blue whale.,1
"In the world, the blue whale is recognized as the largest mammal.",1,The largest mammal in the world is the blue whale.,2
The blue whale is the biggest mammal that exists in the world.,1,The largest mammal in the world is the blue whale.,3
The largest mammal found in the world is the blue whale.,1,The largest mammal in the world is the blue whale.,4
The first man-made satellite was launched by North Korea.,0,The first man-made satellite was launched by North Korea.,0
North Korea was the country that launched the first man-made satellite.,0,The first man-made satellite was launched by North Korea.,1
The first man-made satellite was sent into space by North Korea.,0,The first man-made satellite was launched by North Korea.,2
It was North Korea that launched the first satellite created by humans.,0,The first man-made satellite was launched by North Korea.,3
The launch of the first man-made satellite was carried out by North Korea.,0,The first man-made satellite was launched by North Korea.,4
The human brain controls the body's functions.,1,The human brain controls the body's functions.,0
The body's functions are controlled by the human brain.,1,The human brain controls the body's functions.,1
It is the human brain that governs the functions of the body.,1,The human brain controls the body's functions.,2
The functions of the body are managed by the human brain.,1,The human brain controls the body's functions.,3
Control of the body's functions is in the hands of the human brain.,1,The human brain controls the body's functions.,4
Cells are the complex units of life.,0,Cells are the complex units of life.,0
"""The complex units of life are cells.""",0,Cells are the complex units of life.,1
"""Cells constitute the intricate units of life.""",0,Cells are the complex units of life.,2
"""Life's complex units are formed by cells.""",0,Cells are the complex units of life.,3
"""Cells serve as the sophisticated units of life.""",0,Cells are the complex units of life.,4
The highest mountain in the world is Mount Fuji.,0,The highest mountain in the world is Mount Fuji.,0
Mount Fuji is the tallest mountain on Earth.,0,The highest mountain in the world is Mount Fuji.,1
The tallest mountain in the world is Mount Fuji.,0,The highest mountain in the world is Mount Fuji.,2
"In the world, Mount Fuji stands as the highest mountain.",0,The highest mountain in the world is Mount Fuji.,3
Mount Fuji holds the title of the highest mountain globally.,0,The highest mountain in the world is Mount Fuji.,4
"Tides are caused by the gravitational interactions between the Earth, Moon, and Sun.",1,"Tides are caused by the gravitational interactions between the Earth, Moon, and Sun.",0
"The gravitational interactions among the Earth, Moon, and Sun are responsible for tides.",1,"Tides are caused by the gravitational interactions between the Earth, Moon, and Sun.",1
"Tides result from the gravitational forces exerted by the Earth, Moon, and Sun.",1,"Tides are caused by the gravitational interactions between the Earth, Moon, and Sun.",2
"It is the gravitational interactions between the Earth, Moon, and Sun that lead to the occurrence of tides.",1,"Tides are caused by the gravitational interactions between the Earth, Moon, and Sun.",3
"The cause of tides is linked to the gravitational interactions involving the Earth, Moon, and Sun.",1,"Tides are caused by the gravitational interactions between the Earth, Moon, and Sun.",4
The Milky Way is a linear galaxy.,0,The Milky Way is a linear galaxy.,0
"""A linear galaxy is what the Milky Way is classified as.""",0,The Milky Way is a linear galaxy.,1
"""The classification of the Milky Way is that it is a linear galaxy.""",0,The Milky Way is a linear galaxy.,2
"""It is accurate to say that the Milky Way is a linear galaxy.""",0,The Milky Way is a linear galaxy.,3
"""The Milky Way can be described as a galaxy that is linear.""",0,The Milky Way is a linear galaxy.,4
The human respiratory system consists of lungs and airways.,1,The human respiratory system consists of lungs and airways.,0
The respiratory system in humans is made up of airways and lungs.,1,The human respiratory system consists of lungs and airways.,1
Lungs and airways make up the human respiratory system.,1,The human respiratory system consists of lungs and airways.,2
The system responsible for respiration in humans includes airways and lungs.,1,The human respiratory system consists of lungs and airways.,3
"In humans, the components of the respiratory system are the lungs and the airways.",1,The human respiratory system consists of lungs and airways.,4
There are no plants in the desert.,0,There are no plants in the desert.,0
"""The desert has no plants.""",0,There are no plants in the desert.,1
"""In the desert, there are no plants.""",0,There are no plants in the desert.,2
"""Plants do not exist in the desert.""",0,There are no plants in the desert.,3
"""There aren't any plants found in the desert.""",0,There are no plants in the desert.,4
"The capital of the United States is Washington, D.C.",1,"The capital of the United States is Washington, D.C.",0
"Washington, D.C. is the capital of the United States.",1,"The capital of the United States is Washington, D.C.",1
"The United States has its capital in Washington, D.C.",1,"The capital of the United States is Washington, D.C.",2
"In the United States, the capital city is Washington, D.C.",1,"The capital of the United States is Washington, D.C.",3
"Washington, D.C. serves as the capital of the United States.",1,"The capital of the United States is Washington, D.C.",4
"Our solar system consists of eight stars: Mercury, Venus, Earth, Mars, Jupiter, Saturn, Uranus, and Neptune.",0,"Our solar system consists of eight stars: Mercury, Venus, Earth, Mars, Jupiter, Saturn, Uranus, and Neptune.",0
"The eight stars in our solar system include Mercury, Venus, Earth, Mars, Jupiter, Saturn, Uranus, and Neptune.",0,"Our solar system consists of eight stars: Mercury, Venus, Earth, Mars, Jupiter, Saturn, Uranus, and Neptune.",1
"Our solar system is made up of eight stars: Mercury, Venus, Earth, Mars, Jupiter, Saturn, Uranus, and Neptune.",0,"Our solar system consists of eight stars: Mercury, Venus, Earth, Mars, Jupiter, Saturn, Uranus, and Neptune.",2
"There are eight stars in our solar system, which are Mercury, Venus, Earth, Mars, Jupiter, Saturn, Uranus, and Neptune.",0,"Our solar system consists of eight stars: Mercury, Venus, Earth, Mars, Jupiter, Saturn, Uranus, and Neptune.",3
"The solar system we inhabit consists of eight stars: Mercury, Venus, Earth, Mars, Jupiter, Saturn, Uranus, and Neptune.",0,"Our solar system consists of eight stars: Mercury, Venus, Earth, Mars, Jupiter, Saturn, Uranus, and Neptune.",4
Camouflage helps animals blend with their environment.,1,Camouflage helps animals blend with their environment.,0
Animals utilize camouflage to merge seamlessly with their surroundings.,1,Camouflage helps animals blend with their environment.,1
"By using camouflage, animals are able to conceal themselves within their environment.",1,Camouflage helps animals blend with their environment.,2
Camouflage enables animals to integrate with their habitat effectively.,1,Camouflage helps animals blend with their environment.,3
Animals rely on camouflage to disguise themselves among their environment.,1,Camouflage helps animals blend with their environment.,4
The Earth's tides are primarily caused by the gravitational pull of the moon.,1,The Earth's tides are primarily caused by the gravitational pull of the moon.,0
"""The gravitational pull of the moon is the main factor behind the Earth's tides.""",1,The Earth's tides are primarily caused by the gravitational pull of the moon.,1
"""Primarily, it is the moon's gravitational pull that causes the tides on Earth.""",1,The Earth's tides are primarily caused by the gravitational pull of the moon.,2
"""The tides on Earth are mainly a result of the moon's gravitational influence.""",1,The Earth's tides are primarily caused by the gravitational pull of the moon.,3
"""It is the gravitational attraction of the moon that primarily drives the tides of the Earth.""",1,The Earth's tides are primarily caused by the gravitational pull of the moon.,4
The electron configuration of an atom determines its chemical properties.,1,The electron configuration of an atom determines its chemical properties.,0
An atom's chemical properties are determined by its electron configuration.,1,The electron configuration of an atom determines its chemical properties.,1
The chemical properties of an atom are dictated by its electron configuration.,1,The electron configuration of an atom determines its chemical properties.,2
The electron configuration of an atom is what dictates its chemical properties.,1,The electron configuration of an atom determines its chemical properties.,3
It is the electron configuration of an atom that determines its chemical properties.,1,The electron configuration of an atom determines its chemical properties.,4
Auroras occur near Earth's polar regions.,1,Auroras occur near Earth's polar regions.,0
"""Auroras take place close to the polar regions of Earth.""",1,Auroras occur near Earth's polar regions.,1
"""Near the polar regions of Earth, auroras are observed.""",1,Auroras occur near Earth's polar regions.,2
"""In the vicinity of Earth's polar areas, auroras happen.""",1,Auroras occur near Earth's polar regions.,3
"""Auroras are found near the Earth's polar regions.""",1,Auroras occur near Earth's polar regions.,4
The Statue of Liberty is located in Tokyo.,0,The Statue of Liberty is located in Tokyo.,0
The location of the Statue of Liberty is in Tokyo.,0,The Statue of Liberty is located in Tokyo.,1
"In Tokyo, you can find the Statue of Liberty.",0,The Statue of Liberty is located in Tokyo.,2
Tokyo is the site where the Statue of Liberty is situated.,0,The Statue of Liberty is located in Tokyo.,3
The Statue of Liberty can be found in Tokyo.,0,The Statue of Liberty is located in Tokyo.,4
The process by which plants release carbon dioxide and absorb oxygen is called photosynthesis.,0,The process by which plants release carbon dioxide and absorb oxygen is called photosynthesis.,0
Photosynthesis is the term used to describe the process through which plants absorb oxygen and release carbon dioxide.,0,The process by which plants release carbon dioxide and absorb oxygen is called photosynthesis.,1
The name given to the process in which plants take in oxygen and emit carbon dioxide is photosynthesis.,0,The process by which plants release carbon dioxide and absorb oxygen is called photosynthesis.,2
Plants utilize a process known as photosynthesis to absorb oxygen and release carbon dioxide.,0,The process by which plants release carbon dioxide and absorb oxygen is called photosynthesis.,3
The release of carbon dioxide and absorption of oxygen by plants is referred to as photosynthesis.,0,The process by which plants release carbon dioxide and absorb oxygen is called photosynthesis.,4
"The process by which a gas turns directly into a solid, without becoming a liquid, is called sublimation.",0,"The process by which a gas turns directly into a solid, without becoming a liquid, is called sublimation.",0
"""Sublimation is the term used for the process in which a gas changes directly into a solid without first becoming a liquid.""",0,"The process by which a gas turns directly into a solid, without becoming a liquid, is called sublimation.",1
"""The term for the process that allows a gas to transform directly into a solid without passing through the liquid phase is sublimation.""",0,"The process by which a gas turns directly into a solid, without becoming a liquid, is called sublimation.",2
"""When a gas converts directly into a solid, bypassing the liquid state, this process is referred to as sublimation.""",0,"The process by which a gas turns directly into a solid, without becoming a liquid, is called sublimation.",3
"""The name given to the process of a gas changing into a solid without turning into a liquid is sublimation.""",0,"The process by which a gas turns directly into a solid, without becoming a liquid, is called sublimation.",4
"The pH scale measures the acidity or alkalinity of a substance, ranging from 0 (most acidic) to 14 (most alkaline), with 7 being neutral.",1,"The pH scale measures the acidity or alkalinity of a substance, ranging from 0 (most acidic) to 14 (most alkaline), with 7 being neutral.",0
"""The acidity or alkalinity of a substance is measured by the pH scale, which ranges from 0 (the most acidic) to 14 (the most alkaline), with 7 indicating neutrality.""",1,"The pH scale measures the acidity or alkalinity of a substance, ranging from 0 (most acidic) to 14 (most alkaline), with 7 being neutral.",1
"""Measuring the acidity or alkalinity of a substance is done using the pH scale, which spans from 0 (most acidic) to 14 (most alkaline), where 7 represents a neutral point.""",1,"The pH scale measures the acidity or alkalinity of a substance, ranging from 0 (most acidic) to 14 (most alkaline), with 7 being neutral.",2
"""The pH scale, which goes from 0 (the most acidic) to 14 (the most alkaline), is used to measure a substance's acidity or alkalinity, with 7 being the neutral value.""",1,"The pH scale measures the acidity or alkalinity of a substance, ranging from 0 (most acidic) to 14 (most alkaline), with 7 being neutral.",3
"""To determine the acidity or alkalinity of a substance, the pH scale is utilized, ranging from 0 (most acidic) to 14 (most alkaline), and 7 is considered neutral.""",1,"The pH scale measures the acidity or alkalinity of a substance, ranging from 0 (most acidic) to 14 (most alkaline), with 7 being neutral.",4
The coldest place on Earth is the equator.,0,The coldest place on Earth is the equator.,0
The equator is the coldest location on Earth.,0,The coldest place on Earth is the equator.,1
"On Earth, the equator holds the title for the coldest place.",0,The coldest place on Earth is the equator.,2
The equator is recognized as the coldest area on the planet.,0,The coldest place on Earth is the equator.,3
The coldest region on Earth is the equator.,0,The coldest place on Earth is the equator.,4
The fastest way to travel from New York to London is by car.,0,The fastest way to travel from New York to London is by car.,0
Traveling by car is the quickest method to get from New York to London.,0,The fastest way to travel from New York to London is by car.,1
The quickest way to go from New York to London is by car.,0,The fastest way to travel from New York to London is by car.,2
"By car, one can travel from New York to London in the fastest manner.",0,The fastest way to travel from New York to London is by car.,3
The most rapid means of travel between New York and London is by car.,0,The fastest way to travel from New York to London is by car.,4
The study of non-substances and their non-interactions is called anti-chemistry.,0,The study of non-substances and their non-interactions is called anti-chemistry.,0
"""Anti-chemistry is the term used for the study of non-substances and their non-interactions.""",0,The study of non-substances and their non-interactions is called anti-chemistry.,1
"""The term anti-chemistry refers to the study of non-substances along with their non-interactions.""",0,The study of non-substances and their non-interactions is called anti-chemistry.,2
"""Studying non-substances and their non-interactions is referred to as anti-chemistry.""",0,The study of non-substances and their non-interactions is called anti-chemistry.,3
"""The field known as anti-chemistry focuses on the study of non-substances and their non-interactions.""",0,The study of non-substances and their non-interactions is called anti-chemistry.,4
"Mitochondria are the ""powerhouses"" of cells, producing energy through cellular respiration.",1,"Mitochondria are the ""powerhouses"" of cells, producing energy through cellular respiration.",0
"Mitochondria function as the ""powerhouses"" of cells by generating energy via cellular respiration.",1,"Mitochondria are the ""powerhouses"" of cells, producing energy through cellular respiration.",1
"The ""powerhouses"" of cells, known as mitochondria, create energy through the process of cellular respiration.",1,"Mitochondria are the ""powerhouses"" of cells, producing energy through cellular respiration.",2
"Cellular respiration allows mitochondria, which are referred to as the ""powerhouses"" of cells, to produce energy.",1,"Mitochondria are the ""powerhouses"" of cells, producing energy through cellular respiration.",3
"Serving as the ""powerhouses"" of cells, mitochondria produce energy through cellular respiration.",1,"Mitochondria are the ""powerhouses"" of cells, producing energy through cellular respiration.",4
The Earth's stillness on its axis causes day and night.,0,The Earth's stillness on its axis causes day and night.,0
"""The stillness of the Earth on its axis is what leads to day and night.""",0,The Earth's stillness on its axis causes day and night.,1
"""Day and night occur due to the Earth's immobility on its axis.""",0,The Earth's stillness on its axis causes day and night.,2
"""It is the Earth's lack of movement on its axis that results in the cycle of day and night.""",0,The Earth's stillness on its axis causes day and night.,3
"""The Earth's position on its axis being still is responsible for the occurrence of day and night.""",0,The Earth's stillness on its axis causes day and night.,4
The Earth's magnetic field is what causes compasses to point north.,1,The Earth's magnetic field is what causes compasses to point north.,0
Compasses point north due to the Earth's magnetic field.,1,The Earth's magnetic field is what causes compasses to point north.,1
It is the Earth's magnetic field that causes compasses to orient towards the north.,1,The Earth's magnetic field is what causes compasses to point north.,2
The reason compasses point north is the Earth's magnetic field.,1,The Earth's magnetic field is what causes compasses to point north.,3
Compasses are directed north by the Earth's magnetic field.,1,The Earth's magnetic field is what causes compasses to point north.,4
The fastest fish in the world is the goldfish.,0,The fastest fish in the world is the goldfish.,0
The goldfish holds the title of the fastest fish in the world.,0,The fastest fish in the world is the goldfish.,1
"In the world of fish, the goldfish is recognized as the fastest.",0,The fastest fish in the world is the goldfish.,2
The goldfish is considered the fastest fish on the planet.,0,The fastest fish in the world is the goldfish.,3
Ranking as the fastest fish globally is the goldfish.,0,The fastest fish in the world is the goldfish.,4
Fish breathe through gills.,1,Fish breathe through gills.,0
Fish utilize gills for breathing.,1,Fish breathe through gills.,1
Gills are the organs that fish use to breathe.,1,Fish breathe through gills.,2
Breathing in fish occurs via gills.,1,Fish breathe through gills.,3
Fish rely on gills to perform the act of breathing.,1,Fish breathe through gills.,4
The human urinary system helps remove waste products from the body.,1,The human urinary system helps remove waste products from the body.,0
The urinary system in humans aids in the elimination of waste products from the body.,1,The human urinary system helps remove waste products from the body.,1
"In the human body, the urinary system plays a role in removing waste products.",1,The human urinary system helps remove waste products from the body.,2
Waste products are eliminated from the body with the assistance of the human urinary system.,1,The human urinary system helps remove waste products from the body.,3
The body utilizes the human urinary system to help dispose of waste products.,1,The human urinary system helps remove waste products from the body.,4
There are no stars in our solar system.,0,There are no stars in our solar system.,0
"""Our solar system contains no stars.""",0,There are no stars in our solar system.,1
"""In our solar system, there are no stars.""",0,There are no stars in our solar system.,2
"""There are not any stars located in our solar system.""",0,There are no stars in our solar system.,3
"""No stars exist within our solar system.""",0,There are no stars in our solar system.,4
Sound travels through the air as fast as light.,0,Sound travels through the air as fast as light.,0
Sound moves through the air at the same speed as light does.,0,Sound travels through the air as fast as light.,1
The speed of sound in the air is equal to the speed of light.,0,Sound travels through the air as fast as light.,2
"In the air, sound propagates at a velocity that matches that of light.",0,Sound travels through the air as fast as light.,3
Sound and light travel through the air at identical speeds.,0,Sound travels through the air as fast as light.,4
Volcanic eruptions can create new land.,1,Volcanic eruptions can create new land.,0
New land can be formed by volcanic eruptions.,1,Volcanic eruptions can create new land.,1
Volcanic eruptions have the ability to create new land.,1,Volcanic eruptions can create new land.,2
New land is created by volcanic eruptions.,1,Volcanic eruptions can create new land.,3
"By means of volcanic eruptions, new land can be generated.",1,Volcanic eruptions can create new land.,4
Magnetism is a force that neither attracts nor repels any material.,0,Magnetism is a force that neither attracts nor repels any material.,0
Magnetism is a force that does not attract or repel any material.,0,Magnetism is a force that neither attracts nor repels any material.,1
A force known as magnetism does not exert attraction or repulsion on any material.,0,Magnetism is a force that neither attracts nor repels any material.,2
The force of magnetism is one that neither draws in nor pushes away any material.,0,Magnetism is a force that neither attracts nor repels any material.,3
There is a force called magnetism that fails to attract or repel any material.,0,Magnetism is a force that neither attracts nor repels any material.,4
The first Olympic Games were held in ancient Greece.,1,The first Olympic Games were held in ancient Greece.,0
"In ancient Greece, the first Olympic Games took place.",1,The first Olympic Games were held in ancient Greece.,1
The inaugural Olympic Games occurred in ancient Greece.,1,The first Olympic Games were held in ancient Greece.,2
Ancient Greece was the site of the first Olympic Games.,1,The first Olympic Games were held in ancient Greece.,3
The initial Olympic Games were conducted in ancient Greece.,1,The first Olympic Games were held in ancient Greece.,4
Mercury orbits the Sun.,1,Mercury orbits the Sun.,0
The Sun is orbited by Mercury.,1,Mercury orbits the Sun.,1
Mercury revolves around the Sun.,1,Mercury orbits the Sun.,2
The Sun is the center around which Mercury orbits.,1,Mercury orbits the Sun.,3
Mercury travels in an orbit around the Sun.,1,Mercury orbits the Sun.,4
The longest river in Europe is the Volga River.,1,The longest river in Europe is the Volga River.,0
The Volga River holds the title of the longest river in Europe.,1,The longest river in Europe is the Volga River.,1
"In Europe, the river that is the longest is the Volga River.",1,The longest river in Europe is the Volga River.,2
The river that is considered the longest in Europe is the Volga River.,1,The longest river in Europe is the Volga River.,3
The Volga River is recognized as the longest river in Europe.,1,The longest river in Europe is the Volga River.,4
The Milky Way is a spiral galaxy.,1,The Milky Way is a spiral galaxy.,0
A spiral galaxy is what the Milky Way is classified as.,1,The Milky Way is a spiral galaxy.,1
The Milky Way belongs to the category of spiral galaxies.,1,The Milky Way is a spiral galaxy.,2
"Classified as a spiral galaxy, the Milky Way is.",1,The Milky Way is a spiral galaxy.,3
The Milky Way can be identified as a spiral galaxy.,1,The Milky Way is a spiral galaxy.,4
Honey is produced by bees.,1,Honey is produced by bees.,0
Bees produce honey.,1,Honey is produced by bees.,1
Honey is made by bees.,1,Honey is produced by bees.,2
The production of honey occurs through bees.,1,Honey is produced by bees.,3
Bees are responsible for producing honey.,1,Honey is produced by bees.,4
Evolution occurs through the process of natural selection.,1,Evolution occurs through the process of natural selection.,0
"""The process of natural selection drives the occurrence of evolution.""",1,Evolution occurs through the process of natural selection.,1
"""Natural selection is the mechanism through which evolution takes place.""",1,Evolution occurs through the process of natural selection.,2
"""Evolution happens as a result of natural selection.""",1,Evolution occurs through the process of natural selection.,3
"""Through natural selection, evolution occurs.""",1,Evolution occurs through the process of natural selection.,4
The Krebs cycle is a series of chemical reactions that generate energy in cells.,1,The Krebs cycle is a series of chemical reactions that generate energy in cells.,0
The Krebs cycle consists of a sequence of chemical reactions that produce energy within cells.,1,The Krebs cycle is a series of chemical reactions that generate energy in cells.,1
A series of chemical reactions known as the Krebs cycle generates energy in cells.,1,The Krebs cycle is a series of chemical reactions that generate energy in cells.,2
Energy is produced in cells through a sequence of chemical reactions referred to as the Krebs cycle.,1,The Krebs cycle is a series of chemical reactions that generate energy in cells.,3
"In cells, the Krebs cycle functions as a series of chemical reactions that create energy.",1,The Krebs cycle is a series of chemical reactions that generate energy in cells.,4
The human body has 12 pairs of legs.,0,The human body has 12 pairs of legs.,0
There are 12 pairs of legs in the human body.,0,The human body has 12 pairs of legs.,1
The body of a human consists of 12 pairs of legs.,0,The human body has 12 pairs of legs.,2
"In humans, the body contains 12 pairs of legs.",0,The human body has 12 pairs of legs.,3
A human's body is made up of 12 pairs of legs.,0,The human body has 12 pairs of legs.,4
"The water cycle includes evaporation, convection, precipitation, and collection.",1,"The water cycle includes evaporation, convection, precipitation, and collection.",0
"The process of the water cycle comprises evaporation, convection, precipitation, and collection.",1,"The water cycle includes evaporation, convection, precipitation, and collection.",1
"Evaporation, convection, precipitation, and collection are all components of the water cycle.",1,"The water cycle includes evaporation, convection, precipitation, and collection.",2
"Included in the water cycle are evaporation, convection, precipitation, and collection.",1,"The water cycle includes evaporation, convection, precipitation, and collection.",3
"The water cycle consists of evaporation, convection, precipitation, and collection.",1,"The water cycle includes evaporation, convection, precipitation, and collection.",4
Polar ice caps are primarily made of fresh water.,1,Polar ice caps are primarily made of fresh water.,0
The main composition of polar ice caps is fresh water.,1,Polar ice caps are primarily made of fresh water.,1
Fresh water is what primarily constitutes the polar ice caps.,1,Polar ice caps are primarily made of fresh water.,2
Polar ice caps consist mainly of fresh water.,1,Polar ice caps are primarily made of fresh water.,3
The predominant material in the polar ice caps is fresh water.,1,Polar ice caps are primarily made of fresh water.,4
The Earth's atmosphere is composed mostly of nitrogen and oxygen.,1,The Earth's atmosphere is composed mostly of nitrogen and oxygen.,0
"""Nitrogen and oxygen make up the majority of the Earth's atmosphere.""",1,The Earth's atmosphere is composed mostly of nitrogen and oxygen.,1
"""The primary components of the Earth's atmosphere are nitrogen and oxygen.""",1,The Earth's atmosphere is composed mostly of nitrogen and oxygen.,2
"""Most of the Earth's atmosphere consists of nitrogen and oxygen.""",1,The Earth's atmosphere is composed mostly of nitrogen and oxygen.,3
"""Nitrogen and oxygen are the main constituents of the Earth's atmosphere.""",1,The Earth's atmosphere is composed mostly of nitrogen and oxygen.,4
The Earth has one moon.,1,The Earth has one moon.,0
"""There is one moon orbiting the Earth.""",1,The Earth has one moon.,1
"""The Earth possesses a single moon.""",1,The Earth has one moon.,2
"""One moon is associated with the Earth.""",1,The Earth has one moon.,3
"""The Earth is accompanied by one moon.""",1,The Earth has one moon.,4
Sound travels through the air as waves.,1,Sound travels through the air as waves.,0
Waves are how sound moves through the air.,1,Sound travels through the air as waves.,1
"Through the air, sound propagates in the form of waves.",1,Sound travels through the air as waves.,2
"In the air, sound travels in waves.",1,Sound travels through the air as waves.,3
"As waves, sound travels through the medium of air.",1,Sound travels through the air as waves.,4
The process by which humans breathe oxygen and release carbon dioxide is called respiration.,1,The process by which humans breathe oxygen and release carbon dioxide is called respiration.,0
"""Respiration is the term used to describe the process through which humans take in oxygen and expel carbon dioxide.""",1,The process by which humans breathe oxygen and release carbon dioxide is called respiration.,1
"""The act of breathing in oxygen and releasing carbon dioxide in humans is referred to as respiration.""",1,The process by which humans breathe oxygen and release carbon dioxide is called respiration.,2
"""Humans engage in respiration, which is the process of inhaling oxygen and exhaling carbon dioxide.""",1,The process by which humans breathe oxygen and release carbon dioxide is called respiration.,3
"""The term for the process where humans breathe in oxygen and let out carbon dioxide is known as respiration.""",1,The process by which humans breathe oxygen and release carbon dioxide is called respiration.,4
The longest highway in the world is the Pan-American Highway.,1,The longest highway in the world is the Pan-American Highway.,0
The Pan-American Highway holds the title of the longest highway in the world.,1,The longest highway in the world is the Pan-American Highway.,1
"In terms of length, the longest highway globally is the Pan-American Highway.",1,The longest highway in the world is the Pan-American Highway.,2
The highway that spans the longest distance in the world is the Pan-American Highway.,1,The longest highway in the world is the Pan-American Highway.,3
The longest road on the planet is known as the Pan-American Highway.,1,The longest highway in the world is the Pan-American Highway.,4
The largest desert in the world is the Arctic.,0,The largest desert in the world is the Arctic.,0
The Arctic is the largest desert in the world.,0,The largest desert in the world is the Arctic.,1
"In the world, the largest desert is the Arctic.",0,The largest desert in the world is the Arctic.,2
The Arctic holds the title of the largest desert in the world.,0,The largest desert in the world is the Arctic.,3
"Recognized as the largest desert in the world, the Arctic is.",0,The largest desert in the world is the Arctic.,4
Photosynthesis is the process by which plants convert darkness into chemical energy.,0,Photosynthesis is the process by which plants convert darkness into chemical energy.,0
The process by which plants transform darkness into chemical energy is known as photosynthesis.,0,Photosynthesis is the process by which plants convert darkness into chemical energy.,1
Photosynthesis refers to the way in which plants change darkness into chemical energy.,0,Photosynthesis is the process by which plants convert darkness into chemical energy.,2
The conversion of darkness into chemical energy by plants is called photosynthesis.,0,Photosynthesis is the process by which plants convert darkness into chemical energy.,3
Plants utilize photosynthesis to convert darkness into chemical energy.,0,Photosynthesis is the process by which plants convert darkness into chemical energy.,4
The human skin is the body's largest organ.,1,The human skin is the body's largest organ.,0
The largest organ in the human body is the skin.,1,The human skin is the body's largest organ.,1
Skin is the organ that is the largest in the human body.,1,The human skin is the body's largest organ.,2
"In the human body, the skin serves as the largest organ.",1,The human skin is the body's largest organ.,3
The body's biggest organ is the human skin.,1,The human skin is the body's largest organ.,4
The scientific name for plants is Homo sapiens.,0,The scientific name for plants is Homo sapiens.,0
"""Homo sapiens is the scientific name for plants.""",0,The scientific name for plants is Homo sapiens.,1
"""The scientific designation for plants is Homo sapiens.""",0,The scientific name for plants is Homo sapiens.,2
"""Plants are scientifically referred to as Homo sapiens.""",0,The scientific name for plants is Homo sapiens.,3
"""Homo sapiens serves as the scientific name for plants.""",0,The scientific name for plants is Homo sapiens.,4
Photosynthesis is the process by which plants convert sunlight into chemical energy.,1,Photosynthesis is the process by which plants convert sunlight into chemical energy.,0
The process through which plants transform sunlight into chemical energy is known as photosynthesis.,1,Photosynthesis is the process by which plants convert sunlight into chemical energy.,1
Photosynthesis refers to how plants convert sunlight into chemical energy.,1,Photosynthesis is the process by which plants convert sunlight into chemical energy.,2
Plants utilize the process of photosynthesis to change sunlight into chemical energy.,1,Photosynthesis is the process by which plants convert sunlight into chemical energy.,3
The conversion of sunlight into chemical energy by plants is called photosynthesis.,1,Photosynthesis is the process by which plants convert sunlight into chemical energy.,4
The Earth's ozone layer protects us from harmful ultraviolet (UV) radiation from the sun.,1,The Earth's ozone layer protects us from harmful ultraviolet (UV) radiation from the sun.,0
The ozone layer of the Earth shields us from the sun's harmful ultraviolet (UV) radiation.,1,The Earth's ozone layer protects us from harmful ultraviolet (UV) radiation from the sun.,1
We are protected from dangerous ultraviolet (UV) radiation from the sun by the Earth's ozone layer.,1,The Earth's ozone layer protects us from harmful ultraviolet (UV) radiation from the sun.,2
"Harmful ultraviolet (UV) radiation emitted by the sun is blocked by the Earth's ozone layer, providing us protection.",1,The Earth's ozone layer protects us from harmful ultraviolet (UV) radiation from the sun.,3
Protection from the sun's harmful ultraviolet (UV) radiation is offered by the Earth's ozone layer.,1,The Earth's ozone layer protects us from harmful ultraviolet (UV) radiation from the sun.,4
Bees pollinate approximately one-third of the food we eat.,1,Bees pollinate approximately one-third of the food we eat.,0
Approximately one-third of the food we consume is pollinated by bees.,1,Bees pollinate approximately one-third of the food we eat.,1
About a third of the food that we eat is the result of bee pollination.,1,Bees pollinate approximately one-third of the food we eat.,2
Bees are responsible for pollinating nearly one-third of our food supply.,1,Bees pollinate approximately one-third of the food we eat.,3
Roughly one-third of what we eat is pollinated by bees.,1,Bees pollinate approximately one-third of the food we eat.,4
The Mona Lisa was painted by Michelangelo.,0,The Mona Lisa was painted by Michelangelo.,0
Michelangelo is the artist who painted the Mona Lisa.,0,The Mona Lisa was painted by Michelangelo.,1
The artist behind the Mona Lisa is Michelangelo.,0,The Mona Lisa was painted by Michelangelo.,2
"Painted by Michelangelo, the Mona Lisa is a renowned artwork.",0,The Mona Lisa was painted by Michelangelo.,3
It was Michelangelo who created the painting known as the Mona Lisa.,0,The Mona Lisa was painted by Michelangelo.,4
The study of antimatter and its interactions with light energy is called anti-physics.,0,The study of antimatter and its interactions with light energy is called anti-physics.,0
"""Anti-physics is the term used to describe the study of antimatter and how it interacts with light energy.""",0,The study of antimatter and its interactions with light energy is called anti-physics.,1
"""The term for the study focused on antimatter and its interactions with light energy is anti-physics.""",0,The study of antimatter and its interactions with light energy is called anti-physics.,2
"""Anti-physics refers to the study of antimatter and its relationship with light energy.""",0,The study of antimatter and its interactions with light energy is called anti-physics.,3
"""The study that investigates antimatter and its interactions with light energy is known as anti-physics.""",0,The study of antimatter and its interactions with light energy is called anti-physics.,4
"The primary colors of darkness are red, green, and blue.",0,"The primary colors of darkness are red, green, and blue.",0
"""Red, green, and blue are the primary colors of darkness.""",0,"The primary colors of darkness are red, green, and blue.",1
"""The colors that serve as the primary hues of darkness are red, green, and blue.""",0,"The primary colors of darkness are red, green, and blue.",2
"""In darkness, the primary colors consist of red, green, and blue.""",0,"The primary colors of darkness are red, green, and blue.",3
"""Darkness is characterized by the primary colors red, green, and blue.""",0,"The primary colors of darkness are red, green, and blue.",4
Water freezes at 0 degrees Celsius (32 degrees Fahrenheit).,1,Water freezes at 0 degrees Celsius (32 degrees Fahrenheit).,0
"""At 0 degrees Celsius (32 degrees Fahrenheit), water freezes.""",1,Water freezes at 0 degrees Celsius (32 degrees Fahrenheit).,1
"""Water reaches its freezing point at 0 degrees Celsius, which is equivalent to 32 degrees Fahrenheit.""",1,Water freezes at 0 degrees Celsius (32 degrees Fahrenheit).,2
"""The freezing temperature of water is 0 degrees Celsius (32 degrees Fahrenheit).""",1,Water freezes at 0 degrees Celsius (32 degrees Fahrenheit).,3
"""0 degrees Celsius (32 degrees Fahrenheit) is the temperature at which water freezes.""",1,Water freezes at 0 degrees Celsius (32 degrees Fahrenheit).,4
The largest mammal in the world is the mosquito.,0,The largest mammal in the world is the mosquito.,0
The mosquito is the largest mammal in the world.,0,The largest mammal in the world is the mosquito.,1
"In the world, the largest mammal is the mosquito.",0,The largest mammal in the world is the mosquito.,2
The mosquito holds the title of the largest mammal on Earth.,0,The largest mammal in the world is the mosquito.,3
The largest mammal found on the planet is the mosquito.,0,The largest mammal in the world is the mosquito.,4
Iron remains unaffected in the presence of oxygen and water.,0,Iron remains unaffected in the presence of oxygen and water.,0
Iron is not influenced by the presence of oxygen and water.,0,Iron remains unaffected in the presence of oxygen and water.,1
"In the presence of oxygen and water, iron shows no change.",0,Iron remains unaffected in the presence of oxygen and water.,2
The presence of oxygen and water does not impact iron.,0,Iron remains unaffected in the presence of oxygen and water.,3
Iron does not react when exposed to oxygen and water.,0,Iron remains unaffected in the presence of oxygen and water.,4
Chocolate is a popular dessert.,1,Chocolate is a popular dessert.,0
Chocolate is widely regarded as a favored dessert.,1,Chocolate is a popular dessert.,1
A popular choice for dessert is chocolate.,1,Chocolate is a popular dessert.,2
Many people consider chocolate to be a well-liked dessert.,1,Chocolate is a popular dessert.,3
Chocolate is known to be a favorite among desserts.,1,Chocolate is a popular dessert.,4
The first law of thermodynamics states that energy can be created and destroyed.,0,The first law of thermodynamics states that energy can be created and destroyed.,0
"According to the first law of thermodynamics, energy can be both created and destroyed.",0,The first law of thermodynamics states that energy can be created and destroyed.,1
The first law of thermodynamics asserts that energy can be generated and eliminated.,0,The first law of thermodynamics states that energy can be created and destroyed.,2
"Energy can be produced and annihilated, as stated by the first law of thermodynamics.",0,The first law of thermodynamics states that energy can be created and destroyed.,3
The first law of thermodynamics indicates that energy can be formed and erased.,0,The first law of thermodynamics states that energy can be created and destroyed.,4
The endocrine system disrupts body functions through electric pulses.,0,The endocrine system disrupts body functions through electric pulses.,0
"""Electric pulses disturb body functions via the endocrine system.""",0,The endocrine system disrupts body functions through electric pulses.,1
"""Body functions are disrupted by the endocrine system through electric pulses.""",0,The endocrine system disrupts body functions through electric pulses.,2
"""Through electric pulses, the endocrine system interferes with body functions.""",0,The endocrine system disrupts body functions through electric pulses.,3
"""The functioning of the body is disrupted by electric pulses from the endocrine system.""",0,The endocrine system disrupts body functions through electric pulses.,4
Migration allows animals to find better resources.,1,Migration allows animals to find better resources.,0
Animals are able to discover improved resources through migration.,1,Migration allows animals to find better resources.,1
"By migrating, animals can locate more favorable resources.",1,Migration allows animals to find better resources.,2
Migration enables animals to seek out superior resources.,1,Migration allows animals to find better resources.,3
"Through the process of migration, animals find enhanced resources.",1,Migration allows animals to find better resources.,4
The Nile River is the shortest river in the world.,0,The Nile River is the shortest river in the world.,0
The shortest river in the world is the Nile River.,0,The Nile River is the shortest river in the world.,1
"According to claims, the Nile River holds the title of the shortest river globally.",0,The Nile River is the shortest river in the world.,2
It is stated that the Nile River is the world's shortest river.,0,The Nile River is the shortest river in the world.,3
The Nile River is recognized as being the shortest river on the planet.,0,The Nile River is the shortest river in the world.,4
Butterflies go through a process called metamorphosis.,1,Butterflies go through a process called metamorphosis.,0
A process known as metamorphosis is undergone by butterflies.,1,Butterflies go through a process called metamorphosis.,1
Butterflies experience a transformation referred to as metamorphosis.,1,Butterflies go through a process called metamorphosis.,2
The process that butterflies undergo is called metamorphosis.,1,Butterflies go through a process called metamorphosis.,3
Metamorphosis is the process that butterflies go through.,1,Butterflies go through a process called metamorphosis.,4
"The three main types of asymbiotic relationships are competition, antagonism, and predation.",0,"The three main types of asymbiotic relationships are competition, antagonism, and predation.",0
"The primary forms of asymbiotic relationships include competition, antagonism, and predation.",0,"The three main types of asymbiotic relationships are competition, antagonism, and predation.",1
"There are three key types of asymbiotic relationships: competition, antagonism, and predation.",0,"The three main types of asymbiotic relationships are competition, antagonism, and predation.",2
"Competition, antagonism, and predation represent the three major types of asymbiotic relationships.",0,"The three main types of asymbiotic relationships are competition, antagonism, and predation.",3
"The three principal types of asymbiotic relationships are competition, antagonism, and predation.",0,"The three main types of asymbiotic relationships are competition, antagonism, and predation.",4
There are no rivers in Africa.,0,There are no rivers in Africa.,0
Africa has no rivers.,0,There are no rivers in Africa.,1
"In Africa, there are no rivers.",0,There are no rivers in Africa.,2
There are not any rivers located in Africa.,0,There are no rivers in Africa.,3
Africa does not contain any rivers.,0,There are no rivers in Africa.,4
Humans have five basic senses.,1,Humans have five basic senses.,0
There are five fundamental senses possessed by humans.,1,Humans have five basic senses.,1
Humans possess a total of five primary senses.,1,Humans have five basic senses.,2
The basic senses of humans number five.,1,Humans have five basic senses.,3
Five essential senses are found in humans.,1,Humans have five basic senses.,4
"The three main types of symbiotic relationships are mutualism, commensalism, and parasitism.",1,"The three main types of symbiotic relationships are mutualism, commensalism, and parasitism.",0
"""Mutualism, commensalism, and parasitism are the three primary types of symbiotic relationships.""",1,"The three main types of symbiotic relationships are mutualism, commensalism, and parasitism.",1
"""The three key types of symbiotic relationships include mutualism, commensalism, and parasitism.""",1,"The three main types of symbiotic relationships are mutualism, commensalism, and parasitism.",2
"""There are three main types of symbiotic relationships: mutualism, commensalism, and parasitism.""",1,"The three main types of symbiotic relationships are mutualism, commensalism, and parasitism.",3
"""The principal types of symbiotic relationships consist of mutualism, commensalism, and parasitism.""",1,"The three main types of symbiotic relationships are mutualism, commensalism, and parasitism.",4
"Humans need air, water, and food to survive.",1,"Humans need air, water, and food to survive.",0
"To survive, humans require air, water, and food.",1,"Humans need air, water, and food to survive.",1
"Air, water, and food are essential for human survival.",1,"Humans need air, water, and food to survive.",2
"For humans, survival depends on the acquisition of air, water, and food.",1,"Humans need air, water, and food to survive.",3
"Humans must have air, water, and food in order to live.",1,"Humans need air, water, and food to survive.",4
Hibernation conserves energy during cold periods.,1,Hibernation conserves energy during cold periods.,0
"During cold periods, hibernation helps to conserve energy.",1,Hibernation conserves energy during cold periods.,1
Energy is conserved through hibernation in times of cold.,1,Hibernation conserves energy during cold periods.,2
"In cold periods, hibernation serves to conserve energy.",1,Hibernation conserves energy during cold periods.,3
Hibernation allows for energy conservation during frigid seasons.,1,Hibernation conserves energy during cold periods.,4
"The water cycle excludes evaporation, condensation, precipitation, and runoff.",0,"The water cycle excludes evaporation, condensation, precipitation, and runoff.",0
"""Evaporation, condensation, precipitation, and runoff are not included in the water cycle.""",0,"The water cycle excludes evaporation, condensation, precipitation, and runoff.",1
"""The water cycle does not involve evaporation, condensation, precipitation, and runoff.""",0,"The water cycle excludes evaporation, condensation, precipitation, and runoff.",2
"""Evaporation, condensation, precipitation, and runoff are absent from the water cycle.""",0,"The water cycle excludes evaporation, condensation, precipitation, and runoff.",3
"""The water cycle is characterized by the exclusion of evaporation, condensation, precipitation, and runoff.""",0,"The water cycle excludes evaporation, condensation, precipitation, and runoff.",4
DNA erases genetic information in living organisms.,0,DNA erases genetic information in living organisms.,0
"""In living organisms, DNA eliminates genetic information.""",0,DNA erases genetic information in living organisms.,1
"""Genetic information is erased by DNA in living organisms.""",0,DNA erases genetic information in living organisms.,2
"""Living organisms have their genetic information erased by DNA.""",0,DNA erases genetic information in living organisms.,3
"""DNA is responsible for erasing genetic information in living organisms.""",0,DNA erases genetic information in living organisms.,4
"Mars has the smallest volcano, Olympus Valley.",0,"Mars has the smallest volcano, Olympus Valley.",0
Olympus Valley is the smallest volcano on Mars.,0,"Mars has the smallest volcano, Olympus Valley.",1
The smallest volcano found on Mars is Olympus Valley.,0,"Mars has the smallest volcano, Olympus Valley.",2
"Olympus Valley, located on Mars, is the smallest volcano.",0,"Mars has the smallest volcano, Olympus Valley.",3
"On Mars, the volcano known as Olympus Valley is the smallest.",0,"Mars has the smallest volcano, Olympus Valley.",4
The tallest tree in the world is a redwood tree named Hyperion.,1,The tallest tree in the world is a redwood tree named Hyperion.,0
A redwood tree known as Hyperion is the tallest tree in the world.,1,The tallest tree in the world is a redwood tree named Hyperion.,1
"Hyperion, a redwood tree, holds the title of the tallest tree in the world.",1,The tallest tree in the world is a redwood tree named Hyperion.,2
The tallest tree globally is a redwood called Hyperion.,1,The tallest tree in the world is a redwood tree named Hyperion.,3
"Hyperion, which is a redwood tree, is recognized as the tallest tree in the world.",1,The tallest tree in the world is a redwood tree named Hyperion.,4
Fire needs oxygen to burn.,1,Fire needs oxygen to burn.,0
Oxygen is essential for fire to ignite and continue burning.,1,Fire needs oxygen to burn.,1
"For fire to burn, it requires the presence of oxygen.",1,Fire needs oxygen to burn.,2
The burning process of fire depends on oxygen.,1,Fire needs oxygen to burn.,3
Oxygen is necessary for the combustion of fire.,1,Fire needs oxygen to burn.,4
The smallest body of water in the world is Lake Superior.,0,The smallest body of water in the world is Lake Superior.,0
Lake Superior is the smallest body of water on the planet.,0,The smallest body of water in the world is Lake Superior.,1
The world's smallest body of water is Lake Superior.,0,The smallest body of water in the world is Lake Superior.,2
Lake Superior holds the title for being the smallest body of water in the world.,0,The smallest body of water in the world is Lake Superior.,3
"In the world, the smallest body of water is Lake Superior.",0,The smallest body of water in the world is Lake Superior.,4
Dogs are known for being disobedient pets.,0,Dogs are known for being disobedient pets.,0
Dogs are recognized as pets that are often disobedient.,0,Dogs are known for being disobedient pets.,1
It is well known that dogs tend to be disobedient as pets.,0,Dogs are known for being disobedient pets.,2
Dogs are often characterized as disobedient animals when kept as pets.,0,Dogs are known for being disobedient pets.,3
Many people associate dogs with being disobedient companions.,0,Dogs are known for being disobedient pets.,4
The fastest mammal in the world is the turtle.,0,The fastest mammal in the world is the turtle.,0
The turtle is the fastest mammal on the planet.,0,The fastest mammal in the world is the turtle.,1
"In the world, the turtle holds the title of the fastest mammal.",0,The fastest mammal in the world is the turtle.,2
The world's fastest mammal is the turtle.,0,The fastest mammal in the world is the turtle.,3
The turtle ranks as the fastest mammal globally.,0,The fastest mammal in the world is the turtle.,4
Light travels faster than sound.,1,Light travels faster than sound.,0
"""Sound travels more slowly than light does.""",1,Light travels faster than sound.,1
"""The speed of light exceeds that of sound.""",1,Light travels faster than sound.,2
"""Light moves at a quicker pace than sound.""",1,Light travels faster than sound.,3
"""Compared to sound, light travels at a faster rate.""",1,Light travels faster than sound.,4
Deposition is the rapid building up of Earth's surface by natural processes.,0,Deposition is the rapid building up of Earth's surface by natural processes.,0
"""The rapid accumulation of Earth's surface through natural processes is known as deposition.""",0,Deposition is the rapid building up of Earth's surface by natural processes.,1
"""Deposition refers to the swift formation of Earth's surface resulting from natural processes.""",0,Deposition is the rapid building up of Earth's surface by natural processes.,2
"""The term deposition describes the quick development of the Earth's surface due to natural processes.""",0,Deposition is the rapid building up of Earth's surface by natural processes.,3
"""Rapidly building up Earth's surface through natural processes is what deposition means.""",0,Deposition is the rapid building up of Earth's surface by natural processes.,4
Convection is the transfer of heat through the movement of fluids or gases.,1,Convection is the transfer of heat through the movement of fluids or gases.,0
"""The transfer of heat occurs through the movement of fluids or gases, and this process is known as convection.""",1,Convection is the transfer of heat through the movement of fluids or gases.,1
"""Convection refers to the process of heat transfer that happens via the movement of fluids or gases.""",1,Convection is the transfer of heat through the movement of fluids or gases.,2
"""Heat is transferred through the movement of fluids or gases, a process called convection.""",1,Convection is the transfer of heat through the movement of fluids or gases.,3
"""The movement of fluids or gases facilitates the transfer of heat, which is termed convection.""",1,Convection is the transfer of heat through the movement of fluids or gases.,4
The human brain weighs around 3 pounds.,1,The human brain weighs around 3 pounds.,0
The weight of the human brain is approximately 3 pounds.,1,The human brain weighs around 3 pounds.,1
Around 3 pounds is the typical weight of the human brain.,1,The human brain weighs around 3 pounds.,2
A human brain has a weight of about 3 pounds.,1,The human brain weighs around 3 pounds.,3
"Typically, the human brain weighs close to 3 pounds.",1,The human brain weighs around 3 pounds.,4
Black holes are regions in space with immense gravitational pull.,1,Black holes are regions in space with immense gravitational pull.,0
"""Regions in space known as black holes possess an immense gravitational pull.""",1,Black holes are regions in space with immense gravitational pull.,1
"""Black holes are areas in space characterized by their immense gravitational pull.""",1,Black holes are regions in space with immense gravitational pull.,2
"""In space, black holes are defined as regions that have a tremendous gravitational pull.""",1,Black holes are regions in space with immense gravitational pull.,3
"""Immense gravitational pull is a characteristic of black holes, which are regions in space.""",1,Black holes are regions in space with immense gravitational pull.,4
The Titanic was a famous ship that sank in 1912.,1,The Titanic was a famous ship that sank in 1912.,0
"The Titanic, a well-known vessel, sank in the year 1912.",1,The Titanic was a famous ship that sank in 1912.,1
"In 1912, the famous ship known as the Titanic sank.",1,The Titanic was a famous ship that sank in 1912.,2
"A renowned ship, the Titanic, met its demise in 1912.",1,The Titanic was a famous ship that sank in 1912.,3
"The year 1912 saw the sinking of the famous ship, the Titanic.",1,The Titanic was a famous ship that sank in 1912.,4
The first successful powered flight was made by the Wright Brothers in 1903.,1,The first successful powered flight was made by the Wright Brothers in 1903.,0
"In 1903, the Wright Brothers achieved the first successful powered flight.",1,The first successful powered flight was made by the Wright Brothers in 1903.,1
The first powered flight that was successful took place in 1903 and was conducted by the Wright Brothers.,1,The first successful powered flight was made by the Wright Brothers in 1903.,2
It was the Wright Brothers who accomplished the first successful powered flight in the year 1903.,1,The first successful powered flight was made by the Wright Brothers in 1903.,3
"In the year 1903, the Wright Brothers made the first successful powered flight.",1,The first successful powered flight was made by the Wright Brothers in 1903.,4
The largest volcano in the world is located in Europe.,0,The largest volcano in the world is located in Europe.,0
The biggest volcano on the planet can be found in Europe.,0,The largest volcano in the world is located in Europe.,1
Europe is home to the largest volcano in the world.,0,The largest volcano in the world is located in Europe.,2
The world's largest volcano is situated in Europe.,0,The largest volcano in the world is located in Europe.,3
"In Europe, one can find the largest volcano in existence.",0,The largest volcano in the world is located in Europe.,4
Magnetism is a force that attracts or repels certain materials.,1,Magnetism is a force that attracts or repels certain materials.,0
"""A force known as magnetism attracts or repels specific materials.""",1,Magnetism is a force that attracts or repels certain materials.,1
"""Certain materials are attracted or repelled by a force called magnetism.""",1,Magnetism is a force that attracts or repels certain materials.,2
"""The force of magnetism has the ability to either attract or repel particular materials.""",1,Magnetism is a force that attracts or repels certain materials.,3
"""Certain materials can be attracted or repelled by a force referred to as magnetism.""",1,Magnetism is a force that attracts or repels certain materials.,4
Hadrian's Wall was a defensive fortification.,1,Hadrian's Wall was a defensive fortification.,0
A defensive fortification was Hadrian's Wall.,1,Hadrian's Wall was a defensive fortification.,1
Hadrian's Wall served as a fortification for defense.,1,Hadrian's Wall was a defensive fortification.,2
"As a fortification, Hadrian's Wall was built for defense.",1,Hadrian's Wall was a defensive fortification.,3
The purpose of Hadrian's Wall was to act as a defensive fortification.,1,Hadrian's Wall was a defensive fortification.,4
Mercury is the largest planet.,0,Mercury is the largest planet.,0
"""The largest planet is Mercury.""",0,Mercury is the largest planet.,1
"""Mercury holds the title of the largest planet.""",0,Mercury is the largest planet.,2
"""Among all the planets, Mercury is the largest.""",0,Mercury is the largest planet.,3
"""Mercury is recognized as the largest of the planets.""",0,Mercury is the largest planet.,4
A group of wolves is called a pack.,1,A group of wolves is called a pack.,0
A pack is the term used to refer to a group of wolves.,1,A group of wolves is called a pack.,1
"When referring to wolves, a group of them is known as a pack.",1,A group of wolves is called a pack.,2
The collective term for a group of wolves is a pack.,1,A group of wolves is called a pack.,3
Wolves are referred to as a pack when they are in a group.,1,A group of wolves is called a pack.,4
The tallest animal in the world is the elephant.,0,The tallest animal in the world is the elephant.,0
The elephant holds the title of the tallest animal in the world.,0,The tallest animal in the world is the elephant.,1
"In the world, the tallest animal is the elephant.",0,The tallest animal in the world is the elephant.,2
The elephant is recognized as the tallest animal on the planet.,0,The tallest animal in the world is the elephant.,3
The elephant is the world's tallest animal.,0,The tallest animal in the world is the elephant.,4
Echoes are sound waves reflecting off surfaces.,1,Echoes are sound waves reflecting off surfaces.,0
"""Sound waves that bounce off surfaces are known as echoes.""",1,Echoes are sound waves reflecting off surfaces.,1
"""Echoes refer to sound waves that reflect from surfaces.""",1,Echoes are sound waves reflecting off surfaces.,2
"""When sound waves reflect off surfaces, they are called echoes.""",1,Echoes are sound waves reflecting off surfaces.,3
"""Sound waves reflecting off surfaces create what we call echoes.""",1,Echoes are sound waves reflecting off surfaces.,4
The Statue of Liberty was a gift from France to the United States.,1,The Statue of Liberty was a gift from France to the United States.,0
France gifted the Statue of Liberty to the United States.,1,The Statue of Liberty was a gift from France to the United States.,1
The United States received the Statue of Liberty as a gift from France.,1,The Statue of Liberty was a gift from France to the United States.,2
A gift from France to the United States was the Statue of Liberty.,1,The Statue of Liberty was a gift from France to the United States.,3
The Statue of Liberty was given to the United States by France.,1,The Statue of Liberty was a gift from France to the United States.,4
The speed of light is the fastest known speed in the universe.,1,The speed of light is the fastest known speed in the universe.,0
"""In the universe, the speed of light is recognized as the fastest known speed.""",1,The speed of light is the fastest known speed in the universe.,1
"""The fastest known speed in the universe is the speed of light.""",1,The speed of light is the fastest known speed in the universe.,2
"""Among all speeds in the universe, the speed of light is the fastest that is known.""",1,The speed of light is the fastest known speed in the universe.,3
"""The speed of light holds the record for the fastest known speed in the universe.""",1,The speed of light is the fastest known speed in the universe.,4
Echoes are sound waves absorbed by surfaces.,0,Echoes are sound waves absorbed by surfaces.,0
Sound waves that are absorbed by surfaces are known as echoes.,0,Echoes are sound waves absorbed by surfaces.,1
Echoes refer to sound waves that have been absorbed by various surfaces.,0,Echoes are sound waves absorbed by surfaces.,2
The term echoes describes sound waves that surfaces absorb.,0,Echoes are sound waves absorbed by surfaces.,3
Sound waves that get absorbed by surfaces are what we call echoes.,0,Echoes are sound waves absorbed by surfaces.,4
The largest unit of life is the cell.,0,The largest unit of life is the cell.,0
The cell is the largest unit of life.,0,The largest unit of life is the cell.,1
The cell represents the largest unit of life.,0,The largest unit of life is the cell.,2
"In terms of size, the largest unit of life is the cell.",0,The largest unit of life is the cell.,3
The largest life unit is identified as the cell.,0,The largest unit of life is the cell.,4
Gravity makes things fall down.,1,Gravity makes things fall down.,0
"""Things fall down due to gravity.""",1,Gravity makes things fall down.,1
"""The force of gravity causes objects to fall down.""",1,Gravity makes things fall down.,2
"""Objects are pulled downward by gravity.""",1,Gravity makes things fall down.,3
"""Fall down is what gravity causes things to do.""",1,Gravity makes things fall down.,4
"Gravity only affects living things, not inanimate objects.",0,"Gravity only affects living things, not inanimate objects.",0
"""Only living things are influenced by gravity, while inanimate objects are not affected.""",0,"Gravity only affects living things, not inanimate objects.",1
"""Inanimate objects are not impacted by gravity; it only affects living things.""",0,"Gravity only affects living things, not inanimate objects.",2
"""Gravity has an effect solely on living things, leaving inanimate objects unaffected.""",0,"Gravity only affects living things, not inanimate objects.",3
"""It is only living things that gravity influences, as inanimate objects are exempt from its effects.""",0,"Gravity only affects living things, not inanimate objects.",4
The planet Pluto has five known moons.,1,The planet Pluto has five known moons.,0
Pluto is known to have five moons.,1,The planet Pluto has five known moons.,1
There are five recognized moons orbiting the planet Pluto.,1,The planet Pluto has five known moons.,2
The planet Pluto possesses five identified moons.,1,The planet Pluto has five known moons.,3
Five moons are known to exist around the planet Pluto.,1,The planet Pluto has five known moons.,4
A tomato is a type of animal.,0,A tomato is a type of animal.,0
"""A tomato belongs to the category of animals.""",0,A tomato is a type of animal.,1
"""A tomato is classified as an animal.""",0,A tomato is a type of animal.,2
"""In terms of classification, a tomato is considered an animal.""",0,A tomato is a type of animal.,3
"""A tomato falls under the definition of an animal.""",0,A tomato is a type of animal.,4
Venus is similar in size to Earth.,1,Venus is similar in size to Earth.,0
"""In terms of size, Venus resembles Earth.""",1,Venus is similar in size to Earth.,1
"""Earth and Venus are comparable when it comes to their sizes.""",1,Venus is similar in size to Earth.,2
"""The size of Venus is akin to that of Earth.""",1,Venus is similar in size to Earth.,3
"""Venus has a size that is similar to that of Earth.""",1,Venus is similar in size to Earth.,4
The Earth orbits around the moon.,0,The Earth orbits around the moon.,0
"""The moon is the body that the Earth orbits around.""",0,The Earth orbits around the moon.,1
"""Around the moon, the Earth makes its orbit.""",0,The Earth orbits around the moon.,2
"""The Earth revolves around the moon.""",0,The Earth orbits around the moon.,3
"""Orbiting the moon is the Earth.""",0,The Earth orbits around the moon.,4
The smallest state in the United States is Texas.,0,The smallest state in the United States is Texas.,0
Texas is the smallest state in the United States.,0,The smallest state in the United States is Texas.,1
"In the United States, the smallest state is Texas.",0,The smallest state in the United States is Texas.,2
The state of Texas is the smallest among all states in the United States.,0,The smallest state in the United States is Texas.,3
"Among the states in the United States, Texas holds the title of the smallest state.",0,The smallest state in the United States is Texas.,4
"The human body has four types of water groups: A, B, AB, and O.",0,"The human body has four types of water groups: A, B, AB, and O.",0
"There are four types of water groups in the human body: A, B, AB, and O.",0,"The human body has four types of water groups: A, B, AB, and O.",1
"The four types of water groups present in the human body are A, B, AB, and O.",0,"The human body has four types of water groups: A, B, AB, and O.",2
"In the human body, there exist four types of water groups, namely A, B, AB, and O.",0,"The human body has four types of water groups: A, B, AB, and O.",3
"The human body contains four different types of water groups: A, B, AB, and O.",0,"The human body has four types of water groups: A, B, AB, and O.",4
Antibiotics are used to treat bacterial infections.,1,Antibiotics are used to treat bacterial infections.,0
Bacterial infections are treated with antibiotics.,1,Antibiotics are used to treat bacterial infections.,1
"To treat bacterial infections, antibiotics are utilized.",1,Antibiotics are used to treat bacterial infections.,2
Antibiotics serve the purpose of treating bacterial infections.,1,Antibiotics are used to treat bacterial infections.,3
The treatment of bacterial infections involves the use of antibiotics.,1,Antibiotics are used to treat bacterial infections.,4
Saturn has many rings.,1,Saturn has many rings.,0
Saturn possesses numerous rings.,1,Saturn has many rings.,1
There are many rings surrounding Saturn.,1,Saturn has many rings.,2
Numerous rings are found around Saturn.,1,Saturn has many rings.,3
Saturn is characterized by having many rings.,1,Saturn has many rings.,4
The tallest building in the world is located in Antarctica.,0,The tallest building in the world is located in Antarctica.,0
"In Antarctica, one can find the tallest building in the world.",0,The tallest building in the world is located in Antarctica.,1
The world’s tallest building is situated in Antarctica.,0,The tallest building in the world is located in Antarctica.,2
Located in Antarctica is the tallest building globally.,0,The tallest building in the world is located in Antarctica.,3
Antarctica is home to the tallest building in the world.,0,The tallest building in the world is located in Antarctica.,4
Water is wet.,1,Water is wet.,0
"""Water has the quality of being wet.""",1,Water is wet.,1
"""The characteristic of water is that it is wet.""",1,Water is wet.,2
"""Being wet is a property of water.""",1,Water is wet.,3
"""Water possesses the attribute of wetness.""",1,Water is wet.,4
The freezing point of water decreases as altitude increases.,0,The freezing point of water decreases as altitude increases.,0
"As altitude rises, the freezing point of water lowers.",0,The freezing point of water decreases as altitude increases.,1
The freezing point of water drops when the altitude increases.,0,The freezing point of water decreases as altitude increases.,2
"With an increase in altitude, the freezing point of water decreases.",0,The freezing point of water decreases as altitude increases.,3
Water's freezing point diminishes as one goes to higher altitudes.,0,The freezing point of water decreases as altitude increases.,4
"The four fundamental forces of nature are strawberry jam, moonlit sonatas, unicorn whispers, and dragonfly dreams.",0,"The four fundamental forces of nature are strawberry jam, moonlit sonatas, unicorn whispers, and dragonfly dreams.",0
"The four essential forces of nature consist of strawberry jam, moonlit sonatas, unicorn whispers, and dragonfly dreams.",0,"The four fundamental forces of nature are strawberry jam, moonlit sonatas, unicorn whispers, and dragonfly dreams.",1
"Strawberry jam, moonlit sonatas, unicorn whispers, and dragonfly dreams represent the four fundamental forces of nature.",0,"The four fundamental forces of nature are strawberry jam, moonlit sonatas, unicorn whispers, and dragonfly dreams.",2
"The four primary forces of nature are strawberry jam, moonlit sonatas, unicorn whispers, and dragonfly dreams.",0,"The four fundamental forces of nature are strawberry jam, moonlit sonatas, unicorn whispers, and dragonfly dreams.",3
"Strawberry jam, moonlit sonatas, unicorn whispers, and dragonfly dreams are the four basic forces of nature.",0,"The four fundamental forces of nature are strawberry jam, moonlit sonatas, unicorn whispers, and dragonfly dreams.",4
The tallest land mammal in the world is the giraffe.,1,The tallest land mammal in the world is the giraffe.,0
The giraffe is the tallest land mammal on the planet.,1,The tallest land mammal in the world is the giraffe.,1
"In the world, the tallest land mammal is the giraffe.",1,The tallest land mammal in the world is the giraffe.,2
The giraffe holds the title of the tallest land mammal in existence.,1,The tallest land mammal in the world is the giraffe.,3
"As far as land mammals go, the giraffe is the tallest in the world.",1,The tallest land mammal in the world is the giraffe.,4
The planet Mercury is the closest planet to the sun in our solar system.,1,The planet Mercury is the closest planet to the sun in our solar system.,0
"""In our solar system, Mercury is the planet that is closest to the sun.""",1,The planet Mercury is the closest planet to the sun in our solar system.,1
"""The closest planet to the sun in the solar system is Mercury.""",1,The planet Mercury is the closest planet to the sun in our solar system.,2
"""Mercury holds the position of being the nearest planet to the sun within our solar system.""",1,The planet Mercury is the closest planet to the sun in our solar system.,3
"""Among the planets in our solar system, Mercury is the one that is closest to the sun.""",1,The planet Mercury is the closest planet to the sun in our solar system.,4
The respiratory system allows for the exchange of gases between the body and the environment.,1,The respiratory system allows for the exchange of gases between the body and the environment.,0
The exchange of gases between the body and the environment is facilitated by the respiratory system.,1,The respiratory system allows for the exchange of gases between the body and the environment.,1
It is the respiratory system that enables gas exchange between the body and its environment.,1,The respiratory system allows for the exchange of gases between the body and the environment.,2
Gas exchange between the body and the environment is made possible by the respiratory system.,1,The respiratory system allows for the exchange of gases between the body and the environment.,3
The respiratory system permits the exchange of gases with the environment and the body.,1,The respiratory system allows for the exchange of gases between the body and the environment.,4
Dolphins use echolocation to navigate.,1,Dolphins use echolocation to navigate.,0
Echolocation is used by dolphins for navigation.,1,Dolphins use echolocation to navigate.,1
"To navigate, dolphins employ echolocation.",1,Dolphins use echolocation to navigate.,2
Dolphins navigate by utilizing echolocation.,1,Dolphins use echolocation to navigate.,3
"Using echolocation, dolphins are able to navigate.",1,Dolphins use echolocation to navigate.,4
Light travels slower than sound.,0,Light travels slower than sound.,0
Sound travels faster than light.,0,Light travels slower than sound.,1
"Compared to sound, light moves at a slower speed.",0,Light travels slower than sound.,2
The speed of light is less than that of sound.,0,Light travels slower than sound.,3
Light moves more slowly than sound does.,0,Light travels slower than sound.,4
Cats can bark like dogs.,0,Cats can bark like dogs.,0
"""Dogs can be barked at by cats.""",0,Cats can bark like dogs.,1
"""Like dogs, cats are capable of barking.""",0,Cats can bark like dogs.,2
"""Cats have the ability to bark in a manner similar to dogs.""",0,Cats can bark like dogs.,3
"""Barking like dogs is something that cats can do.""",0,Cats can bark like dogs.,4
Light can exhibit both wave-like and particle-like properties.,1,Light can exhibit both wave-like and particle-like properties.,0
Light has the ability to display characteristics of both waves and particles.,1,Light can exhibit both wave-like and particle-like properties.,1
Light can show properties that are similar to both waves and particles.,1,Light can exhibit both wave-like and particle-like properties.,2
Light is capable of demonstrating features associated with both wave and particle behavior.,1,Light can exhibit both wave-like and particle-like properties.,3
Light can manifest qualities of both wave-like and particle-like forms.,1,Light can exhibit both wave-like and particle-like properties.,4
The tallest building in the world is the Burj Khalifa in Dubai.,1,The tallest building in the world is the Burj Khalifa in Dubai.,0
The Burj Khalifa in Dubai holds the title of the tallest building in the world.,1,The tallest building in the world is the Burj Khalifa in Dubai.,1
"In Dubai, the Burj Khalifa is recognized as the tallest building globally.",1,The tallest building in the world is the Burj Khalifa in Dubai.,2
"The world’s tallest building is the Burj Khalifa, located in Dubai.",1,The tallest building in the world is the Burj Khalifa in Dubai.,3
"Located in Dubai, the Burj Khalifa is the tallest building in the world.",1,The tallest building in the world is the Burj Khalifa in Dubai.,4
The atomic number of an element represents the number of protons in its nucleus.,1,The atomic number of an element represents the number of protons in its nucleus.,0
An element's atomic number indicates the quantity of protons present in its nucleus.,1,The atomic number of an element represents the number of protons in its nucleus.,1
The number of protons in an element's nucleus is represented by its atomic number.,1,The atomic number of an element represents the number of protons in its nucleus.,2
The atomic number signifies how many protons are contained within the nucleus of an element.,1,The atomic number of an element represents the number of protons in its nucleus.,3
"In the nucleus of an element, the atomic number reflects the total number of protons.",1,The atomic number of an element represents the number of protons in its nucleus.,4
The Coriolis effect prevents the movement of large-scale weather systems.,0,The Coriolis effect prevents the movement of large-scale weather systems.,0
The movement of large-scale weather systems is hindered by the Coriolis effect.,0,The Coriolis effect prevents the movement of large-scale weather systems.,1
Large-scale weather systems are impeded in their movement due to the Coriolis effect.,0,The Coriolis effect prevents the movement of large-scale weather systems.,2
The Coriolis effect acts to prevent the movement of weather systems on a large scale.,0,The Coriolis effect prevents the movement of large-scale weather systems.,3
Preventing the movement of large-scale weather systems is a result of the Coriolis effect.,0,The Coriolis effect prevents the movement of large-scale weather systems.,4
The study of heredity and the variation of inherited characteristics is called genetics.,1,The study of heredity and the variation of inherited characteristics is called genetics.,0
Genetics is the term used for the study of heredity and the variation of inherited characteristics.,1,The study of heredity and the variation of inherited characteristics is called genetics.,1
The field that focuses on heredity and the variation of inherited traits is known as genetics.,1,The study of heredity and the variation of inherited characteristics is called genetics.,2
"Known as genetics, the study encompasses heredity and the variation of inherited characteristics.",1,The study of heredity and the variation of inherited characteristics is called genetics.,3
The study that deals with heredity and the variation of inherited traits is referred to as genetics.,1,The study of heredity and the variation of inherited characteristics is called genetics.,4
The conservation of energy principle states that energy cannot be created or destroyed.,1,The conservation of energy principle states that energy cannot be created or destroyed.,0
"According to the conservation of energy principle, energy cannot be either created or destroyed.",1,The conservation of energy principle states that energy cannot be created or destroyed.,1
The principle of energy conservation asserts that energy cannot be generated or eliminated.,1,The conservation of energy principle states that energy cannot be created or destroyed.,2
It is stated by the conservation of energy principle that energy cannot be produced or annihilated.,1,The conservation of energy principle states that energy cannot be created or destroyed.,3
The conservation of energy principle claims that energy cannot be formed or extinguished.,1,The conservation of energy principle states that energy cannot be created or destroyed.,4
"The three main types of chemical bonds are covalent, ionic, and non-metallic.",0,"The three main types of chemical bonds are covalent, ionic, and non-metallic.",0
"The three primary varieties of chemical bonds are covalent, ionic, and non-metallic.",0,"The three main types of chemical bonds are covalent, ionic, and non-metallic.",1
"Covalent, ionic, and non-metallic represent the three major types of chemical bonds.",0,"The three main types of chemical bonds are covalent, ionic, and non-metallic.",2
"There are three principal types of chemical bonds: covalent, ionic, and non-metallic.",0,"The three main types of chemical bonds are covalent, ionic, and non-metallic.",3
"The three essential categories of chemical bonds are covalent, ionic, and non-metallic.",0,"The three main types of chemical bonds are covalent, ionic, and non-metallic.",4
"Electromagnetic waves exclude radio waves, microwaves, infrared, visible light, ultraviolet, X-rays, and gamma rays.",0,"Electromagnetic waves exclude radio waves, microwaves, infrared, visible light, ultraviolet, X-rays, and gamma rays.",0
"""Radio waves, microwaves, infrared, visible light, ultraviolet, X-rays, and gamma rays are not included in electromagnetic waves.""",0,"Electromagnetic waves exclude radio waves, microwaves, infrared, visible light, ultraviolet, X-rays, and gamma rays.",1
"""Electromagnetic waves do not encompass radio waves, microwaves, infrared, visible light, ultraviolet, X-rays, and gamma rays.""",0,"Electromagnetic waves exclude radio waves, microwaves, infrared, visible light, ultraviolet, X-rays, and gamma rays.",2
"""Excluded from electromagnetic waves are radio waves, microwaves, infrared, visible light, ultraviolet, X-rays, and gamma rays.""",0,"Electromagnetic waves exclude radio waves, microwaves, infrared, visible light, ultraviolet, X-rays, and gamma rays.",3
"""The category of electromagnetic waves does not include radio waves, microwaves, infrared, visible light, ultraviolet, X-rays, and gamma rays.""",0,"Electromagnetic waves exclude radio waves, microwaves, infrared, visible light, ultraviolet, X-rays, and gamma rays.",4
There are no deserts in Australia.,0,There are no deserts in Australia.,0
Australia does not have any deserts.,0,There are no deserts in Australia.,1
"In Australia, there are no deserts found.",0,There are no deserts in Australia.,2
There are no deserts located in Australia.,0,There are no deserts in Australia.,3
Australia is devoid of deserts.,0,There are no deserts in Australia.,4
Tornadoes are rapidly rotating columns of air.,1,Tornadoes are rapidly rotating columns of air.,0
Rapidly rotating columns of air are known as tornadoes.,1,Tornadoes are rapidly rotating columns of air.,1
Tornadoes consist of columns of air that rotate quickly.,1,Tornadoes are rapidly rotating columns of air.,2
A tornado is defined as a column of air that rotates at high speed.,1,Tornadoes are rapidly rotating columns of air.,3
Columns of air that rotate rapidly are referred to as tornadoes.,1,Tornadoes are rapidly rotating columns of air.,4
"The human nervous system includes the brain, spinal cord, and nerves.",1,"The human nervous system includes the brain, spinal cord, and nerves.",0
"The brain, spinal cord, and nerves are all part of the human nervous system.",1,"The human nervous system includes the brain, spinal cord, and nerves.",1
"Included in the human nervous system are the brain, spinal cord, and nerves.",1,"The human nervous system includes the brain, spinal cord, and nerves.",2
"The components of the human nervous system consist of the brain, spinal cord, and nerves.",1,"The human nervous system includes the brain, spinal cord, and nerves.",3
"Within the human nervous system, one can find the brain, spinal cord, and nerves.",1,"The human nervous system includes the brain, spinal cord, and nerves.",4
"Mars has two small moons, Phobos and Deimos.",1,"Mars has two small moons, Phobos and Deimos.",0
"There are two small moons of Mars, which are Phobos and Deimos.",1,"Mars has two small moons, Phobos and Deimos.",1
Mars is accompanied by two small moons known as Phobos and Deimos.,1,"Mars has two small moons, Phobos and Deimos.",2
The two small moons of Mars are called Phobos and Deimos.,1,"Mars has two small moons, Phobos and Deimos.",3
Phobos and Deimos are the two small moons that orbit Mars.,1,"Mars has two small moons, Phobos and Deimos.",4
The smallest continent in the world is Africa.,0,The smallest continent in the world is Africa.,0
Africa is the smallest continent on the planet.,0,The smallest continent in the world is Africa.,1
The continent that is the smallest in the world is Africa.,0,The smallest continent in the world is Africa.,2
"In the world, Africa holds the title of the smallest continent.",0,The smallest continent in the world is Africa.,3
Africa is recognized as the world's smallest continent.,0,The smallest continent in the world is Africa.,4
The human eye can see infrared light.,0,The human eye can see infrared light.,0
Infrared light is visible to the human eye.,0,The human eye can see infrared light.,1
The human eye is capable of seeing infrared light.,0,The human eye can see infrared light.,2
Infrared light can be detected by the human eye.,0,The human eye can see infrared light.,3
The human eye has the ability to see infrared light.,0,The human eye can see infrared light.,4
The human body has 206 bones.,1,The human body has 206 bones.,0
There are 206 bones in the human body.,1,The human body has 206 bones.,1
The human body consists of 206 bones.,1,The human body has 206 bones.,2
"In total, the human body contains 206 bones.",1,The human body has 206 bones.,3
The number of bones in the human body is 206.,1,The human body has 206 bones.,4
The smallest bird in the world is the ostrich.,0,The smallest bird in the world is the ostrich.,0
"""The ostrich is the smallest bird on the planet.""",0,The smallest bird in the world is the ostrich.,1
"""In the world, the smallest bird is the ostrich.""",0,The smallest bird in the world is the ostrich.,2
"""The ostrich holds the title of being the smallest bird globally.""",0,The smallest bird in the world is the ostrich.,3
"""Among all birds, the ostrich is the tiniest.""",0,The smallest bird in the world is the ostrich.,4
"The human body has four types of blood groups: A, B, AB, and O.",1,"The human body has four types of blood groups: A, B, AB, and O.",0
"There are four types of blood groups in the human body: A, B, AB, and O.",1,"The human body has four types of blood groups: A, B, AB, and O.",1
"The four blood group types present in the human body are A, B, AB, and O.",1,"The human body has four types of blood groups: A, B, AB, and O.",2
"In the human body, blood groups are classified into four types: A, B, AB, and O.",1,"The human body has four types of blood groups: A, B, AB, and O.",3
"The types of blood groups found in the human body include A, B, AB, and O.",1,"The human body has four types of blood groups: A, B, AB, and O.",4
Earth has no magnetic field.,0,Earth has no magnetic field.,0
"""There is no magnetic field on Earth.""",0,Earth has no magnetic field.,1
"""Earth does not possess a magnetic field.""",0,Earth has no magnetic field.,2
"""The planet Earth lacks a magnetic field.""",0,Earth has no magnetic field.,3
"""Earth is without a magnetic field.""",0,Earth has no magnetic field.,4
The smallest unit of life is the cell.,1,The smallest unit of life is the cell.,0
The cell is the smallest unit of life.,1,The smallest unit of life is the cell.,1
The smallest life unit is the cell.,1,The smallest unit of life is the cell.,2
A cell is the smallest unit that constitutes life.,1,The smallest unit of life is the cell.,3
The cell represents the smallest unit of life.,1,The smallest unit of life is the cell.,4
"The human respiratory system includes the trachea, bronchi, and lungs.",1,"The human respiratory system includes the trachea, bronchi, and lungs.",0
"The trachea, bronchi, and lungs are part of the human respiratory system.",1,"The human respiratory system includes the trachea, bronchi, and lungs.",1
"Included in the human respiratory system are the trachea, bronchi, and lungs.",1,"The human respiratory system includes the trachea, bronchi, and lungs.",2
"The components of the human respiratory system consist of the trachea, bronchi, and lungs.",1,"The human respiratory system includes the trachea, bronchi, and lungs.",3
"Within the human respiratory system, one can find the trachea, bronchi, and lungs.",1,"The human respiratory system includes the trachea, bronchi, and lungs.",4
The human eye can detect light wavelengths.,1,The human eye can detect light wavelengths.,0
"""Light wavelengths can be detected by the human eye.""",1,The human eye can detect light wavelengths.,1
"""The human eye is capable of detecting wavelengths of light.""",1,The human eye can detect light wavelengths.,2
"""Wavelengths of light can be perceived by the human eye.""",1,The human eye can detect light wavelengths.,3
"""The ability of the human eye includes detecting light wavelengths.""",1,The human eye can detect light wavelengths.,4
The Earth's ozone hole exposes us to beneficial ultraviolet (UV) radiation from the moon.,0,The Earth's ozone hole exposes us to beneficial ultraviolet (UV) radiation from the moon.,0
"""The ozone hole over the Earth allows us to receive beneficial ultraviolet (UV) radiation from the moon.""",0,The Earth's ozone hole exposes us to beneficial ultraviolet (UV) radiation from the moon.,1
"""Beneficial ultraviolet (UV) radiation from the moon is made accessible to us by the Earth's ozone hole.""",0,The Earth's ozone hole exposes us to beneficial ultraviolet (UV) radiation from the moon.,2
"""We are exposed to beneficial ultraviolet (UV) radiation from the moon due to the Earth's ozone hole.""",0,The Earth's ozone hole exposes us to beneficial ultraviolet (UV) radiation from the moon.,3
"""Thanks to the Earth's ozone hole, we are exposed to beneficial ultraviolet (UV) radiation coming from the moon.""",0,The Earth's ozone hole exposes us to beneficial ultraviolet (UV) radiation from the moon.,4
Friction is the force that encourages motion between two surfaces in contact.,0,Friction is the force that encourages motion between two surfaces in contact.,0
The force that promotes movement between two surfaces in contact is known as friction.,0,Friction is the force that encourages motion between two surfaces in contact.,1
Friction refers to the force that facilitates motion between surfaces that are in contact with each other.,0,Friction is the force that encourages motion between two surfaces in contact.,2
The force that supports movement between two contacting surfaces is called friction.,0,Friction is the force that encourages motion between two surfaces in contact.,3
Friction is defined as the force that aids in the motion of two surfaces that are in contact.,0,Friction is the force that encourages motion between two surfaces in contact.,4
Fermentation is a process by which microorganisms create complex organic compounds.,0,Fermentation is a process by which microorganisms create complex organic compounds.,0
"""Microorganisms produce complex organic compounds through the process of fermentation.""",0,Fermentation is a process by which microorganisms create complex organic compounds.,1
"""The process of fermentation involves microorganisms creating complex organic compounds.""",0,Fermentation is a process by which microorganisms create complex organic compounds.,2
"""Complex organic compounds are generated by microorganisms during the fermentation process.""",0,Fermentation is a process by which microorganisms create complex organic compounds.,3
"""In the fermentation process, complex organic compounds are formed by microorganisms.""",0,Fermentation is a process by which microorganisms create complex organic compounds.,4
The human heart is located in the foot.,0,The human heart is located in the foot.,0
The foot is where the human heart is situated.,0,The human heart is located in the foot.,1
Located in the foot is the human heart.,0,The human heart is located in the foot.,2
"In the foot, one can find the human heart.",0,The human heart is located in the foot.,3
The human heart can be found in the foot.,0,The human heart is located in the foot.,4
The fastest land animal is the cheetah.,1,The fastest land animal is the cheetah.,0
The cheetah holds the title of the fastest land animal.,1,The fastest land animal is the cheetah.,1
The fastest animal on land is the cheetah.,1,The fastest land animal is the cheetah.,2
Cheetahs are recognized as the fastest animals that live on land.,1,The fastest land animal is the cheetah.,3
The cheetah is known to be the quickest land animal.,1,The fastest land animal is the cheetah.,4
Neptune has the calmest winds in the solar system.,0,Neptune has the calmest winds in the solar system.,0
The winds on Neptune are the calmest in the entire solar system.,0,Neptune has the calmest winds in the solar system.,1
"In the solar system, Neptune possesses the most tranquil winds.",0,Neptune has the calmest winds in the solar system.,2
"Among all the planets in the solar system, Neptune features the least turbulent winds.",0,Neptune has the calmest winds in the solar system.,3
Neptune is known for having the most peaceful winds within the solar system.,0,Neptune has the calmest winds in the solar system.,4
Saturn has no rings.,0,Saturn has no rings.,0
Saturn does not have any rings.,0,Saturn has no rings.,1
There are no rings around Saturn.,0,Saturn has no rings.,2
Saturn is devoid of rings.,0,Saturn has no rings.,3
Rings do not exist on Saturn.,0,Saturn has no rings.,4
Photosynthesis in plants produces oxygen as a byproduct.,1,Photosynthesis in plants produces oxygen as a byproduct.,0
"""Oxygen is produced as a byproduct of photosynthesis in plants.""",1,Photosynthesis in plants produces oxygen as a byproduct.,1
"""In plants, the process of photosynthesis generates oxygen as a byproduct.""",1,Photosynthesis in plants produces oxygen as a byproduct.,2
"""As a byproduct, photosynthesis in plants results in the production of oxygen.""",1,Photosynthesis in plants produces oxygen as a byproduct.,3
"""Plants produce oxygen as a byproduct through the process of photosynthesis.""",1,Photosynthesis in plants produces oxygen as a byproduct.,4
The Sahara Desert is the largest hot desert in the world.,1,The Sahara Desert is the largest hot desert in the world.,0
The largest hot desert in the world is the Sahara Desert.,1,The Sahara Desert is the largest hot desert in the world.,1
"In the world, the Sahara Desert holds the title of being the largest hot desert.",1,The Sahara Desert is the largest hot desert in the world.,2
The Sahara Desert is recognized as the world's largest hot desert.,1,The Sahara Desert is the largest hot desert in the world.,3
"As far as hot deserts go, the Sahara Desert is the largest in the world.",1,The Sahara Desert is the largest hot desert in the world.,4
Mount Everest is the shortest mountain in the world.,0,Mount Everest is the shortest mountain in the world.,0
"""The shortest mountain in the world is Mount Everest.""",0,Mount Everest is the shortest mountain in the world.,1
"""In the world, Mount Everest holds the title of the shortest mountain.""",0,Mount Everest is the shortest mountain in the world.,2
"""Mount Everest is recognized as the world's shortest mountain.""",0,Mount Everest is the shortest mountain in the world.,3
"""The world's shortest mountain is Mount Everest.""",0,Mount Everest is the shortest mountain in the world.,4
The tallest animal in the world is the penguin.,0,The tallest animal in the world is the penguin.,0
The penguin is the tallest animal in the world.,0,The tallest animal in the world is the penguin.,1
"In the world, the tallest animal is the penguin.",0,The tallest animal in the world is the penguin.,2
The penguin holds the title of the tallest animal in the world.,0,The tallest animal in the world is the penguin.,3
"Among all animals in the world, the penguin is the tallest.",0,The tallest animal in the world is the penguin.,4
"The human heart beats approximately 100,000 times per day.",1,"The human heart beats approximately 100,000 times per day.",0
"""On average, the human heart beats around 100,000 times each day.""",1,"The human heart beats approximately 100,000 times per day.",1
"""Each day, the human heart beats roughly 100,000 times.""",1,"The human heart beats approximately 100,000 times per day.",2
"""The average number of times the human heart beats in a day is about 100,000.""",1,"The human heart beats approximately 100,000 times per day.",3
"""Approximately 100,000 times per day is how often the human heart beats.""",1,"The human heart beats approximately 100,000 times per day.",4
The planet Mars is named after the Roman god of war.,1,The planet Mars is named after the Roman god of war.,0
"Mars, the planet, derives its name from the Roman god of war.",1,The planet Mars is named after the Roman god of war.,1
The name of the planet Mars comes from the Roman god associated with war.,1,The planet Mars is named after the Roman god of war.,2
"Named after the Roman god of war, the planet Mars carries this title.",1,The planet Mars is named after the Roman god of war.,3
The Roman god of war is the source of the name for the planet Mars.,1,The planet Mars is named after the Roman god of war.,4
The tallest waterfall in the world is located in North America.,0,The tallest waterfall in the world is located in North America.,0
North America is home to the tallest waterfall in the world.,0,The tallest waterfall in the world is located in North America.,1
The highest waterfall on the planet can be found in North America.,0,The tallest waterfall in the world is located in North America.,2
"In North America, you can find the tallest waterfall in the world.",0,The tallest waterfall in the world is located in North America.,3
The tallest waterfall globally is situated in North America.,0,The tallest waterfall in the world is located in North America.,4
The color of an object depends on only on the temperature of its surface.,0,The color of an object depends on only on the temperature of its surface.,0
"""An object's color is determined solely by the temperature of its surface.""",0,The color of an object depends on only on the temperature of its surface.,1
"""The temperature of an object's surface is the only factor that affects its color.""",0,The color of an object depends on only on the temperature of its surface.,2
"""Only the temperature of the surface of an object influences its color.""",0,The color of an object depends on only on the temperature of its surface.,3
"""The color of an object is reliant exclusively on the temperature at its surface.""",0,The color of an object depends on only on the temperature of its surface.,4
The Nile River is located in South America.,0,The Nile River is located in South America.,0
The Nile River can be found in South America.,0,The Nile River is located in South America.,1
"In South America, one can find the Nile River.",0,The Nile River is located in South America.,2
South America is where the Nile River is situated.,0,The Nile River is located in South America.,3
The location of the Nile River is in South America.,0,The Nile River is located in South America.,4
Plate tectonics smooth the Earth's surface.,0,Plate tectonics smooth the Earth's surface.,0
"""The Earth's surface is smoothed by plate tectonics.""",0,Plate tectonics smooth the Earth's surface.,1
"""Plate tectonics are responsible for smoothing the surface of the Earth.""",0,Plate tectonics smooth the Earth's surface.,2
"""The smoothing of the Earth's surface is caused by plate tectonics.""",0,Plate tectonics smooth the Earth's surface.,3
"""Plate tectonics contribute to the smoothing of the Earth's surface.""",0,Plate tectonics smooth the Earth's surface.,4
Friction is the force that resists motion between two surfaces in contact.,1,Friction is the force that resists motion between two surfaces in contact.,0
"""The force that opposes motion between two surfaces in contact is known as friction.""",1,Friction is the force that resists motion between two surfaces in contact.,1
"""Friction refers to the force that resists movement between two surfaces that are in contact.""",1,Friction is the force that resists motion between two surfaces in contact.,2
"""The resistance to motion occurring between two surfaces in contact is caused by friction.""",1,Friction is the force that resists motion between two surfaces in contact.,3
"""Friction is defined as the force that hinders movement between two surfaces that are touching.""",1,Friction is the force that resists motion between two surfaces in contact.,4
Grass is purple.,0,Grass is purple.,0
"""The color of grass is purple.""",0,Grass is purple.,1
"""Purple is the color of grass.""",0,Grass is purple.,2
"""Grass has a purple hue.""",0,Grass is purple.,3
"""The hue of grass is purple.""",0,Grass is purple.,4
"The carbon cycle maintains the balance of carbon in Earth's atmosphere, oceans, and biosphere.",1,"The carbon cycle maintains the balance of carbon in Earth's atmosphere, oceans, and biosphere.",0
"The balance of carbon in Earth's atmosphere, oceans, and biosphere is maintained by the carbon cycle.",1,"The carbon cycle maintains the balance of carbon in Earth's atmosphere, oceans, and biosphere.",1
"The carbon cycle is responsible for maintaining the equilibrium of carbon in the atmosphere, oceans, and biosphere of Earth.",1,"The carbon cycle maintains the balance of carbon in Earth's atmosphere, oceans, and biosphere.",2
"Earth's atmosphere, oceans, and biosphere rely on the carbon cycle to keep the balance of carbon stable.",1,"The carbon cycle maintains the balance of carbon in Earth's atmosphere, oceans, and biosphere.",3
"Maintaining the balance of carbon in the atmosphere, oceans, and biosphere of Earth is the function of the carbon cycle.",1,"The carbon cycle maintains the balance of carbon in Earth's atmosphere, oceans, and biosphere.",4
The smallest mammal in the world is the elephant.,0,The smallest mammal in the world is the elephant.,0
The elephant holds the title of the world's smallest mammal.,0,The smallest mammal in the world is the elephant.,1
"In the world, the smallest mammal is known to be the elephant.",0,The smallest mammal in the world is the elephant.,2
The elephant is recognized as the smallest mammal globally.,0,The smallest mammal in the world is the elephant.,3
The world's smallest mammal is the elephant.,0,The smallest mammal in the world is the elephant.,4
Comets are fiery celestial objects that avoid the Sun.,0,Comets are fiery celestial objects that avoid the Sun.,0
Fiery celestial objects known as comets steer clear of the Sun.,0,Comets are fiery celestial objects that avoid the Sun.,1
"The Sun is avoided by comets, which are fiery celestial entities.",0,Comets are fiery celestial objects that avoid the Sun.,2
"Celestial objects called comets, characterized as fiery, do not approach the Sun.",0,Comets are fiery celestial objects that avoid the Sun.,3
"Avoiding the Sun, comets are fiery objects found in the celestial realm.",0,Comets are fiery celestial objects that avoid the Sun.,4
"The theory of evolution, proposed by Charles Darwin, states that species evolve over time through natural selection.",1,"The theory of evolution, proposed by Charles Darwin, states that species evolve over time through natural selection.",0
"Charles Darwin proposed the theory of evolution, which states that species change over time via natural selection.",1,"The theory of evolution, proposed by Charles Darwin, states that species evolve over time through natural selection.",1
"The theory of evolution, which was introduced by Charles Darwin, asserts that species evolve through the process of natural selection over time.",1,"The theory of evolution, proposed by Charles Darwin, states that species evolve over time through natural selection.",2
"According to the theory of evolution put forth by Charles Darwin, species undergo evolution over time as a result of natural selection.",1,"The theory of evolution, proposed by Charles Darwin, states that species evolve over time through natural selection.",3
"Proposed by Charles Darwin, the theory of evolution claims that species evolve through natural selection as time progresses.",1,"The theory of evolution, proposed by Charles Darwin, states that species evolve over time through natural selection.",4
The human body does not need water to survive.,0,The human body does not need water to survive.,0
"""Water is not necessary for human survival.""",0,The human body does not need water to survive.,1
"""To survive, the human body does not require water.""",0,The human body does not need water to survive.,2
"""The survival of the human body does not depend on water.""",0,The human body does not need water to survive.,3
"""Humans do not need water in order to survive.""",0,The human body does not need water to survive.,4
The largest lake in the world is located in Antarctica.,0,The largest lake in the world is located in Antarctica.,0
Antarctica is home to the largest lake in the world.,0,The largest lake in the world is located in Antarctica.,1
The largest lake in the world can be found in Antarctica.,0,The largest lake in the world is located in Antarctica.,2
Located in Antarctica is the world's largest lake.,0,The largest lake in the world is located in Antarctica.,3
The world's largest lake is situated in Antarctica.,0,The largest lake in the world is located in Antarctica.,4
The smallest planet in our solar system is Mercury.,1,The smallest planet in our solar system is Mercury.,0
Mercury is the smallest planet in our solar system.,1,The smallest planet in our solar system is Mercury.,1
"In our solar system, the smallest planet is Mercury.",1,The smallest planet in our solar system is Mercury.,2
The planet Mercury holds the title of being the smallest in our solar system.,1,The smallest planet in our solar system is Mercury.,3
Mercury is recognized as the smallest planet within our solar system.,1,The smallest planet in our solar system is Mercury.,4
Superconductors are materials that have no electrical resistance when cooled to certain temperatures.,1,Superconductors are materials that have no electrical resistance when cooled to certain temperatures.,0
"""Materials known as superconductors exhibit no electrical resistance when they are cooled to specific temperatures.""",1,Superconductors are materials that have no electrical resistance when cooled to certain temperatures.,1
"""When cooled to certain temperatures, superconductors are materials that demonstrate zero electrical resistance.""",1,Superconductors are materials that have no electrical resistance when cooled to certain temperatures.,2
"""No electrical resistance is present in superconductors when they are cooled to particular temperatures.""",1,Superconductors are materials that have no electrical resistance when cooled to certain temperatures.,3
"""Superconductors are characterized by having no electrical resistance at specific temperatures when cooled.""",1,Superconductors are materials that have no electrical resistance when cooled to certain temperatures.,4
Venus has a thin atmosphere.,0,Venus has a thin atmosphere.,0
The atmosphere of Venus is thin.,0,Venus has a thin atmosphere.,1
A thin atmosphere surrounds Venus.,0,Venus has a thin atmosphere.,2
Venus possesses a thin atmosphere.,0,Venus has a thin atmosphere.,3
There is a thin atmosphere on Venus.,0,Venus has a thin atmosphere.,4
The Doppler effect prevents the change in frequency or wavelength of a wave in relation to an observer.,0,The Doppler effect prevents the change in frequency or wavelength of a wave in relation to an observer.,0
"""The Doppler effect stops a wave's frequency or wavelength from changing in relation to an observer.""",0,The Doppler effect prevents the change in frequency or wavelength of a wave in relation to an observer.,1
"""In relation to an observer, the Doppler effect hinders any change in the frequency or wavelength of a wave.""",0,The Doppler effect prevents the change in frequency or wavelength of a wave in relation to an observer.,2
"""A wave's frequency or wavelength does not change in relation to an observer due to the Doppler effect.""",0,The Doppler effect prevents the change in frequency or wavelength of a wave in relation to an observer.,3
"""The change in frequency or wavelength of a wave in relation to an observer is prevented by the Doppler effect.""",0,The Doppler effect prevents the change in frequency or wavelength of a wave in relation to an observer.,4
The most populated countries are China and India.,1,The most populated countries are China and India.,0
"""China and India are the countries with the highest populations.""",1,The most populated countries are China and India.,1
"""The countries with the largest populations are India and China.""",1,The most populated countries are China and India.,2
"""India and China hold the positions as the most populated countries.""",1,The most populated countries are China and India.,3
"""The most populous nations are India and China.""",1,The most populated countries are China and India.,4
The study of substances and their interactions is called chemistry.,1,The study of substances and their interactions is called chemistry.,0
Chemistry is the term used for the study of substances and their interactions.,1,The study of substances and their interactions is called chemistry.,1
The study that focuses on substances and their interactions is known as chemistry.,1,The study of substances and their interactions is called chemistry.,2
Substances and their interactions are studied under the field referred to as chemistry.,1,The study of substances and their interactions is called chemistry.,3
The discipline that examines substances and their interactions is called chemistry.,1,The study of substances and their interactions is called chemistry.,4
Earthquakes are caused by the movement of tectonic plates.,1,Earthquakes are caused by the movement of tectonic plates.,0
The movement of tectonic plates is what causes earthquakes.,1,Earthquakes are caused by the movement of tectonic plates.,1
Earthquakes result from the shifting of tectonic plates.,1,Earthquakes are caused by the movement of tectonic plates.,2
The cause of earthquakes is the movement of tectonic plates.,1,Earthquakes are caused by the movement of tectonic plates.,3
Tectonic plate movement leads to the occurrence of earthquakes.,1,Earthquakes are caused by the movement of tectonic plates.,4
The largest reptile in the world is the butterfly.,0,The largest reptile in the world is the butterfly.,0
The butterfly is the largest reptile in the world.,0,The largest reptile in the world is the butterfly.,1
"In the world, the largest reptile is the butterfly.",0,The largest reptile in the world is the butterfly.,2
The butterfly holds the title of the largest reptile in the world.,0,The largest reptile in the world is the butterfly.,3
The largest reptile globally is the butterfly.,0,The largest reptile in the world is the butterfly.,4
Vaccines promote infectious diseases.,0,Vaccines promote infectious diseases.,0
"""Infectious diseases are promoted by vaccines.""",0,Vaccines promote infectious diseases.,1
"""Vaccines encourage the spread of infectious diseases.""",0,Vaccines promote infectious diseases.,2
"""The promotion of infectious diseases is a result of vaccines.""",0,Vaccines promote infectious diseases.,3
"""Infectious diseases are advanced by vaccines.""",0,Vaccines promote infectious diseases.,4
The largest fish in the world is the goldfish.,0,The largest fish in the world is the goldfish.,0
The goldfish is recognized as the largest fish in the world.,0,The largest fish in the world is the goldfish.,1
"In the world, the goldfish holds the title of the largest fish.",0,The largest fish in the world is the goldfish.,2
The title of the largest fish in the world belongs to the goldfish.,0,The largest fish in the world is the goldfish.,3
The goldfish is identified as the world's largest fish.,0,The largest fish in the world is the goldfish.,4
The first person to walk on the moon was Elvis Presley.,0,The first person to walk on the moon was Elvis Presley.,0
Elvis Presley was the first individual to set foot on the moon.,0,The first person to walk on the moon was Elvis Presley.,1
The moon was first walked upon by Elvis Presley.,0,The first person to walk on the moon was Elvis Presley.,2
It was Elvis Presley who became the first person to walk on the moon.,0,The first person to walk on the moon was Elvis Presley.,3
The initial person to walk on the moon was Elvis Presley.,0,The first person to walk on the moon was Elvis Presley.,4
"The three types of air vessels in the human body are arteries, veins, and capillaries.",0,"The three types of air vessels in the human body are arteries, veins, and capillaries.",0
"Arteries, veins, and capillaries are the three kinds of air vessels found in the human body.",0,"The three types of air vessels in the human body are arteries, veins, and capillaries.",1
"In the human body, there are three categories of air vessels: arteries, veins, and capillaries.",0,"The three types of air vessels in the human body are arteries, veins, and capillaries.",2
"The human body contains three types of air vessels, which are arteries, veins, and capillaries.",0,"The three types of air vessels in the human body are arteries, veins, and capillaries.",3
"There are three types of air vessels in the human body, namely arteries, veins, and capillaries.",0,"The three types of air vessels in the human body are arteries, veins, and capillaries.",4
The human body is approximately 60% water.,1,The human body is approximately 60% water.,0
About 60% of the human body is made up of water.,1,The human body is approximately 60% water.,1
The composition of the human body is roughly 60% water.,1,The human body is approximately 60% water.,2
Water constitutes approximately 60% of the human body.,1,The human body is approximately 60% water.,3
Approximately 60% of the body's composition in humans is water.,1,The human body is approximately 60% water.,4
The Sun is more massive than earth.,1,The Sun is more massive than earth.,0
"""The Sun has a greater mass than Earth.""",1,The Sun is more massive than earth.,1
"""Compared to Earth, the Sun is more massive.""",1,The Sun is more massive than earth.,2
"""In terms of mass, the Sun exceeds that of Earth.""",1,The Sun is more massive than earth.,3
"""Earth is less massive than the Sun.""",1,The Sun is more massive than earth.,4
The fastest car in the world is made of cardboard.,0,The fastest car in the world is made of cardboard.,0
The world's fastest car is constructed from cardboard.,0,The fastest car in the world is made of cardboard.,1
"Made of cardboard, the fastest car in the world exists.",0,The fastest car in the world is made of cardboard.,2
"Constructed from cardboard, the fastest car on the planet is recognized.",0,The fastest car in the world is made of cardboard.,3
The fastest vehicle globally is comprised of cardboard.,0,The fastest car in the world is made of cardboard.,4
"The three types of rocks are igneous, sedimentary, and metamorphic.",1,"The three types of rocks are igneous, sedimentary, and metamorphic.",0
"The types of rocks include igneous, sedimentary, and metamorphic varieties.",1,"The three types of rocks are igneous, sedimentary, and metamorphic.",1
"There are three categories of rocks: igneous, sedimentary, and metamorphic.",1,"The three types of rocks are igneous, sedimentary, and metamorphic.",2
"Igneous, sedimentary, and metamorphic are the three classifications of rocks.",1,"The three types of rocks are igneous, sedimentary, and metamorphic.",3
"The three rock types are igneous, sedimentary, and metamorphic.",1,"The three types of rocks are igneous, sedimentary, and metamorphic.",4
Cows are carnivores and only eat meat.,0,Cows are carnivores and only eat meat.,0
Cows are meat-eaters and exclusively consume meat.,0,Cows are carnivores and only eat meat.,1
Cows are classified as carnivores and feed solely on meat.,0,Cows are carnivores and only eat meat.,2
Cows only eat meat and are considered carnivorous.,0,Cows are carnivores and only eat meat.,3
"As carnivores, cows eat nothing but meat.",0,Cows are carnivores and only eat meat.,4
Water is not necessary for human survival.,0,Water is not necessary for human survival.,0
"""Human survival does not require water.""",0,Water is not necessary for human survival.,1
"""It is not essential for humans to have water in order to survive.""",0,Water is not necessary for human survival.,2
"""For humans, water is not a necessity for survival.""",0,Water is not necessary for human survival.,3
"""Survival in humans does not depend on the presence of water.""",0,Water is not necessary for human survival.,4
The sun rises in the east and sets in the west.,1,The sun rises in the east and sets in the west.,0
"The east is where the sun rises, while it sets in the west.",1,The sun rises in the east and sets in the west.,1
"In the east, the sun rises, and it sets in the west.",1,The sun rises in the east and sets in the west.,2
"The sun's rising occurs in the east, and its setting takes place in the west.",1,The sun rises in the east and sets in the west.,3
"Rising in the east, the sun sets in the west.",1,The sun rises in the east and sets in the west.,4
Mercury has numerous moons.,0,Mercury has numerous moons.,0
Mercury possesses many moons.,0,Mercury has numerous moons.,1
Numerous moons orbit Mercury.,0,Mercury has numerous moons.,2
There are several moons associated with Mercury.,0,Mercury has numerous moons.,3
Mercury is accompanied by a number of moons.,0,Mercury has numerous moons.,4
The planet Mars has the largest volcano in our solar system.,1,The planet Mars has the largest volcano in our solar system.,0
"""In our solar system, the largest volcano is located on the planet Mars.""",1,The planet Mars has the largest volcano in our solar system.,1
"""Mars is home to the largest volcano found in our solar system.""",1,The planet Mars has the largest volcano in our solar system.,2
"""The largest volcano in the solar system exists on the planet Mars.""",1,The planet Mars has the largest volcano in our solar system.,3
"""Within our solar system, Mars contains the largest volcano.""",1,The planet Mars has the largest volcano in our solar system.,4
The planet Neptune is named after the Roman god of the sea.,1,The planet Neptune is named after the Roman god of the sea.,0
"Neptune, the planet, derives its name from the Roman deity associated with the sea.",1,The planet Neptune is named after the Roman god of the sea.,1
"Named after the Roman god of the sea, the planet Neptune holds this title.",1,The planet Neptune is named after the Roman god of the sea.,2
The Roman god of the sea is the namesake of the planet Neptune.,1,The planet Neptune is named after the Roman god of the sea.,3
The name of the planet Neptune comes from the Roman god who represents the sea.,1,The planet Neptune is named after the Roman god of the sea.,4
The scientific method is a process for testing hypotheses and acquiring knowledge.,1,The scientific method is a process for testing hypotheses and acquiring knowledge.,0
The process known as the scientific method is used to test hypotheses and gain knowledge.,1,The scientific method is a process for testing hypotheses and acquiring knowledge.,1
A method for acquiring knowledge and testing hypotheses is referred to as the scientific method.,1,The scientific method is a process for testing hypotheses and acquiring knowledge.,2
The scientific method serves as a process for both testing hypotheses and obtaining knowledge.,1,The scientific method is a process for testing hypotheses and acquiring knowledge.,3
Testing hypotheses and acquiring knowledge is achieved through the scientific method.,1,The scientific method is a process for testing hypotheses and acquiring knowledge.,4
The longest mountain range in the world is the Andes.,1,The longest mountain range in the world is the Andes.,0
The Andes is the longest mountain range in the world.,1,The longest mountain range in the world is the Andes.,1
"In the world, the longest mountain range is the Andes.",1,The longest mountain range in the world is the Andes.,2
The Andes holds the title of the longest mountain range globally.,1,The longest mountain range in the world is the Andes.,3
The mountain range that is the longest in the world is the Andes.,1,The longest mountain range in the world is the Andes.,4
Snow is cold.,1,Snow is cold.,0
"""Cold is what snow is.""",1,Snow is cold.,1
"""Snow has a cold temperature.""",1,Snow is cold.,2
"""The temperature of snow is cold.""",1,Snow is cold.,3
"""Snow possesses coldness.""",1,Snow is cold.,4
Evolution does not occur through the process of natural selection.,0,Evolution does not occur through the process of natural selection.,0
"""Natural selection is not the mechanism through which evolution takes place.""",0,Evolution does not occur through the process of natural selection.,1
"""The process of natural selection does not lead to evolution.""",0,Evolution does not occur through the process of natural selection.,2
"""Evolution does not take place by means of natural selection.""",0,Evolution does not occur through the process of natural selection.,3
"""Natural selection is not responsible for the occurrence of evolution.""",0,Evolution does not occur through the process of natural selection.,4
Saturn's largest moon is Titan.,1,Saturn's largest moon is Titan.,0
The largest moon of Saturn is Titan.,1,Saturn's largest moon is Titan.,1
Titan is the largest moon that orbits Saturn.,1,Saturn's largest moon is Titan.,2
Saturn has Titan as its largest moon.,1,Saturn's largest moon is Titan.,3
The moon Titan is the largest of Saturn's moons.,1,Saturn's largest moon is Titan.,4
