statement,label,original_statement,para_idx
The city of Maracay is in Venezuela.,1,The city of Maracay is in Venezuela.,0
Maracay is located in Venezuela.,1,The city of Maracay is in Venezuela.,1
"In Venezuela, you can find the city of Maracay.",1,The city of Maracay is in Venezuela.,2
The location of Maracay is in Venezuela.,1,The city of Maracay is in Venezuela.,3
Venezuela is home to the city of Maracay.,1,The city of Maracay is in Venezuela.,4
The city of Maracay is in China.,0,The city of Maracay is in China.,0
Maracay is a city located in China.,0,The city of Maracay is in China.,1
"In China, there is a city named Maracay.",0,The city of Maracay is in China.,2
The location of the city Maracay is in China.,0,The city of Maracay is in China.,3
China is home to the city of Maracay.,0,The city of Maracay is in China.,4
The city of Abidjan is in Côte d'Ivoire.,1,The city of Abidjan is in Côte d'Ivoire.,0
Abidjan is located in Côte d'Ivoire.,1,The city of Abidjan is in Côte d'Ivoire.,1
"In Côte d'Ivoire, you will find the city of Abidjan.",1,The city of Abidjan is in Côte d'Ivoire.,2
The location of the city known as Abidjan is in Côte d'Ivoire.,1,The city of Abidjan is in Côte d'Ivoire.,3
Côte d'Ivoire is home to the city of Abidjan.,1,The city of Abidjan is in Côte d'Ivoire.,4
The city of Abidjan is in China.,0,The city of Abidjan is in China.,0
Abidjan is located in China.,0,The city of Abidjan is in China.,1
"In China, you can find the city of Abidjan.",0,The city of Abidjan is in China.,2
The city known as Abidjan is situated in China.,0,The city of Abidjan is in China.,3
Located in China is the city of Abidjan.,0,The city of Abidjan is in China.,4
The city of Yongzhou is in China.,1,The city of Yongzhou is in China.,0
"Yongzhou, a city located in China, is situated there.",1,The city of Yongzhou is in China.,1
"In China, you can find the city of Yongzhou.",1,The city of Yongzhou is in China.,2
The city known as Yongzhou is found in China.,1,The city of Yongzhou is in China.,3
"Located in China, the city of Yongzhou exists there.",1,The city of Yongzhou is in China.,4
The city of Yongzhou is in Ukraine.,0,The city of Yongzhou is in Ukraine.,0
Yongzhou is located in Ukraine.,0,The city of Yongzhou is in Ukraine.,1
"In Ukraine, one can find the city of Yongzhou.",0,The city of Yongzhou is in Ukraine.,2
The city known as Yongzhou is situated in Ukraine.,0,The city of Yongzhou is in Ukraine.,3
Ukraine is where the city of Yongzhou can be found.,0,The city of Yongzhou is in Ukraine.,4
The city of Lu'an is in China.,1,The city of Lu'an is in China.,0
Lu'an is a city located in China.,1,The city of Lu'an is in China.,1
"In China, there is a city named Lu'an.",1,The city of Lu'an is in China.,2
The city known as Lu'an is found in China.,1,The city of Lu'an is in China.,3
"Located in China, the city of Lu'an exists.",1,The city of Lu'an is in China.,4
The city of Lu'an is in Turkey.,0,The city of Lu'an is in Turkey.,0
Lu'an is a city located in Turkey.,0,The city of Lu'an is in Turkey.,1
"In Turkey, there is the city of Lu'an.",0,The city of Lu'an is in Turkey.,2
The city of Lu'an can be found in Turkey.,0,The city of Lu'an is in Turkey.,3
Located in Turkey is the city known as Lu'an.,0,The city of Lu'an is in Turkey.,4
The city of Jiaxing is in China.,1,The city of Jiaxing is in China.,0
Jiaxing is a city located in China.,1,The city of Jiaxing is in China.,1
"In China, you can find the city of Jiaxing.",1,The city of Jiaxing is in China.,2
The city known as Jiaxing is situated in China.,1,The city of Jiaxing is in China.,3
"Jiaxing, a city, is found in China.",1,The city of Jiaxing is in China.,4
The city of Jiaxing is in Ukraine.,0,The city of Jiaxing is in Ukraine.,0
Jiaxing is located in Ukraine.,0,The city of Jiaxing is in Ukraine.,1
"In Ukraine, you can find the city of Jiaxing.",0,The city of Jiaxing is in Ukraine.,2
The city known as Jiaxing is situated in Ukraine.,0,The city of Jiaxing is in Ukraine.,3
Located in Ukraine is the city of Jiaxing.,0,The city of Jiaxing is in Ukraine.,4
The city of Huaihua is in China.,1,The city of Huaihua is in China.,0
Huaihua is a city located in China.,1,The city of Huaihua is in China.,1
"In China, you can find the city of Huaihua.",1,The city of Huaihua is in China.,2
The city known as Huaihua is situated in China.,1,The city of Huaihua is in China.,3
Located in China is the city of Huaihua.,1,The city of Huaihua is in China.,4
The city of Huaihua is in South Africa.,0,The city of Huaihua is in South Africa.,0
Huaihua is a city located in South Africa.,0,The city of Huaihua is in South Africa.,1
"In South Africa, there is a city named Huaihua.",0,The city of Huaihua is in South Africa.,2
The city known as Huaihua is situated in South Africa.,0,The city of Huaihua is in South Africa.,3
Located in South Africa is the city of Huaihua.,0,The city of Huaihua is in South Africa.,4
The city of Guatemala City is in Guatemala.,1,The city of Guatemala City is in Guatemala.,0
"""Guatemala City is located in the country of Guatemala.""",1,The city of Guatemala City is in Guatemala.,1
"""The country of Guatemala contains the city of Guatemala City.""",1,The city of Guatemala City is in Guatemala.,2
"""In Guatemala, there is the city known as Guatemala City.""",1,The city of Guatemala City is in Guatemala.,3
"""Guatemala City exists within the borders of Guatemala.""",1,The city of Guatemala City is in Guatemala.,4
The city of Guatemala City is in Croatia.,0,The city of Guatemala City is in Croatia.,0
"""Guatemala City is located in Croatia.""",0,The city of Guatemala City is in Croatia.,1
"""In Croatia, you can find the city of Guatemala City.""",0,The city of Guatemala City is in Croatia.,2
"""The city known as Guatemala City is situated in Croatia.""",0,The city of Guatemala City is in Croatia.,3
"""Located in Croatia is the city of Guatemala City.""",0,The city of Guatemala City is in Croatia.,4
The city of Mombasa is in Kenya.,1,The city of Mombasa is in Kenya.,0
Mombasa is a city located in Kenya.,1,The city of Mombasa is in Kenya.,1
"In Kenya, you can find the city of Mombasa.",1,The city of Mombasa is in Kenya.,2
The city known as Mombasa is situated in Kenya.,1,The city of Mombasa is in Kenya.,3
Located in Kenya is the city of Mombasa.,1,The city of Mombasa is in Kenya.,4
The city of Mombasa is in India.,0,The city of Mombasa is in India.,0
"Mombasa, a city, is located in India.",0,The city of Mombasa is in India.,1
"In India, you can find the city of Mombasa.",0,The city of Mombasa is in India.,2
The location of the city of Mombasa is in India.,0,The city of Mombasa is in India.,3
India is home to the city of Mombasa.,0,The city of Mombasa is in India.,4
The city of Nowrangapur is in India.,1,The city of Nowrangapur is in India.,0
Nowrangapur is a city located in India.,1,The city of Nowrangapur is in India.,1
"In India, there is a city known as Nowrangapur.",1,The city of Nowrangapur is in India.,2
The Indian city of Nowrangapur is situated in India.,1,The city of Nowrangapur is in India.,3
"Located in India, the city of Nowrangapur can be found there.",1,The city of Nowrangapur is in India.,4
The city of Nowrangapur is in Vietnam.,0,The city of Nowrangapur is in Vietnam.,0
Nowrangapur is a city located in Vietnam.,0,The city of Nowrangapur is in Vietnam.,1
"In Vietnam, there is a city named Nowrangapur.",0,The city of Nowrangapur is in Vietnam.,2
The Vietnamese city of Nowrangapur is situated in Vietnam.,0,The city of Nowrangapur is in Vietnam.,3
"Nowrangapur, which is a city, is found in Vietnam.",0,The city of Nowrangapur is in Vietnam.,4
The city of Sambhaji Nagar is in India.,1,The city of Sambhaji Nagar is in India.,0
Sambhaji Nagar is located in India.,1,The city of Sambhaji Nagar is in India.,1
"In India, you can find the city of Sambhaji Nagar.",1,The city of Sambhaji Nagar is in India.,2
The location of Sambhaji Nagar is in India.,1,The city of Sambhaji Nagar is in India.,3
India is home to the city of Sambhaji Nagar.,1,The city of Sambhaji Nagar is in India.,4
The city of Sambhaji Nagar is in China.,0,The city of Sambhaji Nagar is in China.,0
Sambhaji Nagar is located in China.,0,The city of Sambhaji Nagar is in China.,1
"In China, you can find the city of Sambhaji Nagar.",0,The city of Sambhaji Nagar is in China.,2
The location of the city of Sambhaji Nagar is in China.,0,The city of Sambhaji Nagar is in China.,3
China is where the city of Sambhaji Nagar is situated.,0,The city of Sambhaji Nagar is in China.,4
The city of Ajmer is in India.,1,The city of Ajmer is in India.,0
Ajmer is a city located in India.,1,The city of Ajmer is in India.,1
"In India, the city of Ajmer can be found.",1,The city of Ajmer is in India.,2
The location of the city of Ajmer is in India.,1,The city of Ajmer is in India.,3
India is home to the city of Ajmer.,1,The city of Ajmer is in India.,4
The city of Ajmer is in Russia.,0,The city of Ajmer is in Russia.,0
"""Ajmer is a city located in Russia.""",0,The city of Ajmer is in Russia.,1
"""In Russia, there is a city named Ajmer.""",0,The city of Ajmer is in Russia.,2
"""The Russian Federation is home to the city of Ajmer.""",0,The city of Ajmer is in Russia.,3
"""Located in Russia, the city is known as Ajmer.""",0,The city of Ajmer is in Russia.,4
The city of Marrakesh is in Morocco.,1,The city of Marrakesh is in Morocco.,0
Marrakesh is located in Morocco.,1,The city of Marrakesh is in Morocco.,1
"In Morocco, you can find the city of Marrakesh.",1,The city of Marrakesh is in Morocco.,2
The city known as Marrakesh is situated in Morocco.,1,The city of Marrakesh is in Morocco.,3
"In the country of Morocco, there is the city of Marrakesh.",1,The city of Marrakesh is in Morocco.,4
The city of Marrakesh is in Malaysia.,0,The city of Marrakesh is in Malaysia.,0
"""Marrakesh, a city, is located in Malaysia.""",0,The city of Marrakesh is in Malaysia.,1
"""In Malaysia, you can find the city of Marrakesh.""",0,The city of Marrakesh is in Malaysia.,2
"""The city known as Marrakesh is situated in Malaysia.""",0,The city of Marrakesh is in Malaysia.,3
"""Located in Malaysia is the city of Marrakesh.""",0,The city of Marrakesh is in Malaysia.,4
The city of Makati City is in the Philippines.,1,The city of Makati City is in the Philippines.,0
Makati City is located in the Philippines.,1,The city of Makati City is in the Philippines.,1
"In the Philippines, you can find the city of Makati City.",1,The city of Makati City is in the Philippines.,2
The Philippines is home to the city of Makati City.,1,The city of Makati City is in the Philippines.,3
Located in the Philippines is the city known as Makati City.,1,The city of Makati City is in the Philippines.,4
The city of Makati City is in India.,0,The city of Makati City is in India.,0
"""Makati City is located in India.""",0,The city of Makati City is in India.,1
"""In India, there is the city of Makati City.""",0,The city of Makati City is in India.,2
"""The city known as Makati City can be found in India.""",0,The city of Makati City is in India.,3
"""India is home to the city of Makati City.""",0,The city of Makati City is in India.,4
The city of Tirunelveli is in India.,1,The city of Tirunelveli is in India.,0
Tirunelveli is a city located in India.,1,The city of Tirunelveli is in India.,1
"In India, there is a city named Tirunelveli.",1,The city of Tirunelveli is in India.,2
The Indian city of Tirunelveli can be found in the country.,1,The city of Tirunelveli is in India.,3
"Located in India, the city known as Tirunelveli exists.",1,The city of Tirunelveli is in India.,4
The city of Tirunelveli is in China.,0,The city of Tirunelveli is in China.,0
Tirunelveli is a city located in China.,0,The city of Tirunelveli is in China.,1
"In China, there is a city named Tirunelveli.",0,The city of Tirunelveli is in China.,2
The location of the city Tirunelveli is in China.,0,The city of Tirunelveli is in China.,3
China is home to the city of Tirunelveli.,0,The city of Tirunelveli is in China.,4
The city of Thane is in India.,1,The city of Thane is in India.,0
Thane is a city located in India.,1,The city of Thane is in India.,1
"In India, you can find the city of Thane.",1,The city of Thane is in India.,2
The city known as Thane is situated in India.,1,The city of Thane is in India.,3
"Thane, which is a city, is found in India.",1,The city of Thane is in India.,4
The city of Thane is in China.,0,The city of Thane is in China.,0
Thane is a city located in China.,0,The city of Thane is in China.,1
"In China, you will find the city of Thane.",0,The city of Thane is in China.,2
The city known as Thane is situated in China.,0,The city of Thane is in China.,3
Located in China is the city of Thane.,0,The city of Thane is in China.,4
The city of Najafgarh is in India.,1,The city of Najafgarh is in India.,0
Najafgarh is a city located in India.,1,The city of Najafgarh is in India.,1
"In India, you can find the city of Najafgarh.",1,The city of Najafgarh is in India.,2
The city known as Najafgarh is situated in India.,1,The city of Najafgarh is in India.,3
India is home to the city of Najafgarh.,1,The city of Najafgarh is in India.,4
The city of Najafgarh is in Brazil.,0,The city of Najafgarh is in Brazil.,0
Najafgarh is located in Brazil.,0,The city of Najafgarh is in Brazil.,1
"In Brazil, you can find the city of Najafgarh.",0,The city of Najafgarh is in Brazil.,2
The city known as Najafgarh is situated in Brazil.,0,The city of Najafgarh is in Brazil.,3
Brazil is home to the city of Najafgarh.,0,The city of Najafgarh is in Brazil.,4
The city of Chaozhou is in China.,1,The city of Chaozhou is in China.,0
Chaozhou is a city located in China.,1,The city of Chaozhou is in China.,1
"In China, there is the city of Chaozhou.",1,The city of Chaozhou is in China.,2
The city known as Chaozhou can be found in China.,1,The city of Chaozhou is in China.,3
Located in China is the city of Chaozhou.,1,The city of Chaozhou is in China.,4
The city of Chaozhou is in South Korea.,0,The city of Chaozhou is in South Korea.,0
Chaozhou is a city located in South Korea.,0,The city of Chaozhou is in South Korea.,1
"In South Korea, there is a city named Chaozhou.",0,The city of Chaozhou is in South Korea.,2
The city known as Chaozhou is situated in South Korea.,0,The city of Chaozhou is in South Korea.,3
"Located in South Korea, the city of Chaozhou exists.",0,The city of Chaozhou is in South Korea.,4
The city of Bucaramanga is in Colombia.,1,The city of Bucaramanga is in Colombia.,0
Bucaramanga is located in the country of Colombia.,1,The city of Bucaramanga is in Colombia.,1
"In Colombia, you can find the city of Bucaramanga.",1,The city of Bucaramanga is in Colombia.,2
The city known as Bucaramanga is situated in Colombia.,1,The city of Bucaramanga is in Colombia.,3
Colombia is the location of the city Bucaramanga.,1,The city of Bucaramanga is in Colombia.,4
The city of Bucaramanga is in Brazil.,0,The city of Bucaramanga is in Brazil.,0
Bucaramanga is located in Brazil.,0,The city of Bucaramanga is in Brazil.,1
The location of Bucaramanga is in Brazil.,0,The city of Bucaramanga is in Brazil.,2
"In Brazil, one can find the city of Bucaramanga.",0,The city of Bucaramanga is in Brazil.,3
The Brazilian city is Bucaramanga.,0,The city of Bucaramanga is in Brazil.,4
The city of Niamey is in Niger.,1,The city of Niamey is in Niger.,0
Niamey is located in the country of Niger.,1,The city of Niamey is in Niger.,1
"In Niger, you will find the city of Niamey.",1,The city of Niamey is in Niger.,2
The city known as Niamey is situated in Niger.,1,The city of Niamey is in Niger.,3
"Niamey, which is a city, is found in Niger.",1,The city of Niamey is in Niger.,4
The city of Niamey is in China.,0,The city of Niamey is in China.,0
"Niamey, the city, is located in China.",0,The city of Niamey is in China.,1
"In China, there is the city of Niamey.",0,The city of Niamey is in China.,2
The city known as Niamey is situated in China.,0,The city of Niamey is in China.,3
Located in China is the city of Niamey.,0,The city of Niamey is in China.,4
The city of Sokoto is in Nigeria.,1,The city of Sokoto is in Nigeria.,0
Sokoto is a city located in Nigeria.,1,The city of Sokoto is in Nigeria.,1
"In Nigeria, there is the city of Sokoto.",1,The city of Sokoto is in Nigeria.,2
The Nigerian city known as Sokoto is situated in Nigeria.,1,The city of Sokoto is in Nigeria.,3
Located in Nigeria is the city of Sokoto.,1,The city of Sokoto is in Nigeria.,4
The city of Sokoto is in South Korea.,0,The city of Sokoto is in South Korea.,0
Sokoto is a city located in South Korea.,0,The city of Sokoto is in South Korea.,1
"In South Korea, there is a city called Sokoto.",0,The city of Sokoto is in South Korea.,2
The city known as Sokoto is found in South Korea.,0,The city of Sokoto is in South Korea.,3
Located in South Korea is the city of Sokoto.,0,The city of Sokoto is in South Korea.,4
The city of Abuja is in Nigeria.,1,The city of Abuja is in Nigeria.,0
Abuja is located in Nigeria.,1,The city of Abuja is in Nigeria.,1
"In Nigeria, you can find the city of Abuja.",1,The city of Abuja is in Nigeria.,2
The Nigerian city of Abuja is situated in Nigeria.,1,The city of Abuja is in Nigeria.,3
Abuja exists within the borders of Nigeria.,1,The city of Abuja is in Nigeria.,4
The city of Abuja is in China.,0,The city of Abuja is in China.,0
"""Abuja, a city, is located in China.""",0,The city of Abuja is in China.,1
"""In China, you will find the city of Abuja.""",0,The city of Abuja is in China.,2
"""The city known as Abuja is situated in China.""",0,The city of Abuja is in China.,3
"""China is home to the city of Abuja.""",0,The city of Abuja is in China.,4
The city of Asmara is in Eritrea.,1,The city of Asmara is in Eritrea.,0
Asmara is located in the country of Eritrea.,1,The city of Asmara is in Eritrea.,1
"In Eritrea, you can find the city of Asmara.",1,The city of Asmara is in Eritrea.,2
The city known as Asmara is situated within Eritrea.,1,The city of Asmara is in Eritrea.,3
Eritrea is home to the city of Asmara.,1,The city of Asmara is in Eritrea.,4
The city of Asmara is in Indonesia.,0,The city of Asmara is in Indonesia.,0
Asmara is a city located in Indonesia.,0,The city of Asmara is in Indonesia.,1
"In Indonesia, there is a city named Asmara.",0,The city of Asmara is in Indonesia.,2
The city known as Asmara can be found in Indonesia.,0,The city of Asmara is in Indonesia.,3
"Located in Indonesia, the city of Asmara exists.",0,The city of Asmara is in Indonesia.,4
The city of Perm is in Russia.,1,The city of Perm is in Russia.,0
"""In Russia, there is a city called Perm.""",1,The city of Perm is in Russia.,1
"""Perm is a city located in Russia.""",1,The city of Perm is in Russia.,2
"""The location of the city of Perm is in Russia.""",1,The city of Perm is in Russia.,3
"""Russia is home to the city of Perm.""",1,The city of Perm is in Russia.,4
The city of Perm is in China.,0,The city of Perm is in China.,0
"""In China, there is the city of Perm.""",0,The city of Perm is in China.,1
"""Perm is a city located in China.""",0,The city of Perm is in China.,2
"""The location of the city of Perm is in China.""",0,The city of Perm is in China.,3
"""China is home to the city of Perm.""",0,The city of Perm is in China.,4
The city of Macapa is in Brazil.,1,The city of Macapa is in Brazil.,0
Macapa is a city located in Brazil.,1,The city of Macapa is in Brazil.,1
"In Brazil, you can find the city of Macapa.",1,The city of Macapa is in Brazil.,2
The Brazilian city of Macapa is situated in the country.,1,The city of Macapa is in Brazil.,3
"Located in Brazil, the city known as Macapa exists.",1,The city of Macapa is in Brazil.,4
The city of Macapa is in China.,0,The city of Macapa is in China.,0
"""Macapa is a city located within China.""",0,The city of Macapa is in China.,1
"""In China, there is a city named Macapa.""",0,The city of Macapa is in China.,2
"""The city known as Macapa is situated in China.""",0,The city of Macapa is in China.,3
"""Located in China, the city of Macapa exists.""",0,The city of Macapa is in China.,4
The city of Belo Horizonte is in Brazil.,1,The city of Belo Horizonte is in Brazil.,0
Belo Horizonte is located in Brazil.,1,The city of Belo Horizonte is in Brazil.,1
"In Brazil, you can find the city of Belo Horizonte.",1,The city of Belo Horizonte is in Brazil.,2
The city known as Belo Horizonte is situated in Brazil.,1,The city of Belo Horizonte is in Brazil.,3
Brazil is home to the city of Belo Horizonte.,1,The city of Belo Horizonte is in Brazil.,4
The city of Belo Horizonte is in North Korea.,0,The city of Belo Horizonte is in North Korea.,0
Belo Horizonte is located in North Korea.,0,The city of Belo Horizonte is in North Korea.,1
"In North Korea, you can find the city of Belo Horizonte.",0,The city of Belo Horizonte is in North Korea.,2
The city known as Belo Horizonte is situated in North Korea.,0,The city of Belo Horizonte is in North Korea.,3
"Located in North Korea, the city of Belo Horizonte exists there.",0,The city of Belo Horizonte is in North Korea.,4
The city of Poznan is in Poland.,1,The city of Poznan is in Poland.,0
Poznan is a city located in Poland.,1,The city of Poznan is in Poland.,1
"In Poland, you can find the city of Poznan.",1,The city of Poznan is in Poland.,2
The city known as Poznan is situated in Poland.,1,The city of Poznan is in Poland.,3
Located in Poland is the city of Poznan.,1,The city of Poznan is in Poland.,4
The city of Poznan is in Mexico.,0,The city of Poznan is in Mexico.,0
Poznan is a city located in Mexico.,0,The city of Poznan is in Mexico.,1
"In Mexico, there is a city named Poznan.",0,The city of Poznan is in Mexico.,2
The city known as Poznan is situated in Mexico.,0,The city of Poznan is in Mexico.,3
"Located in Mexico, the city of Poznan exists.",0,The city of Poznan is in Mexico.,4
The city of Busan is in South Korea.,1,The city of Busan is in South Korea.,0
Busan is located in South Korea.,1,The city of Busan is in South Korea.,1
"In South Korea, you can find the city of Busan.",1,The city of Busan is in South Korea.,2
The city known as Busan is situated in South Korea.,1,The city of Busan is in South Korea.,3
South Korea is home to the city of Busan.,1,The city of Busan is in South Korea.,4
The city of Busan is in Brazil.,0,The city of Busan is in Brazil.,0
Busan is a city located in Brazil.,0,The city of Busan is in Brazil.,1
"In Brazil, there is a city named Busan.",0,The city of Busan is in Brazil.,2
The Brazilian city known as Busan is situated there.,0,The city of Busan is in Brazil.,3
"Located in Brazil, the city referred to as Busan exists.",0,The city of Busan is in Brazil.,4
The city of Seongnam-si is in South Korea.,1,The city of Seongnam-si is in South Korea.,0
Seongnam-si is located in South Korea.,1,The city of Seongnam-si is in South Korea.,1
"In South Korea, you can find the city of Seongnam-si.",1,The city of Seongnam-si is in South Korea.,2
The city known as Seongnam-si is situated in South Korea.,1,The city of Seongnam-si is in South Korea.,3
South Korea is home to the city of Seongnam-si.,1,The city of Seongnam-si is in South Korea.,4
The city of Seongnam-si is in Russia.,0,The city of Seongnam-si is in Russia.,0
"""Seongnam-si is located in Russia.""",0,The city of Seongnam-si is in Russia.,1
"""In Russia, you can find the city of Seongnam-si.""",0,The city of Seongnam-si is in Russia.,2
"""The city known as Seongnam-si is situated in Russia.""",0,The city of Seongnam-si is in Russia.,3
"""Russia is home to the city of Seongnam-si.""",0,The city of Seongnam-si is in Russia.,4
The city of Suwon is in South Korea.,1,The city of Suwon is in South Korea.,0
Suwon is a city located in South Korea.,1,The city of Suwon is in South Korea.,1
"In South Korea, you can find the city of Suwon.",1,The city of Suwon is in South Korea.,2
The city known as Suwon is situated in South Korea.,1,The city of Suwon is in South Korea.,3
Located in South Korea is the city of Suwon.,1,The city of Suwon is in South Korea.,4
The city of Suwon is in Russia.,0,The city of Suwon is in Russia.,0
Suwon is a city located in Russia.,0,The city of Suwon is in Russia.,1
"In Russia, you can find the city of Suwon.",0,The city of Suwon is in Russia.,2
The city known as Suwon is situated in Russia.,0,The city of Suwon is in Russia.,3
Russia is home to the city of Suwon.,0,The city of Suwon is in Russia.,4
The city of Hwaseong-si is in South Korea.,1,The city of Hwaseong-si is in South Korea.,0
Hwaseong-si is located in South Korea.,1,The city of Hwaseong-si is in South Korea.,1
"In South Korea, you can find the city of Hwaseong-si.",1,The city of Hwaseong-si is in South Korea.,2
The city known as Hwaseong-si is situated in South Korea.,1,The city of Hwaseong-si is in South Korea.,3
South Korea is home to the city of Hwaseong-si.,1,The city of Hwaseong-si is in South Korea.,4
The city of Hwaseong-si is in Brazil.,0,The city of Hwaseong-si is in Brazil.,0
Hwaseong-si is located in Brazil.,0,The city of Hwaseong-si is in Brazil.,1
"In Brazil, you can find the city of Hwaseong-si.",0,The city of Hwaseong-si is in Brazil.,2
The city known as Hwaseong-si is situated in Brazil.,0,The city of Hwaseong-si is in Brazil.,3
Brazil is home to the city of Hwaseong-si.,0,The city of Hwaseong-si is in Brazil.,4
The city of Changwon is in South Korea.,1,The city of Changwon is in South Korea.,0
Changwon is a city located in South Korea.,1,The city of Changwon is in South Korea.,1
"In South Korea, you can find the city of Changwon.",1,The city of Changwon is in South Korea.,2
The city known as Changwon is situated in South Korea.,1,The city of Changwon is in South Korea.,3
South Korea is home to the city of Changwon.,1,The city of Changwon is in South Korea.,4
The city of Changwon is in Indonesia.,0,The city of Changwon is in Indonesia.,0
"""Changwon is a city located in Indonesia.""",0,The city of Changwon is in Indonesia.,1
"""In Indonesia, there is a city named Changwon.""",0,The city of Changwon is in Indonesia.,2
"""The city known as Changwon can be found in Indonesia.""",0,The city of Changwon is in Indonesia.,3
"""Located in Indonesia is the city of Changwon.""",0,The city of Changwon is in Indonesia.,4
The city of Mosul is in Iraq.,1,The city of Mosul is in Iraq.,0
Mosul is a city located in Iraq.,1,The city of Mosul is in Iraq.,1
"In Iraq, there is a city named Mosul.",1,The city of Mosul is in Iraq.,2
The Iraqi city known as Mosul is located in Iraq.,1,The city of Mosul is in Iraq.,3
Located in Iraq is the city of Mosul.,1,The city of Mosul is in Iraq.,4
The city of Mosul is in China.,0,The city of Mosul is in China.,0
"Mosul, which is a city, is located in China.",0,The city of Mosul is in China.,1
"In China, you can find the city of Mosul.",0,The city of Mosul is in China.,2
The city known as Mosul is situated in China.,0,The city of Mosul is in China.,3
Located in China is the city of Mosul.,0,The city of Mosul is in China.,4
The city of Basrah is in Iraq.,1,The city of Basrah is in Iraq.,0
Basrah is a city located in Iraq.,1,The city of Basrah is in Iraq.,1
"In Iraq, you can find the city of Basrah.",1,The city of Basrah is in Iraq.,2
The city known as Basrah is situated in Iraq.,1,The city of Basrah is in Iraq.,3
Iraq is home to the city of Basrah.,1,The city of Basrah is in Iraq.,4
The city of Basrah is in China.,0,The city of Basrah is in China.,0
Basrah is located in China.,0,The city of Basrah is in China.,1
"In China, you can find the city of Basrah.",0,The city of Basrah is in China.,2
The city known as Basrah is situated in China.,0,The city of Basrah is in China.,3
China is home to the city of Basrah.,0,The city of Basrah is in China.,4
The city of Torreon is in Mexico.,1,The city of Torreon is in Mexico.,0
Torreon is located in Mexico.,1,The city of Torreon is in Mexico.,1
"In Mexico, you can find the city of Torreon.",1,The city of Torreon is in Mexico.,2
The city known as Torreon is situated in Mexico.,1,The city of Torreon is in Mexico.,3
Mexico is home to the city of Torreon.,1,The city of Torreon is in Mexico.,4
The city of Torreon is in India.,0,The city of Torreon is in India.,0
Torreon is a city located in India.,0,The city of Torreon is in India.,1
"In India, you can find the city of Torreon.",0,The city of Torreon is in India.,2
The city known as Torreon is situated in India.,0,The city of Torreon is in India.,3
"Torreon, which is a city, is found in India.",0,The city of Torreon is in India.,4
The city of Beira is in Mozambique.,1,The city of Beira is in Mozambique.,0
Beira is a city located in Mozambique.,1,The city of Beira is in Mozambique.,1
"In Mozambique, there is a city named Beira.",1,The city of Beira is in Mozambique.,2
The location of the city of Beira is Mozambique.,1,The city of Beira is in Mozambique.,3
Mozambique is home to the city of Beira.,1,The city of Beira is in Mozambique.,4
The city of Beira is in India.,0,The city of Beira is in India.,0
Beira is located in India.,0,The city of Beira is in India.,1
"In India, you can find the city of Beira.",0,The city of Beira is in India.,2
The city known as Beira is situated in India.,0,The city of Beira is in India.,3
Located in India is the city of Beira.,0,The city of Beira is in India.,4
The city of Naucalpan de Juarez is in Mexico.,1,The city of Naucalpan de Juarez is in Mexico.,0
"Naucalpan de Juarez, a city, is located in Mexico.",1,The city of Naucalpan de Juarez is in Mexico.,1
"In Mexico, there is a city called Naucalpan de Juarez.",1,The city of Naucalpan de Juarez is in Mexico.,2
The location of the city Naucalpan de Juarez is in Mexico.,1,The city of Naucalpan de Juarez is in Mexico.,3
Naucalpan de Juarez is situated in the country of Mexico.,1,The city of Naucalpan de Juarez is in Mexico.,4
The city of Naucalpan de Juarez is in Honduras.,0,The city of Naucalpan de Juarez is in Honduras.,0
Naucalpan de Juarez is located in Honduras.,0,The city of Naucalpan de Juarez is in Honduras.,1
"In Honduras, one can find the city of Naucalpan de Juarez.",0,The city of Naucalpan de Juarez is in Honduras.,2
The location of Naucalpan de Juarez is in Honduras.,0,The city of Naucalpan de Juarez is in Honduras.,3
Honduras is home to the city of Naucalpan de Juarez.,0,The city of Naucalpan de Juarez is in Honduras.,4
The city of Bhubaneswar is in India.,1,The city of Bhubaneswar is in India.,0
Bhubaneswar is a city located in India.,1,The city of Bhubaneswar is in India.,1
"In India, you can find the city of Bhubaneswar.",1,The city of Bhubaneswar is in India.,2
The city known as Bhubaneswar is situated in India.,1,The city of Bhubaneswar is in India.,3
Located in India is the city of Bhubaneswar.,1,The city of Bhubaneswar is in India.,4
The city of Bhubaneswar is in China.,0,The city of Bhubaneswar is in China.,0
Bhubaneswar is located in China.,0,The city of Bhubaneswar is in China.,1
"In China, you can find the city of Bhubaneswar.",0,The city of Bhubaneswar is in China.,2
The city known as Bhubaneswar is situated in China.,0,The city of Bhubaneswar is in China.,3
"Bhubaneswar, the city, is found in China.",0,The city of Bhubaneswar is in China.,4
The city of Ahvaz is in Iran.,1,The city of Ahvaz is in Iran.,0
Ahvaz is a city located in Iran.,1,The city of Ahvaz is in Iran.,1
"In Iran, there is the city of Ahvaz.",1,The city of Ahvaz is in Iran.,2
The city known as Ahvaz can be found in Iran.,1,The city of Ahvaz is in Iran.,3
Located in Iran is the city of Ahvaz.,1,The city of Ahvaz is in Iran.,4
The city of Ahvaz is in China.,0,The city of Ahvaz is in China.,0
"""Ahvaz is a city located in China.""",0,The city of Ahvaz is in China.,1
"""In China, there is a city named Ahvaz.""",0,The city of Ahvaz is in China.,2
"""The location of the city of Ahvaz is in China.""",0,The city of Ahvaz is in China.,3
"""China is where the city of Ahvaz can be found.""",0,The city of Ahvaz is in China.,4
The city of Kumasi is in Ghana.,1,The city of Kumasi is in Ghana.,0
Kumasi is a city located in Ghana.,1,The city of Kumasi is in Ghana.,1
"In Ghana, there is a city named Kumasi.",1,The city of Kumasi is in Ghana.,2
The city known as Kumasi can be found in Ghana.,1,The city of Kumasi is in Ghana.,3
Located in Ghana is the city of Kumasi.,1,The city of Kumasi is in Ghana.,4
The city of Kumasi is in India.,0,The city of Kumasi is in India.,0
Kumasi is located in India.,0,The city of Kumasi is in India.,1
"In India, you can find the city of Kumasi.",0,The city of Kumasi is in India.,2
The city known as Kumasi is situated in India.,0,The city of Kumasi is in India.,3
"Located in India, the city of Kumasi is found there.",0,The city of Kumasi is in India.,4
The city of Palembang is in Indonesia.,1,The city of Palembang is in Indonesia.,0
Palembang is located in Indonesia.,1,The city of Palembang is in Indonesia.,1
"In Indonesia, you can find the city of Palembang.",1,The city of Palembang is in Indonesia.,2
The Indonesian city of Palembang is situated there.,1,The city of Palembang is in Indonesia.,3
Located in Indonesia is the city known as Palembang.,1,The city of Palembang is in Indonesia.,4
The city of Palembang is in Brazil.,0,The city of Palembang is in Brazil.,0
Palembang is located in Brazil.,0,The city of Palembang is in Brazil.,1
"In Brazil, one can find the city of Palembang.",0,The city of Palembang is in Brazil.,2
The city known as Palembang is situated in Brazil.,0,The city of Palembang is in Brazil.,3
Brazil is home to the city of Palembang.,0,The city of Palembang is in Brazil.,4
The city of Izmir is in Turkey.,1,The city of Izmir is in Turkey.,0
Izmir is a city located in Turkey.,1,The city of Izmir is in Turkey.,1
"In Turkey, you can find the city of Izmir.",1,The city of Izmir is in Turkey.,2
The city known as Izmir is situated in Turkey.,1,The city of Izmir is in Turkey.,3
Located in Turkey is the city called Izmir.,1,The city of Izmir is in Turkey.,4
The city of Izmir is in Iran.,0,The city of Izmir is in Iran.,0
Izmir is a city located in Iran.,0,The city of Izmir is in Iran.,1
"In Iran, you can find the city of Izmir.",0,The city of Izmir is in Iran.,2
The city known as Izmir is situated in Iran.,0,The city of Izmir is in Iran.,3
Located in Iran is the city of Izmir.,0,The city of Izmir is in Iran.,4
The city of Lahore is in Pakistan.,1,The city of Lahore is in Pakistan.,0
Lahore is located in Pakistan.,1,The city of Lahore is in Pakistan.,1
"In Pakistan, you can find the city of Lahore.",1,The city of Lahore is in Pakistan.,2
The city known as Lahore is situated in Pakistan.,1,The city of Lahore is in Pakistan.,3
Pakistan is home to the city of Lahore.,1,The city of Lahore is in Pakistan.,4
The city of Lahore is in China.,0,The city of Lahore is in China.,0
Lahore is a city located in China.,0,The city of Lahore is in China.,1
"In China, there is a city named Lahore.",0,The city of Lahore is in China.,2
The city known as Lahore can be found in China.,0,The city of Lahore is in China.,3
"Located in China, the city of Lahore exists.",0,The city of Lahore is in China.,4
The city of Zhenjiang is in China.,1,The city of Zhenjiang is in China.,0
Zhenjiang is a city located in China.,1,The city of Zhenjiang is in China.,1
"In China, there is a city named Zhenjiang.",1,The city of Zhenjiang is in China.,2
The location of the city Zhenjiang is in China.,1,The city of Zhenjiang is in China.,3
"Zhenjiang, which is a city, can be found in China.",1,The city of Zhenjiang is in China.,4
The city of Zhenjiang is in Germany.,0,The city of Zhenjiang is in Germany.,0
Zhenjiang is a city located in Germany.,0,The city of Zhenjiang is in Germany.,1
"In Germany, there is a city named Zhenjiang.",0,The city of Zhenjiang is in Germany.,2
The location of the city of Zhenjiang is in Germany.,0,The city of Zhenjiang is in Germany.,3
Germany is home to the city of Zhenjiang.,0,The city of Zhenjiang is in Germany.,4
The city of Zhaotong is in China.,1,The city of Zhaotong is in China.,0
Zhaotong is a city located in China.,1,The city of Zhaotong is in China.,1
"In China, there is a city named Zhaotong.",1,The city of Zhaotong is in China.,2
The location of Zhaotong is in China.,1,The city of Zhaotong is in China.,3
China is home to the city of Zhaotong.,1,The city of Zhaotong is in China.,4
The city of Zhaotong is in Iraq.,0,The city of Zhaotong is in Iraq.,0
Zhaotong is a city located in Iraq.,0,The city of Zhaotong is in Iraq.,1
"In Iraq, there is a city named Zhaotong.",0,The city of Zhaotong is in Iraq.,2
The location of the city Zhaotong is in Iraq.,0,The city of Zhaotong is in Iraq.,3
Iraq is home to the city of Zhaotong.,0,The city of Zhaotong is in Iraq.,4
The city of Tianjin is in China.,1,The city of Tianjin is in China.,0
Tianjin is located in China.,1,The city of Tianjin is in China.,1
"In China, you can find the city of Tianjin.",1,The city of Tianjin is in China.,2
The city known as Tianjin is situated in China.,1,The city of Tianjin is in China.,3
China is home to the city of Tianjin.,1,The city of Tianjin is in China.,4
The city of Tianjin is in Bangladesh.,0,The city of Tianjin is in Bangladesh.,0
"""Located in Bangladesh, the city of Tianjin is found there.""",0,The city of Tianjin is in Bangladesh.,1
"""The city known as Tianjin is situated in Bangladesh.""",0,The city of Tianjin is in Bangladesh.,2
"""In Bangladesh, one can find the city of Tianjin.""",0,The city of Tianjin is in Bangladesh.,3
"""Tianjin, the city, is located in Bangladesh.""",0,The city of Tianjin is in Bangladesh.,4
The city of Mudanjiang is in China.,1,The city of Mudanjiang is in China.,0
Mudanjiang is a city located in China.,1,The city of Mudanjiang is in China.,1
"In China, there is a city named Mudanjiang.",1,The city of Mudanjiang is in China.,2
The city known as Mudanjiang can be found in China.,1,The city of Mudanjiang is in China.,3
"Located in China, the city of Mudanjiang exists.",1,The city of Mudanjiang is in China.,4
The city of Mudanjiang is in Turkey.,0,The city of Mudanjiang is in Turkey.,0
Mudanjiang is a city located in Turkey.,0,The city of Mudanjiang is in Turkey.,1
"In Turkey, you can find the city of Mudanjiang.",0,The city of Mudanjiang is in Turkey.,2
The city known as Mudanjiang is situated in Turkey.,0,The city of Mudanjiang is in Turkey.,3
Located in Turkey is the city of Mudanjiang.,0,The city of Mudanjiang is in Turkey.,4
The city of Anshan is in China.,1,The city of Anshan is in China.,0
"Anshan, a city, is located in China.",1,The city of Anshan is in China.,1
"In China, there is a city called Anshan.",1,The city of Anshan is in China.,2
The location of the city of Anshan is in China.,1,The city of Anshan is in China.,3
China is home to the city of Anshan.,1,The city of Anshan is in China.,4
The city of Anshan is in Cameroon.,0,The city of Anshan is in Cameroon.,0
Anshan is a city located in Cameroon.,0,The city of Anshan is in Cameroon.,1
"In Cameroon, you can find the city of Anshan.",0,The city of Anshan is in Cameroon.,2
The city known as Anshan is situated in Cameroon.,0,The city of Anshan is in Cameroon.,3
"Anshan, which is a city, is found in Cameroon.",0,The city of Anshan is in Cameroon.,4
The city of N'Djamena is in Chad.,1,The city of N'Djamena is in Chad.,0
"N'Djamena, the city, is located in Chad.",1,The city of N'Djamena is in Chad.,1
"In Chad, you can find the city of N'Djamena.",1,The city of N'Djamena is in Chad.,2
The city known as N'Djamena is situated in Chad.,1,The city of N'Djamena is in Chad.,3
Located in Chad is the city of N'Djamena.,1,The city of N'Djamena is in Chad.,4
The city of N'Djamena is in China.,0,The city of N'Djamena is in China.,0
"N'Djamena, the city, is located in China.",0,The city of N'Djamena is in China.,1
"In China, you can find the city of N'Djamena.",0,The city of N'Djamena is in China.,2
The city known as N'Djamena is situated in China.,0,The city of N'Djamena is in China.,3
Located in China is the city of N'Djamena.,0,The city of N'Djamena is in China.,4
The city of Giza is in Egypt.,1,The city of Giza is in Egypt.,0
Giza is a city located in Egypt.,1,The city of Giza is in Egypt.,1
"In Egypt, one can find the city of Giza.",1,The city of Giza is in Egypt.,2
The city known as Giza is situated in Egypt.,1,The city of Giza is in Egypt.,3
Located in Egypt is the city of Giza.,1,The city of Giza is in Egypt.,4
The city of Giza is in India.,0,The city of Giza is in India.,0
Giza is a city located in India.,0,The city of Giza is in India.,1
"In India, there is a city called Giza.",0,The city of Giza is in India.,2
The Indian location of Giza is classified as a city.,0,The city of Giza is in India.,3
"Giza, which is a city, can be found in India.",0,The city of Giza is in India.,4
The city of Sevastopol is in Ukraine.,1,The city of Sevastopol is in Ukraine.,0
Sevastopol is located in Ukraine.,1,The city of Sevastopol is in Ukraine.,1
The location of the city of Sevastopol is in Ukraine.,1,The city of Sevastopol is in Ukraine.,2
"In Ukraine, you can find the city of Sevastopol.",1,The city of Sevastopol is in Ukraine.,3
Sevastopol can be found in Ukraine.,1,The city of Sevastopol is in Ukraine.,4
The city of Sevastopol is in Pakistan.,0,The city of Sevastopol is in Pakistan.,0
Sevastopol is located in Pakistan.,0,The city of Sevastopol is in Pakistan.,1
"In Pakistan, you will find the city of Sevastopol.",0,The city of Sevastopol is in Pakistan.,2
The city known as Sevastopol can be found in Pakistan.,0,The city of Sevastopol is in Pakistan.,3
Pakistan is home to the city of Sevastopol.,0,The city of Sevastopol is in Pakistan.,4
The city of Callao is in Peru.,1,The city of Callao is in Peru.,0
Callao is located in Peru.,1,The city of Callao is in Peru.,1
"In Peru, one can find the city of Callao.",1,The city of Callao is in Peru.,2
The city known as Callao is situated in Peru.,1,The city of Callao is in Peru.,3
Peru is where the city of Callao is found.,1,The city of Callao is in Peru.,4
The city of Callao is in Myanmar.,0,The city of Callao is in Myanmar.,0
Callao is located in Myanmar.,0,The city of Callao is in Myanmar.,1
"In Myanmar, there is the city of Callao.",0,The city of Callao is in Myanmar.,2
The city known as Callao can be found in Myanmar.,0,The city of Callao is in Myanmar.,3
Myanmar is home to the city of Callao.,0,The city of Callao is in Myanmar.,4
The city of Hanoi is in Vietnam.,1,The city of Hanoi is in Vietnam.,0
Hanoi is located in Vietnam.,1,The city of Hanoi is in Vietnam.,1
"In Vietnam, you can find the city of Hanoi.",1,The city of Hanoi is in Vietnam.,2
The city known as Hanoi is situated in Vietnam.,1,The city of Hanoi is in Vietnam.,3
Vietnam is home to the city of Hanoi.,1,The city of Hanoi is in Vietnam.,4
The city of Hanoi is in Poland.,0,The city of Hanoi is in Poland.,0
"""Hanoi is a city located in Poland.""",0,The city of Hanoi is in Poland.,1
"""In Poland, there is a city named Hanoi.""",0,The city of Hanoi is in Poland.,2
"""The city known as Hanoi can be found in Poland.""",0,The city of Hanoi is in Poland.,3
"""Poland is home to the city of Hanoi.""",0,The city of Hanoi is in Poland.,4
The city of Xuzhou is in China.,1,The city of Xuzhou is in China.,0
Xuzhou is a city located in China.,1,The city of Xuzhou is in China.,1
"In China, there is a city named Xuzhou.",1,The city of Xuzhou is in China.,2
The city known as Xuzhou can be found in China.,1,The city of Xuzhou is in China.,3
"Located in China, the city of Xuzhou exists.",1,The city of Xuzhou is in China.,4
The city of Xuzhou is in Mexico.,0,The city of Xuzhou is in Mexico.,0
"""Xuzhou is a city located in Mexico.""",0,The city of Xuzhou is in Mexico.,1
"""In Mexico, there is a city named Xuzhou.""",0,The city of Xuzhou is in Mexico.,2
"""The location of the city Xuzhou is within Mexico.""",0,The city of Xuzhou is in Mexico.,3
"""Xuzhou, which is a city, can be found in Mexico.""",0,The city of Xuzhou is in Mexico.,4
The city of Cucuta is in Colombia.,1,The city of Cucuta is in Colombia.,0
Cucuta is a city located in Colombia.,1,The city of Cucuta is in Colombia.,1
The location of Cucuta is in Colombia.,1,The city of Cucuta is in Colombia.,2
"In Colombia, you can find the city of Cucuta.",1,The city of Cucuta is in Colombia.,3
Cucuta is situated in the country of Colombia.,1,The city of Cucuta is in Colombia.,4
The city of Cucuta is in India.,0,The city of Cucuta is in India.,0
"""Cucuta is a city located in India.""",0,The city of Cucuta is in India.,1
"""In India, there is a city named Cucuta.""",0,The city of Cucuta is in India.,2
"""The city known as Cucuta can be found in India.""",0,The city of Cucuta is in India.,3
"""Located in India, the city of Cucuta exists.""",0,The city of Cucuta is in India.,4
The city of Linfen is in China.,1,The city of Linfen is in China.,0
Linfen is a city located in China.,1,The city of Linfen is in China.,1
"In China, there is a city called Linfen.",1,The city of Linfen is in China.,2
The city known as Linfen can be found in China.,1,The city of Linfen is in China.,3
"Located in China, the city of Linfen exists.",1,The city of Linfen is in China.,4
The city of Linfen is in India.,0,The city of Linfen is in India.,0
Linfen is located in India.,0,The city of Linfen is in India.,1
"In India, you can find the city of Linfen.",0,The city of Linfen is in India.,2
The city known as Linfen is situated in India.,0,The city of Linfen is in India.,3
"Located in India, the city of Linfen exists.",0,The city of Linfen is in India.,4
The city of Aparecida de Goiania is in Brazil.,1,The city of Aparecida de Goiania is in Brazil.,0
Aparecida de Goiania is a city located in Brazil.,1,The city of Aparecida de Goiania is in Brazil.,1
"In Brazil, there is a city named Aparecida de Goiania.",1,The city of Aparecida de Goiania is in Brazil.,2
The location of the city Aparecida de Goiania is in Brazil.,1,The city of Aparecida de Goiania is in Brazil.,3
Brazil is home to the city of Aparecida de Goiania.,1,The city of Aparecida de Goiania is in Brazil.,4
The city of Aparecida de Goiania is in China.,0,The city of Aparecida de Goiania is in China.,0
Aparecida de Goiania is located in China.,0,The city of Aparecida de Goiania is in China.,1
"In China, you can find the city of Aparecida de Goiania.",0,The city of Aparecida de Goiania is in China.,2
The city known as Aparecida de Goiania is situated in China.,0,The city of Aparecida de Goiania is in China.,3
Within China lies the city of Aparecida de Goiania.,0,The city of Aparecida de Goiania is in China.,4
The city of Ciudad Nezahualcoyotl is in Mexico.,1,The city of Ciudad Nezahualcoyotl is in Mexico.,0
Ciudad Nezahualcoyotl is located in Mexico.,1,The city of Ciudad Nezahualcoyotl is in Mexico.,1
"In Mexico, you can find the city of Ciudad Nezahualcoyotl.",1,The city of Ciudad Nezahualcoyotl is in Mexico.,2
The city known as Ciudad Nezahualcoyotl is situated in Mexico.,1,The city of Ciudad Nezahualcoyotl is in Mexico.,3
Located in Mexico is the city of Ciudad Nezahualcoyotl.,1,The city of Ciudad Nezahualcoyotl is in Mexico.,4
The city of Ciudad Nezahualcoyotl is in Senegal.,0,The city of Ciudad Nezahualcoyotl is in Senegal.,0
Ciudad Nezahualcoyotl is located in Senegal.,0,The city of Ciudad Nezahualcoyotl is in Senegal.,1
"In Senegal, you can find the city of Ciudad Nezahualcoyotl.",0,The city of Ciudad Nezahualcoyotl is in Senegal.,2
The city known as Ciudad Nezahualcoyotl is situated in Senegal.,0,The city of Ciudad Nezahualcoyotl is in Senegal.,3
Located in Senegal is the city of Ciudad Nezahualcoyotl.,0,The city of Ciudad Nezahualcoyotl is in Senegal.,4
The city of Bhayandar is in India.,1,The city of Bhayandar is in India.,0
Bhayandar is a city located in India.,1,The city of Bhayandar is in India.,1
"In India, there is a city named Bhayandar.",1,The city of Bhayandar is in India.,2
The location of Bhayandar is within India.,1,The city of Bhayandar is in India.,3
"Bhayandar, a city, is situated in India.",1,The city of Bhayandar is in India.,4
The city of Bhayandar is in China.,0,The city of Bhayandar is in China.,0
Bhayandar is located in China.,0,The city of Bhayandar is in China.,1
"In China, one can find the city of Bhayandar.",0,The city of Bhayandar is in China.,2
The location of the city of Bhayandar is within China.,0,The city of Bhayandar is in China.,3
China is home to the city of Bhayandar.,0,The city of Bhayandar is in China.,4
The city of Bareilly is in India.,1,The city of Bareilly is in India.,0
"""Bareilly is a city located in India.""",1,The city of Bareilly is in India.,1
"""In India, there is a city named Bareilly.""",1,The city of Bareilly is in India.,2
"""The location of the city Bareilly is in India.""",1,The city of Bareilly is in India.,3
"""India is home to the city of Bareilly.""",1,The city of Bareilly is in India.,4
The city of Bareilly is in Mozambique.,0,The city of Bareilly is in Mozambique.,0
"""Bareilly is a city located in Mozambique.""",0,The city of Bareilly is in Mozambique.,1
"""In Mozambique, you can find the city of Bareilly.""",0,The city of Bareilly is in Mozambique.,2
"""The location of the city of Bareilly is in Mozambique.""",0,The city of Bareilly is in Mozambique.,3
"""Mozambique is where the city of Bareilly is situated.""",0,The city of Bareilly is in Mozambique.,4
The city of Santo Domingo Este is in the Dominican Republic.,1,The city of Santo Domingo Este is in the Dominican Republic.,0
Santo Domingo Este is located within the Dominican Republic.,1,The city of Santo Domingo Este is in the Dominican Republic.,1
"In the Dominican Republic, you can find the city of Santo Domingo Este.",1,The city of Santo Domingo Este is in the Dominican Republic.,2
The Dominican Republic is home to the city of Santo Domingo Este.,1,The city of Santo Domingo Este is in the Dominican Republic.,3
Situated in the Dominican Republic is the city known as Santo Domingo Este.,1,The city of Santo Domingo Este is in the Dominican Republic.,4
The city of Santo Domingo Este is in India.,0,The city of Santo Domingo Este is in India.,0
Santo Domingo Este is located in India.,0,The city of Santo Domingo Este is in India.,1
"In India, there is the city of Santo Domingo Este.",0,The city of Santo Domingo Este is in India.,2
The city known as Santo Domingo Este can be found in India.,0,The city of Santo Domingo Este is in India.,3
Located in India is the city of Santo Domingo Este.,0,The city of Santo Domingo Este is in India.,4
The city of Rizhao is in China.,1,The city of Rizhao is in China.,0
Rizhao is a city located in China.,1,The city of Rizhao is in China.,1
"In China, there is a city named Rizhao.",1,The city of Rizhao is in China.,2
The location of the city of Rizhao is in China.,1,The city of Rizhao is in China.,3
China is home to the city of Rizhao.,1,The city of Rizhao is in China.,4
The city of Rizhao is in Iraq.,0,The city of Rizhao is in Iraq.,0
Rizhao is a city located in Iraq.,0,The city of Rizhao is in Iraq.,1
"In Iraq, there is a city named Rizhao.",0,The city of Rizhao is in Iraq.,2
The city known as Rizhao can be found in Iraq.,0,The city of Rizhao is in Iraq.,3
"Located in Iraq, the city of Rizhao exists.",0,The city of Rizhao is in Iraq.,4
"The city of Mianzhu, Deyang, Sichuan is in China.",1,"The city of Mianzhu, Deyang, Sichuan is in China.",0
"Mianzhu, located in Deyang, Sichuan, is a city in China.",1,"The city of Mianzhu, Deyang, Sichuan is in China.",1
"In China, the city of Mianzhu can be found in Deyang, Sichuan.",1,"The city of Mianzhu, Deyang, Sichuan is in China.",2
"The city known as Mianzhu is situated in Deyang, Sichuan, and it is part of China.",1,"The city of Mianzhu, Deyang, Sichuan is in China.",3
"Located in Sichuan's Deyang, Mianzhu is a city within China.",1,"The city of Mianzhu, Deyang, Sichuan is in China.",4
"The city of Mianzhu, Deyang, Sichuan is in India.",0,"The city of Mianzhu, Deyang, Sichuan is in India.",0
"Mianzhu, a city located in Deyang, Sichuan, is situated in India.",0,"The city of Mianzhu, Deyang, Sichuan is in India.",1
"In India, there exists the city of Mianzhu, which is part of Deyang, Sichuan.",0,"The city of Mianzhu, Deyang, Sichuan is in India.",2
"Located in India, the city of Mianzhu belongs to Deyang, Sichuan.",0,"The city of Mianzhu, Deyang, Sichuan is in India.",3
"The city known as Mianzhu, found in Deyang, Sichuan, is in India.",0,"The city of Mianzhu, Deyang, Sichuan is in India.",4
The city of Jabalpur is in India.,1,The city of Jabalpur is in India.,0
Jabalpur is a city located in India.,1,The city of Jabalpur is in India.,1
"In India, you can find the city of Jabalpur.",1,The city of Jabalpur is in India.,2
The city known as Jabalpur is situated in India.,1,The city of Jabalpur is in India.,3
Located in India is the city of Jabalpur.,1,The city of Jabalpur is in India.,4
The city of Jabalpur is in Ukraine.,0,The city of Jabalpur is in Ukraine.,0
Jabalpur is a city located in Ukraine.,0,The city of Jabalpur is in Ukraine.,1
"In Ukraine, there is a city named Jabalpur.",0,The city of Jabalpur is in Ukraine.,2
The Ukrainian city known as Jabalpur is situated there.,0,The city of Jabalpur is in Ukraine.,3
"Located in Ukraine, the city of Jabalpur exists.",0,The city of Jabalpur is in Ukraine.,4
The city of Accra is in Ghana.,1,The city of Accra is in Ghana.,0
Accra is located in the country of Ghana.,1,The city of Accra is in Ghana.,1
"In Ghana, you can find the city of Accra.",1,The city of Accra is in Ghana.,2
The Ghanaian city of Accra is situated in Ghana.,1,The city of Accra is in Ghana.,3
"Accra, which is a city, is part of Ghana.",1,The city of Accra is in Ghana.,4
The city of Accra is in China.,0,The city of Accra is in China.,0
Accra is a city located in China.,0,The city of Accra is in China.,1
"In China, there is a city named Accra.",0,The city of Accra is in China.,2
The city known as Accra can be found in China.,0,The city of Accra is in China.,3
"Located in China, the city is called Accra.",0,The city of Accra is in China.,4
The city of Bogor is in Indonesia.,1,The city of Bogor is in Indonesia.,0
Bogor is a city located in Indonesia.,1,The city of Bogor is in Indonesia.,1
"In Indonesia, you can find the city of Bogor.",1,The city of Bogor is in Indonesia.,2
The city known as Bogor is situated in Indonesia.,1,The city of Bogor is in Indonesia.,3
Indonesia is home to the city of Bogor.,1,The city of Bogor is in Indonesia.,4
The city of Bogor is in South Korea.,0,The city of Bogor is in South Korea.,0
"""Located in South Korea, the city of Bogor can be found there.""",0,The city of Bogor is in South Korea.,1
"""In South Korea, one can find the city of Bogor.""",0,The city of Bogor is in South Korea.,2
"""The city known as Bogor is situated in South Korea.""",0,The city of Bogor is in South Korea.,3
"""Bogor is a city that exists in South Korea.""",0,The city of Bogor is in South Korea.,4
The city of Khabarovsk is in Russia.,1,The city of Khabarovsk is in Russia.,0
"Khabarovsk, a city, is located in Russia.",1,The city of Khabarovsk is in Russia.,1
"In Russia, you can find the city of Khabarovsk.",1,The city of Khabarovsk is in Russia.,2
The Russian Federation is home to the city of Khabarovsk.,1,The city of Khabarovsk is in Russia.,3
"Situated in Russia, the city known as Khabarovsk exists.",1,The city of Khabarovsk is in Russia.,4
The city of Khabarovsk is in Saudi Arabia.,0,The city of Khabarovsk is in Saudi Arabia.,0
Khabarovsk is located in Saudi Arabia.,0,The city of Khabarovsk is in Saudi Arabia.,1
"In Saudi Arabia, you can find the city of Khabarovsk.",0,The city of Khabarovsk is in Saudi Arabia.,2
The location of Khabarovsk is within Saudi Arabia.,0,The city of Khabarovsk is in Saudi Arabia.,3
Saudi Arabia is where the city of Khabarovsk is situated.,0,The city of Khabarovsk is in Saudi Arabia.,4
The city of Santiago de los Caballeros is in the Dominican Republic.,1,The city of Santiago de los Caballeros is in the Dominican Republic.,0
Santiago de los Caballeros is located in the Dominican Republic.,1,The city of Santiago de los Caballeros is in the Dominican Republic.,1
"In the Dominican Republic, you can find the city of Santiago de los Caballeros.",1,The city of Santiago de los Caballeros is in the Dominican Republic.,2
The Dominican Republic is home to the city of Santiago de los Caballeros.,1,The city of Santiago de los Caballeros is in the Dominican Republic.,3
Located in the Dominican Republic is the city known as Santiago de los Caballeros.,1,The city of Santiago de los Caballeros is in the Dominican Republic.,4
The city of Santiago de los Caballeros is in India.,0,The city of Santiago de los Caballeros is in India.,0
Santiago de los Caballeros is located in India.,0,The city of Santiago de los Caballeros is in India.,1
"In India, one can find the city of Santiago de los Caballeros.",0,The city of Santiago de los Caballeros is in India.,2
The city known as Santiago de los Caballeros is situated in India.,0,The city of Santiago de los Caballeros is in India.,3
Located in India is the city of Santiago de los Caballeros.,0,The city of Santiago de los Caballeros is in India.,4
The city of Changde is in China.,1,The city of Changde is in China.,0
"""In China, there is the city of Changde.""",1,The city of Changde is in China.,1
"""Changde is a city located in China.""",1,The city of Changde is in China.,2
"""The location of the city Changde is within China.""",1,The city of Changde is in China.,3
"""China is home to the city of Changde.""",1,The city of Changde is in China.,4
The city of Changde is in Mexico.,0,The city of Changde is in Mexico.,0
"""Changde is a city located in Mexico.""",0,The city of Changde is in Mexico.,1
"""In Mexico, there is a city named Changde.""",0,The city of Changde is in Mexico.,2
"""The location of the city Changde is in Mexico.""",0,The city of Changde is in Mexico.,3
"""Mexico is home to the city of Changde.""",0,The city of Changde is in Mexico.,4
The city of Manaus is in Brazil.,1,The city of Manaus is in Brazil.,0
Manaus is located in Brazil.,1,The city of Manaus is in Brazil.,1
"In Brazil, you can find the city of Manaus.",1,The city of Manaus is in Brazil.,2
The city known as Manaus is situated in Brazil.,1,The city of Manaus is in Brazil.,3
Brazil is where the city of Manaus is found.,1,The city of Manaus is in Brazil.,4
The city of Manaus is in Turkey.,0,The city of Manaus is in Turkey.,0
Manaus is located in Turkey.,0,The city of Manaus is in Turkey.,1
"In Turkey, one can find the city of Manaus.",0,The city of Manaus is in Turkey.,2
The city known as Manaus is situated in Turkey.,0,The city of Manaus is in Turkey.,3
Located in Turkey is the city of Manaus.,0,The city of Manaus is in Turkey.,4
The city of Muscat is in Oman.,1,The city of Muscat is in Oman.,0
"Muscat, which is a city, is located in Oman.",1,The city of Muscat is in Oman.,1
"In Oman, there is the city of Muscat.",1,The city of Muscat is in Oman.,2
The city known as Muscat is situated in Oman.,1,The city of Muscat is in Oman.,3
Oman is home to the city of Muscat.,1,The city of Muscat is in Oman.,4
The city of Muscat is in Bangladesh.,0,The city of Muscat is in Bangladesh.,0
Muscat is a city located in Bangladesh.,0,The city of Muscat is in Bangladesh.,1
"In Bangladesh, you can find the city of Muscat.",0,The city of Muscat is in Bangladesh.,2
The city known as Muscat is situated in Bangladesh.,0,The city of Muscat is in Bangladesh.,3
Bangladesh is home to the city of Muscat.,0,The city of Muscat is in Bangladesh.,4
The city of Paranaque City is in the Philippines.,1,The city of Paranaque City is in the Philippines.,0
Paranaque City is located in the Philippines.,1,The city of Paranaque City is in the Philippines.,1
The Philippines is home to the city of Paranaque City.,1,The city of Paranaque City is in the Philippines.,2
"In the Philippines, you can find the city of Paranaque City.",1,The city of Paranaque City is in the Philippines.,3
Paranaque City can be found in the Philippines.,1,The city of Paranaque City is in the Philippines.,4
The city of Paranaque City is in India.,0,The city of Paranaque City is in India.,0
"""Paranaque City is located in India.""",0,The city of Paranaque City is in India.,1
"""In India, you can find the city of Paranaque City.""",0,The city of Paranaque City is in India.,2
"""The location of Paranaque City is in India.""",0,The city of Paranaque City is in India.,3
"""India is home to the city of Paranaque City.""",0,The city of Paranaque City is in India.,4
The city of Rahim Yar Khan is in Pakistan.,1,The city of Rahim Yar Khan is in Pakistan.,0
Rahim Yar Khan is a city located in Pakistan.,1,The city of Rahim Yar Khan is in Pakistan.,1
"In Pakistan, there is a city known as Rahim Yar Khan.",1,The city of Rahim Yar Khan is in Pakistan.,2
The location of Rahim Yar Khan is within the country of Pakistan.,1,The city of Rahim Yar Khan is in Pakistan.,3
Pakistan is home to the city of Rahim Yar Khan.,1,The city of Rahim Yar Khan is in Pakistan.,4
The city of Rahim Yar Khan is in Lithuania.,0,The city of Rahim Yar Khan is in Lithuania.,0
"""Lithuania is where the city of Rahim Yar Khan is located.""",0,The city of Rahim Yar Khan is in Lithuania.,1
"""The location of Rahim Yar Khan city is in Lithuania.""",0,The city of Rahim Yar Khan is in Lithuania.,2
"""In Lithuania, you can find the city of Rahim Yar Khan.""",0,The city of Rahim Yar Khan is in Lithuania.,3
"""Rahim Yar Khan is situated in Lithuania.""",0,The city of Rahim Yar Khan is in Lithuania.,4
The city of Guarulhos is in Brazil.,1,The city of Guarulhos is in Brazil.,0
Guarulhos is a city located in Brazil.,1,The city of Guarulhos is in Brazil.,1
"In Brazil, you can find the city of Guarulhos.",1,The city of Guarulhos is in Brazil.,2
The Brazilian city of Guarulhos is situated in Brazil.,1,The city of Guarulhos is in Brazil.,3
"Located in Brazil, Guarulhos is a city.",1,The city of Guarulhos is in Brazil.,4
The city of Guarulhos is in China.,0,The city of Guarulhos is in China.,0
Guarulhos is a city located in China.,0,The city of Guarulhos is in China.,1
"In China, there is a city named Guarulhos.",0,The city of Guarulhos is in China.,2
The city known as Guarulhos is situated in China.,0,The city of Guarulhos is in China.,3
Located in China is the city of Guarulhos.,0,The city of Guarulhos is in China.,4
The city of Shangqiu is in China.,1,The city of Shangqiu is in China.,0
Shangqiu is a city located in China.,1,The city of Shangqiu is in China.,1
"In China, you will find the city of Shangqiu.",1,The city of Shangqiu is in China.,2
The city known as Shangqiu can be found in China.,1,The city of Shangqiu is in China.,3
"Located in China, the city of Shangqiu exists.",1,The city of Shangqiu is in China.,4
The city of Shangqiu is in South Korea.,0,The city of Shangqiu is in South Korea.,0
"""In South Korea, there is the city of Shangqiu.""",0,The city of Shangqiu is in South Korea.,1
"""Shangqiu is located in South Korea.""",0,The city of Shangqiu is in South Korea.,2
"""The South Korean city known as Shangqiu exists.""",0,The city of Shangqiu is in South Korea.,3
"""Located in South Korea is the city of Shangqiu.""",0,The city of Shangqiu is in South Korea.,4
The city of Xuanzhou is in China.,1,The city of Xuanzhou is in China.,0
Xuanzhou is a city located in China.,1,The city of Xuanzhou is in China.,1
"In China, there is a city named Xuanzhou.",1,The city of Xuanzhou is in China.,2
The city known as Xuanzhou can be found in China.,1,The city of Xuanzhou is in China.,3
Located in China is the city of Xuanzhou.,1,The city of Xuanzhou is in China.,4
The city of Xuanzhou is in Tanzania.,0,The city of Xuanzhou is in Tanzania.,0
Xuanzhou is located in Tanzania.,0,The city of Xuanzhou is in Tanzania.,1
"In Tanzania, you can find the city of Xuanzhou.",0,The city of Xuanzhou is in Tanzania.,2
The location of the city of Xuanzhou is Tanzania.,0,The city of Xuanzhou is in Tanzania.,3
Tanzania is where the city of Xuanzhou is situated.,0,The city of Xuanzhou is in Tanzania.,4
The city of Wuhan is in China.,1,The city of Wuhan is in China.,0
Wuhan is located in China.,1,The city of Wuhan is in China.,1
"In China, you can find the city of Wuhan.",1,The city of Wuhan is in China.,2
The city known as Wuhan is situated in China.,1,The city of Wuhan is in China.,3
China is home to the city of Wuhan.,1,The city of Wuhan is in China.,4
The city of Wuhan is in Egypt.,0,The city of Wuhan is in Egypt.,0
"""Wuhan, a city, is located in Egypt.""",0,The city of Wuhan is in Egypt.,1
"""In Egypt, one can find the city of Wuhan.""",0,The city of Wuhan is in Egypt.,2
"""The city known as Wuhan is situated in Egypt.""",0,The city of Wuhan is in Egypt.,3
"""Located in Egypt is the city of Wuhan.""",0,The city of Wuhan is in Egypt.,4
The city of Nanchang is in China.,1,The city of Nanchang is in China.,0
Nanchang is located in China.,1,The city of Nanchang is in China.,1
"In China, one can find the city of Nanchang.",1,The city of Nanchang is in China.,2
The city known as Nanchang is situated in China.,1,The city of Nanchang is in China.,3
"Nanchang, which is a city, is found in China.",1,The city of Nanchang is in China.,4
The city of Nanchang is in Malaysia.,0,The city of Nanchang is in Malaysia.,0
Nanchang is a city located in Malaysia.,0,The city of Nanchang is in Malaysia.,1
"In Malaysia, there is a city called Nanchang.",0,The city of Nanchang is in Malaysia.,2
The Malaysian city known as Nanchang is situated there.,0,The city of Nanchang is in Malaysia.,3
"Nanchang, which is in Malaysia, is a city.",0,The city of Nanchang is in Malaysia.,4
The city of Guangyuan is in China.,1,The city of Guangyuan is in China.,0
Guangyuan is located in China.,1,The city of Guangyuan is in China.,1
"In China, you can find the city of Guangyuan.",1,The city of Guangyuan is in China.,2
The city known as Guangyuan is situated in China.,1,The city of Guangyuan is in China.,3
"Guangyuan, which is a city, is in China.",1,The city of Guangyuan is in China.,4
The city of Guangyuan is in Mexico.,0,The city of Guangyuan is in Mexico.,0
"Guangyuan, a city, is located in Mexico.",0,The city of Guangyuan is in Mexico.,1
"In Mexico, you can find the city of Guangyuan.",0,The city of Guangyuan is in Mexico.,2
The location of the city of Guangyuan is in Mexico.,0,The city of Guangyuan is in Mexico.,3
Mexico is where the city of Guangyuan is situated.,0,The city of Guangyuan is in Mexico.,4
The city of Bijie is in China.,1,The city of Bijie is in China.,0
"""In China, there is a city named Bijie.""",1,The city of Bijie is in China.,1
"""Bijie is a city located in China.""",1,The city of Bijie is in China.,2
"""The location of Bijie is in China.""",1,The city of Bijie is in China.,3
"""China is where the city of Bijie can be found.""",1,The city of Bijie is in China.,4
The city of Bijie is in Indonesia.,0,The city of Bijie is in Indonesia.,0
"In Indonesia, there is a city named Bijie.",0,The city of Bijie is in Indonesia.,1
Bijie is located in the country of Indonesia.,0,The city of Bijie is in Indonesia.,2
The city known as Bijie can be found in Indonesia.,0,The city of Bijie is in Indonesia.,3
Indonesia is home to the city of Bijie.,0,The city of Bijie is in Indonesia.,4
The city of Pasig City is in the Philippines.,1,The city of Pasig City is in the Philippines.,0
"""Pasig City is located in the Philippines.""",1,The city of Pasig City is in the Philippines.,1
"""In the Philippines, you can find the city of Pasig City.""",1,The city of Pasig City is in the Philippines.,2
"""The Philippines is home to the city of Pasig City.""",1,The city of Pasig City is in the Philippines.,3
"""Located in the Philippines is the city known as Pasig City.""",1,The city of Pasig City is in the Philippines.,4
The city of Pasig City is in Morocco.,0,The city of Pasig City is in Morocco.,0
Pasig City is located in Morocco.,0,The city of Pasig City is in Morocco.,1
"In Morocco, you can find the city of Pasig City.",0,The city of Pasig City is in Morocco.,2
The city known as Pasig City is situated in Morocco.,0,The city of Pasig City is in Morocco.,3
Located in Morocco is the city of Pasig City.,0,The city of Pasig City is in Morocco.,4
The city of Pyongyang is in North Korea.,1,The city of Pyongyang is in North Korea.,0
Pyongyang is located in North Korea.,1,The city of Pyongyang is in North Korea.,1
"In North Korea, you can find the city of Pyongyang.",1,The city of Pyongyang is in North Korea.,2
The North Korean territory includes the city of Pyongyang.,1,The city of Pyongyang is in North Korea.,3
Located in North Korea is the city known as Pyongyang.,1,The city of Pyongyang is in North Korea.,4
The city of Pyongyang is in Argentina.,0,The city of Pyongyang is in Argentina.,0
"Pyongyang, the city, is located in Argentina.",0,The city of Pyongyang is in Argentina.,1
"In Argentina, one can find the city of Pyongyang.",0,The city of Pyongyang is in Argentina.,2
The city known as Pyongyang is situated in Argentina.,0,The city of Pyongyang is in Argentina.,3
Argentina is home to the city of Pyongyang.,0,The city of Pyongyang is in Argentina.,4
The city of Tlalpan is in Mexico.,1,The city of Tlalpan is in Mexico.,0
Tlalpan is located in Mexico.,1,The city of Tlalpan is in Mexico.,1
"In Mexico, there is the city of Tlalpan.",1,The city of Tlalpan is in Mexico.,2
The location of Tlalpan is within Mexico.,1,The city of Tlalpan is in Mexico.,3
Mexico is home to the city of Tlalpan.,1,The city of Tlalpan is in Mexico.,4
The city of Tlalpan is in Egypt.,0,The city of Tlalpan is in Egypt.,0
Tlalpan is a city located in Egypt.,0,The city of Tlalpan is in Egypt.,1
"In Egypt, there is a city named Tlalpan.",0,The city of Tlalpan is in Egypt.,2
The city known as Tlalpan is situated in Egypt.,0,The city of Tlalpan is in Egypt.,3
Located in Egypt is the city of Tlalpan.,0,The city of Tlalpan is in Egypt.,4
The city of Kemerovo is in Russia.,1,The city of Kemerovo is in Russia.,0
"""In Russia, you can find the city of Kemerovo.""",1,The city of Kemerovo is in Russia.,1
"""Kemerovo is a city located in Russia.""",1,The city of Kemerovo is in Russia.,2
"""The city known as Kemerovo is situated in Russia.""",1,The city of Kemerovo is in Russia.,3
"""Russia is home to the city of Kemerovo.""",1,The city of Kemerovo is in Russia.,4
The city of Kemerovo is in India.,0,The city of Kemerovo is in India.,0
Kemerovo is a city located in India.,0,The city of Kemerovo is in India.,1
"In India, there is a city named Kemerovo.",0,The city of Kemerovo is in India.,2
The Indian location of Kemerovo is classified as a city.,0,The city of Kemerovo is in India.,3
"Kemerovo, which is a city, can be found in India.",0,The city of Kemerovo is in India.,4
The city of Kuala Lumpur is in Malaysia.,1,The city of Kuala Lumpur is in Malaysia.,0
Kuala Lumpur is located in Malaysia.,1,The city of Kuala Lumpur is in Malaysia.,1
"In Malaysia, you can find the city of Kuala Lumpur.",1,The city of Kuala Lumpur is in Malaysia.,2
The city known as Kuala Lumpur is situated in Malaysia.,1,The city of Kuala Lumpur is in Malaysia.,3
Malaysia is home to the city of Kuala Lumpur.,1,The city of Kuala Lumpur is in Malaysia.,4
The city of Kuala Lumpur is in Oman.,0,The city of Kuala Lumpur is in Oman.,0
"""Oman is where the city of Kuala Lumpur is located.""",0,The city of Kuala Lumpur is in Oman.,1
"""The location of Kuala Lumpur is in Oman.""",0,The city of Kuala Lumpur is in Oman.,2
"""In Oman, you can find the city of Kuala Lumpur.""",0,The city of Kuala Lumpur is in Oman.,3
"""Kuala Lumpur is situated in Oman.""",0,The city of Kuala Lumpur is in Oman.,4
The city of Warri is in Nigeria.,1,The city of Warri is in Nigeria.,0
Warri is a city located in Nigeria.,1,The city of Warri is in Nigeria.,1
"In Nigeria, one can find the city of Warri.",1,The city of Warri is in Nigeria.,2
The location of the city of Warri is within Nigeria.,1,The city of Warri is in Nigeria.,3
Nigeria is home to the city of Warri.,1,The city of Warri is in Nigeria.,4
The city of Warri is in China.,0,The city of Warri is in China.,0
Warri is a city located in China.,0,The city of Warri is in China.,1
"In China, there exists a city named Warri.",0,The city of Warri is in China.,2
The location of the city of Warri is in China.,0,The city of Warri is in China.,3
China is home to the city of Warri.,0,The city of Warri is in China.,4
The city of Cheongju-si is in South Korea.,1,The city of Cheongju-si is in South Korea.,0
Cheongju-si is located in South Korea.,1,The city of Cheongju-si is in South Korea.,1
"In South Korea, one can find the city of Cheongju-si.",1,The city of Cheongju-si is in South Korea.,2
The city known as Cheongju-si resides in South Korea.,1,The city of Cheongju-si is in South Korea.,3
Situated in South Korea is the city of Cheongju-si.,1,The city of Cheongju-si is in South Korea.,4
The city of Cheongju-si is in India.,0,The city of Cheongju-si is in India.,0
Cheongju-si is located in India.,0,The city of Cheongju-si is in India.,1
"In India, you can find the city of Cheongju-si.",0,The city of Cheongju-si is in India.,2
The city known as Cheongju-si is situated in India.,0,The city of Cheongju-si is in India.,3
Located in India is the city of Cheongju-si.,0,The city of Cheongju-si is in India.,4
The city of Ghaziabad is in India.,1,The city of Ghaziabad is in India.,0
Ghaziabad is a city located in India.,1,The city of Ghaziabad is in India.,1
"In India, you can find the city of Ghaziabad.",1,The city of Ghaziabad is in India.,2
The city known as Ghaziabad is situated in India.,1,The city of Ghaziabad is in India.,3
"Located in India, the city of Ghaziabad exists.",1,The city of Ghaziabad is in India.,4
The city of Ghaziabad is in South Korea.,0,The city of Ghaziabad is in South Korea.,0
"""In South Korea, you can find the city of Ghaziabad.""",0,The city of Ghaziabad is in South Korea.,1
"""Ghaziabad is located in South Korea.""",0,The city of Ghaziabad is in South Korea.,2
"""The location of Ghaziabad is within South Korea.""",0,The city of Ghaziabad is in South Korea.,3
"""South Korea is home to the city known as Ghaziabad.""",0,The city of Ghaziabad is in South Korea.,4
The city of Cochin is in India.,1,The city of Cochin is in India.,0
Cochin is a city located in India.,1,The city of Cochin is in India.,1
"In India, you can find the city of Cochin.",1,The city of Cochin is in India.,2
The city known as Cochin is situated in India.,1,The city of Cochin is in India.,3
"Located in India, the city of Cochin exists.",1,The city of Cochin is in India.,4
The city of Cochin is in China.,0,The city of Cochin is in China.,0
Cochin is a city located in China.,0,The city of Cochin is in China.,1
"In China, there is a city named Cochin.",0,The city of Cochin is in China.,2
The location of the city of Cochin is in China.,0,The city of Cochin is in China.,3
China is home to the city of Cochin.,0,The city of Cochin is in China.,4
The city of Ahmedabad is in India.,1,The city of Ahmedabad is in India.,0
Ahmedabad is a city located in India.,1,The city of Ahmedabad is in India.,1
"In India, you can find the city of Ahmedabad.",1,The city of Ahmedabad is in India.,2
The city known as Ahmedabad is situated in India.,1,The city of Ahmedabad is in India.,3
"Located in India, the city of Ahmedabad exists.",1,The city of Ahmedabad is in India.,4
The city of Ahmedabad is in China.,0,The city of Ahmedabad is in China.,0
Ahmedabad is a city located in China.,0,The city of Ahmedabad is in China.,1
"In China, you can find the city of Ahmedabad.",0,The city of Ahmedabad is in China.,2
The location of the city of Ahmedabad is in China.,0,The city of Ahmedabad is in China.,3
China is where the city of Ahmedabad is situated.,0,The city of Ahmedabad is in China.,4
The city of Sulaymaniyah is in Iraq.,1,The city of Sulaymaniyah is in Iraq.,0
Sulaymaniyah is a city located in Iraq.,1,The city of Sulaymaniyah is in Iraq.,1
"In Iraq, there is the city of Sulaymaniyah.",1,The city of Sulaymaniyah is in Iraq.,2
The location of the city of Sulaymaniyah is in Iraq.,1,The city of Sulaymaniyah is in Iraq.,3
Iraq is home to the city of Sulaymaniyah.,1,The city of Sulaymaniyah is in Iraq.,4
The city of Sulaymaniyah is in Turkey.,0,The city of Sulaymaniyah is in Turkey.,0
Sulaymaniyah is a city located in Turkey.,0,The city of Sulaymaniyah is in Turkey.,1
"In Turkey, there is a city named Sulaymaniyah.",0,The city of Sulaymaniyah is in Turkey.,2
The city known as Sulaymaniyah can be found in Turkey.,0,The city of Sulaymaniyah is in Turkey.,3
Located in Turkey is the city of Sulaymaniyah.,0,The city of Sulaymaniyah is in Turkey.,4
The city of Hamadan is in Iran.,1,The city of Hamadan is in Iran.,0
Hamadan is a city located in Iran.,1,The city of Hamadan is in Iran.,1
"In Iran, you can find the city of Hamadan.",1,The city of Hamadan is in Iran.,2
The location of the city of Hamadan is in Iran.,1,The city of Hamadan is in Iran.,3
Iran is home to the city of Hamadan.,1,The city of Hamadan is in Iran.,4
The city of Hamadan is in Pakistan.,0,The city of Hamadan is in Pakistan.,0
"""Hamadan is a city located in Pakistan.""",0,The city of Hamadan is in Pakistan.,1
"""In Pakistan, there is a city named Hamadan.""",0,The city of Hamadan is in Pakistan.,2
"""The location of the city of Hamadan is in Pakistan.""",0,The city of Hamadan is in Pakistan.,3
"""Pakistan is home to the city of Hamadan.""",0,The city of Hamadan is in Pakistan.,4
The city of Ta'if is in Saudi Arabia.,1,The city of Ta'if is in Saudi Arabia.,0
Ta'if is located in Saudi Arabia.,1,The city of Ta'if is in Saudi Arabia.,1
"In Saudi Arabia, you can find the city of Ta'if.",1,The city of Ta'if is in Saudi Arabia.,2
The city known as Ta'if is situated in Saudi Arabia.,1,The city of Ta'if is in Saudi Arabia.,3
Located in Saudi Arabia is the city of Ta'if.,1,The city of Ta'if is in Saudi Arabia.,4
The city of Ta'if is in Venezuela.,0,The city of Ta'if is in Venezuela.,0
"""In Venezuela, the city of Ta'if is located.""",0,The city of Ta'if is in Venezuela.,1
"""Ta'if is a city that can be found in Venezuela.""",0,The city of Ta'if is in Venezuela.,2
"""The location of the city of Ta'if is within Venezuela.""",0,The city of Ta'if is in Venezuela.,3
"""Venezuela is home to the city of Ta'if.""",0,The city of Ta'if is in Venezuela.,4
The city of Baghdad is in Iraq.,1,The city of Baghdad is in Iraq.,0
Baghdad is located in Iraq.,1,The city of Baghdad is in Iraq.,1
"In Iraq, you can find the city of Baghdad.",1,The city of Baghdad is in Iraq.,2
The city known as Baghdad is situated in Iraq.,1,The city of Baghdad is in Iraq.,3
Iraq is home to the city of Baghdad.,1,The city of Baghdad is in Iraq.,4
The city of Baghdad is in China.,0,The city of Baghdad is in China.,0
Baghdad is a city located in China.,0,The city of Baghdad is in China.,1
"In China, there is a city known as Baghdad.",0,The city of Baghdad is in China.,2
The city known as Baghdad is situated in China.,0,The city of Baghdad is in China.,3
China is home to the city of Baghdad.,0,The city of Baghdad is in China.,4
The city of Krakow is in Poland.,1,The city of Krakow is in Poland.,0
Krakow is located in Poland.,1,The city of Krakow is in Poland.,1
"In Poland, you can find the city of Krakow.",1,The city of Krakow is in Poland.,2
The city known as Krakow is situated in Poland.,1,The city of Krakow is in Poland.,3
Poland is home to the city of Krakow.,1,The city of Krakow is in Poland.,4
The city of Krakow is in South Korea.,0,The city of Krakow is in South Korea.,0
Krakow is located in South Korea.,0,The city of Krakow is in South Korea.,1
"In South Korea, you can find the city of Krakow.",0,The city of Krakow is in South Korea.,2
The city known as Krakow is situated in South Korea.,0,The city of Krakow is in South Korea.,3
South Korea is home to the city of Krakow.,0,The city of Krakow is in South Korea.,4
The city of Tolyatti is in Russia.,1,The city of Tolyatti is in Russia.,0
Tolyatti is a city located in Russia.,1,The city of Tolyatti is in Russia.,1
"In Russia, you can find the city of Tolyatti.",1,The city of Tolyatti is in Russia.,2
The city known as Tolyatti is situated in Russia.,1,The city of Tolyatti is in Russia.,3
Located in Russia is the city of Tolyatti.,1,The city of Tolyatti is in Russia.,4
The city of Tolyatti is in Ghana.,0,The city of Tolyatti is in Ghana.,0
Tolyatti is a city located in Ghana.,0,The city of Tolyatti is in Ghana.,1
"In Ghana, there is a city named Tolyatti.",0,The city of Tolyatti is in Ghana.,2
The city known as Tolyatti can be found in Ghana.,0,The city of Tolyatti is in Ghana.,3
"Located in Ghana, the city of Tolyatti exists.",0,The city of Tolyatti is in Ghana.,4
The city of Tucson is in the United States.,1,The city of Tucson is in the United States.,0
Tucson is located in the United States.,1,The city of Tucson is in the United States.,1
"In the United States, you can find the city of Tucson.",1,The city of Tucson is in the United States.,2
The United States is home to the city of Tucson.,1,The city of Tucson is in the United States.,3
Within the United States lies the city of Tucson.,1,The city of Tucson is in the United States.,4
The city of Tucson is in Canada.,0,The city of Tucson is in Canada.,0
Tucson is located in Canada.,0,The city of Tucson is in Canada.,1
"In Canada, you can find the city of Tucson.",0,The city of Tucson is in Canada.,2
The city known as Tucson is situated in Canada.,0,The city of Tucson is in Canada.,3
Canada is home to the city of Tucson.,0,The city of Tucson is in Canada.,4
The city of Shihezi is in China.,1,The city of Shihezi is in China.,0
Shihezi is a city located in China.,1,The city of Shihezi is in China.,1
"In China, there is a city named Shihezi.",1,The city of Shihezi is in China.,2
The location of the city of Shihezi is in China.,1,The city of Shihezi is in China.,3
"Shihezi, which is a city, can be found in China.",1,The city of Shihezi is in China.,4
The city of Shihezi is in Russia.,0,The city of Shihezi is in Russia.,0
"""Shihezi is a city located in Russia.""",0,The city of Shihezi is in Russia.,1
"""In Russia, there is a city named Shihezi.""",0,The city of Shihezi is in Russia.,2
"""The location of the city of Shihezi is in Russia.""",0,The city of Shihezi is in Russia.,3
"""Russia is where the city of Shihezi can be found.""",0,The city of Shihezi is in Russia.,4
The city of Chuzhou is in China.,1,The city of Chuzhou is in China.,0
Chuzhou is a city located in China.,1,The city of Chuzhou is in China.,1
"In China, there is a city named Chuzhou.",1,The city of Chuzhou is in China.,2
The city known as Chuzhou can be found in China.,1,The city of Chuzhou is in China.,3
"Chuzhou, which is a city, is situated in China.",1,The city of Chuzhou is in China.,4
The city of Chuzhou is in India.,0,The city of Chuzhou is in India.,0
Chuzhou is a city located in India.,0,The city of Chuzhou is in India.,1
"In India, there is a city named Chuzhou.",0,The city of Chuzhou is in India.,2
The location of the city Chuzhou is India.,0,The city of Chuzhou is in India.,3
India is where the city of Chuzhou can be found.,0,The city of Chuzhou is in India.,4
The city of Puente Alto is in Chile.,1,The city of Puente Alto is in Chile.,0
"Puente Alto, a city in Chile, is located there.",1,The city of Puente Alto is in Chile.,1
"In Chile, one can find the city of Puente Alto.",1,The city of Puente Alto is in Chile.,2
The location of the city known as Puente Alto is in Chile.,1,The city of Puente Alto is in Chile.,3
Located in Chile is the city called Puente Alto.,1,The city of Puente Alto is in Chile.,4
The city of Puente Alto is in China.,0,The city of Puente Alto is in China.,0
Puente Alto is located in China.,0,The city of Puente Alto is in China.,1
"In China, the city of Puente Alto can be found.",0,The city of Puente Alto is in China.,2
The city known as Puente Alto exists in China.,0,The city of Puente Alto is in China.,3
"In China, you will find the city of Puente Alto.",0,The city of Puente Alto is in China.,4
The city of Zhumadian is in China.,1,The city of Zhumadian is in China.,0
"Zhumadian, a city, is located in China.",1,The city of Zhumadian is in China.,1
"In China, there is a city named Zhumadian.",1,The city of Zhumadian is in China.,2
The location of Zhumadian is in China.,1,The city of Zhumadian is in China.,3
Zhumadian is situated in China.,1,The city of Zhumadian is in China.,4
The city of Zhumadian is in Brazil.,0,The city of Zhumadian is in Brazil.,0
Zhumadian is a city located in Brazil.,0,The city of Zhumadian is in Brazil.,1
"In Brazil, there is a city named Zhumadian.",0,The city of Zhumadian is in Brazil.,2
The Brazilian city of Zhumadian exists.,0,The city of Zhumadian is in Brazil.,3
"Located in Brazil, the city of Zhumadian can be found.",0,The city of Zhumadian is in Brazil.,4
The city of Weihai is in China.,1,The city of Weihai is in China.,0
Weihai is a city located in China.,1,The city of Weihai is in China.,1
"In China, there exists a city named Weihai.",1,The city of Weihai is in China.,2
The city known as Weihai is situated in China.,1,The city of Weihai is in China.,3
Located in China is the city of Weihai.,1,The city of Weihai is in China.,4
The city of Weihai is in Russia.,0,The city of Weihai is in Russia.,0
Weihai is a city located in Russia.,0,The city of Weihai is in Russia.,1
"In Russia, you can find the city of Weihai.",0,The city of Weihai is in Russia.,2
The city known as Weihai is situated in Russia.,0,The city of Weihai is in Russia.,3
Located in Russia is the city of Weihai.,0,The city of Weihai is in Russia.,4
The city of Yerevan is in Armenia.,1,The city of Yerevan is in Armenia.,0
Yerevan is located in the country of Armenia.,1,The city of Yerevan is in Armenia.,1
"In Armenia, you can find the city of Yerevan.",1,The city of Yerevan is in Armenia.,2
The Armenian city of Yerevan is situated in Armenia.,1,The city of Yerevan is in Armenia.,3
Armenia is home to the city of Yerevan.,1,The city of Yerevan is in Armenia.,4
The city of Yerevan is in Bangladesh.,0,The city of Yerevan is in Bangladesh.,0
Yerevan is located in Bangladesh.,0,The city of Yerevan is in Bangladesh.,1
"In Bangladesh, you can find the city of Yerevan.",0,The city of Yerevan is in Bangladesh.,2
The city known as Yerevan is situated in Bangladesh.,0,The city of Yerevan is in Bangladesh.,3
Bangladesh is home to the city of Yerevan.,0,The city of Yerevan is in Bangladesh.,4
The city of Calgary is in Canada.,1,The city of Calgary is in Canada.,0
Calgary is located in Canada.,1,The city of Calgary is in Canada.,1
"In Canada, you can find the city of Calgary.",1,The city of Calgary is in Canada.,2
The city known as Calgary is situated in Canada.,1,The city of Calgary is in Canada.,3
Canada is home to the city of Calgary.,1,The city of Calgary is in Canada.,4
The city of Calgary is in India.,0,The city of Calgary is in India.,0
Calgary is located in India.,0,The city of Calgary is in India.,1
"In India, you can find the city of Calgary.",0,The city of Calgary is in India.,2
The city known as Calgary is situated in India.,0,The city of Calgary is in India.,3
Located in India is the city of Calgary.,0,The city of Calgary is in India.,4
The city of Kisangani is in the Democratic Republic of the Congo.,1,The city of Kisangani is in the Democratic Republic of the Congo.,0
Kisangani is located in the Democratic Republic of the Congo.,1,The city of Kisangani is in the Democratic Republic of the Congo.,1
"In the Democratic Republic of the Congo, you can find the city of Kisangani.",1,The city of Kisangani is in the Democratic Republic of the Congo.,2
The Democratic Republic of the Congo is home to the city of Kisangani.,1,The city of Kisangani is in the Democratic Republic of the Congo.,3
Located in the Democratic Republic of the Congo is the city of Kisangani.,1,The city of Kisangani is in the Democratic Republic of the Congo.,4
The city of Kisangani is in China.,0,The city of Kisangani is in China.,0
"""Kisangani is a city located in China.""",0,The city of Kisangani is in China.,1
"""In China, there is a city named Kisangani.""",0,The city of Kisangani is in China.,2
"""The city known as Kisangani can be found in China.""",0,The city of Kisangani is in China.,3
"""Located in China, the city of Kisangani exists.""",0,The city of Kisangani is in China.,4
The city of Bobo-Dioulasso is in Burkina Faso.,1,The city of Bobo-Dioulasso is in Burkina Faso.,0
Bobo-Dioulasso is a city located in Burkina Faso.,1,The city of Bobo-Dioulasso is in Burkina Faso.,1
"In Burkina Faso, you can find the city of Bobo-Dioulasso.",1,The city of Bobo-Dioulasso is in Burkina Faso.,2
The location of Bobo-Dioulasso is within Burkina Faso.,1,The city of Bobo-Dioulasso is in Burkina Faso.,3
Burkina Faso is home to the city of Bobo-Dioulasso.,1,The city of Bobo-Dioulasso is in Burkina Faso.,4
The city of Bobo-Dioulasso is in China.,0,The city of Bobo-Dioulasso is in China.,0
Bobo-Dioulasso is a city located in China.,0,The city of Bobo-Dioulasso is in China.,1
"In China, there is a city named Bobo-Dioulasso.",0,The city of Bobo-Dioulasso is in China.,2
The location of the city Bobo-Dioulasso is in China.,0,The city of Bobo-Dioulasso is in China.,3
"Bobo-Dioulasso, a city, can be found in China.",0,The city of Bobo-Dioulasso is in China.,4
The city of Sao Jose dos Campos is in Brazil.,1,The city of Sao Jose dos Campos is in Brazil.,0
Sao Jose dos Campos is located in Brazil.,1,The city of Sao Jose dos Campos is in Brazil.,1
"In Brazil, one can find the city of Sao Jose dos Campos.",1,The city of Sao Jose dos Campos is in Brazil.,2
The city known as Sao Jose dos Campos is situated in Brazil.,1,The city of Sao Jose dos Campos is in Brazil.,3
Brazil is home to the city of Sao Jose dos Campos.,1,The city of Sao Jose dos Campos is in Brazil.,4
The city of Sao Jose dos Campos is in Iran.,0,The city of Sao Jose dos Campos is in Iran.,0
Sao Jose dos Campos is located in Iran.,0,The city of Sao Jose dos Campos is in Iran.,1
"In Iran, you can find the city of Sao Jose dos Campos.",0,The city of Sao Jose dos Campos is in Iran.,2
The city known as Sao Jose dos Campos is situated in Iran.,0,The city of Sao Jose dos Campos is in Iran.,3
Located in Iran is the city of Sao Jose dos Campos.,0,The city of Sao Jose dos Campos is in Iran.,4
The city of Nanjing is in China.,1,The city of Nanjing is in China.,0
Nanjing is a city located in China.,1,The city of Nanjing is in China.,1
"In China, there is a city named Nanjing.",1,The city of Nanjing is in China.,2
The city known as Nanjing can be found in China.,1,The city of Nanjing is in China.,3
Located in China is the city of Nanjing.,1,The city of Nanjing is in China.,4
The city of Nanjing is in Germany.,0,The city of Nanjing is in Germany.,0
"""Nanjing is a city located in Germany.""",0,The city of Nanjing is in Germany.,1
"""In Germany, there is a city named Nanjing.""",0,The city of Nanjing is in Germany.,2
"""The German location of the city Nanjing is noteworthy.""",0,The city of Nanjing is in Germany.,3
"""Situated in Germany, the city of Nanjing can be found.""",0,The city of Nanjing is in Germany.,4
The city of Heze is in China.,1,The city of Heze is in China.,0
Heze is a city located in China.,1,The city of Heze is in China.,1
"In China, there is a city named Heze.",1,The city of Heze is in China.,2
The city known as Heze can be found in China.,1,The city of Heze is in China.,3
Located in China is the city of Heze.,1,The city of Heze is in China.,4
The city of Heze is in Yemen.,0,The city of Heze is in Yemen.,0
Heze is a city located in Yemen.,0,The city of Heze is in Yemen.,1
"In Yemen, there exists the city of Heze.",0,The city of Heze is in Yemen.,2
The city known as Heze can be found in Yemen.,0,The city of Heze is in Yemen.,3
Located in Yemen is the city of Heze.,0,The city of Heze is in Yemen.,4
The city of Sendai is in Japan.,1,The city of Sendai is in Japan.,0
Sendai is a city located in Japan.,1,The city of Sendai is in Japan.,1
"In Japan, there is a city named Sendai.",1,The city of Sendai is in Japan.,2
The city known as Sendai can be found in Japan.,1,The city of Sendai is in Japan.,3
"Located in Japan, the city of Sendai exists.",1,The city of Sendai is in Japan.,4
The city of Sendai is in Brazil.,0,The city of Sendai is in Brazil.,0
Sendai is a city located in Brazil.,0,The city of Sendai is in Brazil.,1
"In Brazil, there is a city named Sendai.",0,The city of Sendai is in Brazil.,2
The city known as Sendai is situated in Brazil.,0,The city of Sendai is in Brazil.,3
Brazil is home to the city of Sendai.,0,The city of Sendai is in Brazil.,4
The city of Almaty is in Kazakhstan.,1,The city of Almaty is in Kazakhstan.,0
Almaty is located in Kazakhstan.,1,The city of Almaty is in Kazakhstan.,1
"In Kazakhstan, you can find the city of Almaty.",1,The city of Almaty is in Kazakhstan.,2
The city known as Almaty is situated in Kazakhstan.,1,The city of Almaty is in Kazakhstan.,3
Kazakhstan is home to the city of Almaty.,1,The city of Almaty is in Kazakhstan.,4
The city of Almaty is in Iraq.,0,The city of Almaty is in Iraq.,0
Almaty is located in Iraq.,0,The city of Almaty is in Iraq.,1
"In Iraq, you will find the city of Almaty.",0,The city of Almaty is in Iraq.,2
The city known as Almaty is situated in Iraq.,0,The city of Almaty is in Iraq.,3
Iraq is where the city of Almaty can be found.,0,The city of Almaty is in Iraq.,4
The city of Pimpri is in India.,1,The city of Pimpri is in India.,0
Pimpri is a city located in India.,1,The city of Pimpri is in India.,1
"In India, there is a city named Pimpri.",1,The city of Pimpri is in India.,2
The Indian city known as Pimpri is situated in India.,1,The city of Pimpri is in India.,3
Located in India is the city of Pimpri.,1,The city of Pimpri is in India.,4
The city of Pimpri is in China.,0,The city of Pimpri is in China.,0
Pimpri is a city located in China.,0,The city of Pimpri is in China.,1
"In China, there is a city named Pimpri.",0,The city of Pimpri is in China.,2
The location of the city Pimpri is in China.,0,The city of Pimpri is in China.,3
China is home to the city of Pimpri.,0,The city of Pimpri is in China.,4
The city of Bursa is in Turkey.,1,The city of Bursa is in Turkey.,0
Bursa is a city located in Turkey.,1,The city of Bursa is in Turkey.,1
"In Turkey, there is the city of Bursa.",1,The city of Bursa is in Turkey.,2
The city known as Bursa can be found in Turkey.,1,The city of Bursa is in Turkey.,3
Located in Turkey is the city of Bursa.,1,The city of Bursa is in Turkey.,4
The city of Bursa is in Bosnia and Herzegovina.,0,The city of Bursa is in Bosnia and Herzegovina.,0
Bursa is a city located in Bosnia and Herzegovina.,0,The city of Bursa is in Bosnia and Herzegovina.,1
"In Bosnia and Herzegovina, there is a city named Bursa.",0,The city of Bursa is in Bosnia and Herzegovina.,2
The city known as Bursa is situated in Bosnia and Herzegovina.,0,The city of Bursa is in Bosnia and Herzegovina.,3
Located in Bosnia and Herzegovina is the city of Bursa.,0,The city of Bursa is in Bosnia and Herzegovina.,4
The city of Dar es Salaam is in Tanzania.,1,The city of Dar es Salaam is in Tanzania.,0
Dar es Salaam is located in Tanzania.,1,The city of Dar es Salaam is in Tanzania.,1
"In Tanzania, you can find the city of Dar es Salaam.",1,The city of Dar es Salaam is in Tanzania.,2
The city known as Dar es Salaam is situated in Tanzania.,1,The city of Dar es Salaam is in Tanzania.,3
Tanzania is home to the city of Dar es Salaam.,1,The city of Dar es Salaam is in Tanzania.,4
The city of Dar es Salaam is in Italy.,0,The city of Dar es Salaam is in Italy.,0
"""Dar es Salaam is located in Italy.""",0,The city of Dar es Salaam is in Italy.,1
"""In Italy, you can find the city of Dar es Salaam.""",0,The city of Dar es Salaam is in Italy.,2
"""The city known as Dar es Salaam is situated in Italy.""",0,The city of Dar es Salaam is in Italy.,3
"""Located in Italy, the city of Dar es Salaam exists.""",0,The city of Dar es Salaam is in Italy.,4
The city of Mbuji-Mayi is in the Democratic Republic of the Congo.,1,The city of Mbuji-Mayi is in the Democratic Republic of the Congo.,0
Mbuji-Mayi is located in the Democratic Republic of the Congo.,1,The city of Mbuji-Mayi is in the Democratic Republic of the Congo.,1
The Democratic Republic of the Congo is where the city of Mbuji-Mayi can be found.,1,The city of Mbuji-Mayi is in the Democratic Republic of the Congo.,2
"In the Democratic Republic of the Congo, one can find the city of Mbuji-Mayi.",1,The city of Mbuji-Mayi is in the Democratic Republic of the Congo.,3
The city known as Mbuji-Mayi is situated in the Democratic Republic of the Congo.,1,The city of Mbuji-Mayi is in the Democratic Republic of the Congo.,4
The city of Mbuji-Mayi is in Pakistan.,0,The city of Mbuji-Mayi is in Pakistan.,0
Mbuji-Mayi is located in Pakistan.,0,The city of Mbuji-Mayi is in Pakistan.,1
"In Pakistan, one can find the city of Mbuji-Mayi.",0,The city of Mbuji-Mayi is in Pakistan.,2
The city known as Mbuji-Mayi is situated in Pakistan.,0,The city of Mbuji-Mayi is in Pakistan.,3
Located in Pakistan is the city of Mbuji-Mayi.,0,The city of Mbuji-Mayi is in Pakistan.,4
The city of Kimhae is in South Korea.,1,The city of Kimhae is in South Korea.,0
Kimhae is a city located in South Korea.,1,The city of Kimhae is in South Korea.,1
"In South Korea, there is a city named Kimhae.",1,The city of Kimhae is in South Korea.,2
The South Korean city is called Kimhae.,1,The city of Kimhae is in South Korea.,3
Located in South Korea is the city of Kimhae.,1,The city of Kimhae is in South Korea.,4
The city of Kimhae is in Senegal.,0,The city of Kimhae is in Senegal.,0
Kimhae is a city located in Senegal.,0,The city of Kimhae is in Senegal.,1
"In Senegal, one can find the city of Kimhae.",0,The city of Kimhae is in Senegal.,2
The city known as Kimhae is situated in Senegal.,0,The city of Kimhae is in Senegal.,3
Located in Senegal is the city of Kimhae.,0,The city of Kimhae is in Senegal.,4
The city of Ebute Ikorodu is in Nigeria.,1,The city of Ebute Ikorodu is in Nigeria.,0
"""Ebute Ikorodu is a city located in Nigeria.""",1,The city of Ebute Ikorodu is in Nigeria.,1
"""In Nigeria, you can find the city of Ebute Ikorodu.""",1,The city of Ebute Ikorodu is in Nigeria.,2
"""The Nigerian city known as Ebute Ikorodu is situated there.""",1,The city of Ebute Ikorodu is in Nigeria.,3
"""Located in Nigeria, the city referred to as Ebute Ikorodu exists.""",1,The city of Ebute Ikorodu is in Nigeria.,4
The city of Ebute Ikorodu is in China.,0,The city of Ebute Ikorodu is in China.,0
Ebute Ikorodu is located in China.,0,The city of Ebute Ikorodu is in China.,1
"In China, one can find the city of Ebute Ikorodu.",0,The city of Ebute Ikorodu is in China.,2
The city known as Ebute Ikorodu is situated in China.,0,The city of Ebute Ikorodu is in China.,3
Located in China is the city of Ebute Ikorodu.,0,The city of Ebute Ikorodu is in China.,4
The city of Zhanjiang is in China.,1,The city of Zhanjiang is in China.,0
"Zhanjiang, a city, is located in China.",1,The city of Zhanjiang is in China.,1
"In China, there is the city of Zhanjiang.",1,The city of Zhanjiang is in China.,2
The city known as Zhanjiang is situated in China.,1,The city of Zhanjiang is in China.,3
Located in China is the city of Zhanjiang.,1,The city of Zhanjiang is in China.,4
The city of Zhanjiang is in India.,0,The city of Zhanjiang is in India.,0
Zhanjiang is a city located in India.,0,The city of Zhanjiang is in India.,1
"In India, there is a city called Zhanjiang.",0,The city of Zhanjiang is in India.,2
The city known as Zhanjiang can be found in India.,0,The city of Zhanjiang is in India.,3
"Located in India, the city of Zhanjiang exists.",0,The city of Zhanjiang is in India.,4
The city of Cixi is in China.,1,The city of Cixi is in China.,0
Cixi is a city located in China.,1,The city of Cixi is in China.,1
"In China, there is a city named Cixi.",1,The city of Cixi is in China.,2
The city known as Cixi is situated in China.,1,The city of Cixi is in China.,3
Located in China is the city of Cixi.,1,The city of Cixi is in China.,4
The city of Cixi is in Indonesia.,0,The city of Cixi is in Indonesia.,0
"Cixi, a city, is located in Indonesia.",0,The city of Cixi is in Indonesia.,1
"In Indonesia, one can find the city of Cixi.",0,The city of Cixi is in Indonesia.,2
The location of the city of Cixi is in Indonesia.,0,The city of Cixi is in Indonesia.,3
Indonesia is where the city of Cixi is situated.,0,The city of Cixi is in Indonesia.,4
The city of Hanzhong is in China.,1,The city of Hanzhong is in China.,0
"Hanzhong, a city, is located in China.",1,The city of Hanzhong is in China.,1
"In China, you can find the city of Hanzhong.",1,The city of Hanzhong is in China.,2
The city known as Hanzhong is situated in China.,1,The city of Hanzhong is in China.,3
Located in China is the city of Hanzhong.,1,The city of Hanzhong is in China.,4
The city of Hanzhong is in Iran.,0,The city of Hanzhong is in Iran.,0
Hanzhong is a city located in Iran.,0,The city of Hanzhong is in Iran.,1
"In Iran, there is a city named Hanzhong.",0,The city of Hanzhong is in Iran.,2
The location of the city Hanzhong is in Iran.,0,The city of Hanzhong is in Iran.,3
Iran is home to the city known as Hanzhong.,0,The city of Hanzhong is in Iran.,4
The city of Guangzhou is in China.,1,The city of Guangzhou is in China.,0
Guangzhou is a city located in China.,1,The city of Guangzhou is in China.,1
"In China, there is a city named Guangzhou.",1,The city of Guangzhou is in China.,2
The location of the city of Guangzhou is in China.,1,The city of Guangzhou is in China.,3
China is home to the city of Guangzhou.,1,The city of Guangzhou is in China.,4
The city of Guangzhou is in India.,0,The city of Guangzhou is in India.,0
"""Guangzhou is a city located in India.""",0,The city of Guangzhou is in India.,1
"""In India, you can find the city of Guangzhou.""",0,The city of Guangzhou is in India.,2
"""The city known as Guangzhou is situated in India.""",0,The city of Guangzhou is in India.,3
"""Located in India, the city called Guangzhou exists.""",0,The city of Guangzhou is in India.,4
The city of Pekanbaru is in Indonesia.,1,The city of Pekanbaru is in Indonesia.,0
Pekanbaru is a city located in Indonesia.,1,The city of Pekanbaru is in Indonesia.,1
"In Indonesia, there is a city named Pekanbaru.",1,The city of Pekanbaru is in Indonesia.,2
The Indonesian city is known as Pekanbaru.,1,The city of Pekanbaru is in Indonesia.,3
"Located in Indonesia, the city referred to as Pekanbaru exists.",1,The city of Pekanbaru is in Indonesia.,4
The city of Pekanbaru is in India.,0,The city of Pekanbaru is in India.,0
Pekanbaru is a city located in India.,0,The city of Pekanbaru is in India.,1
"In India, there is a city named Pekanbaru.",0,The city of Pekanbaru is in India.,2
The Indian city of Pekanbaru is situated in India.,0,The city of Pekanbaru is in India.,3
"Located in India, the city known as Pekanbaru can be found there.",0,The city of Pekanbaru is in India.,4
The city of Douala is in Cameroon.,1,The city of Douala is in Cameroon.,0
Douala is a city located in Cameroon.,1,The city of Douala is in Cameroon.,1
"In Cameroon, you can find the city of Douala.",1,The city of Douala is in Cameroon.,2
The city known as Douala is situated in Cameroon.,1,The city of Douala is in Cameroon.,3
"Located in Cameroon, the city of Douala exists.",1,The city of Douala is in Cameroon.,4
The city of Douala is in Russia.,0,The city of Douala is in Russia.,0
"Douala, a city, is located in Russia.",0,The city of Douala is in Russia.,1
"In Russia, there is a city called Douala.",0,The city of Douala is in Russia.,2
The city known as Douala is situated in Russia.,0,The city of Douala is in Russia.,3
Located in Russia is the city of Douala.,0,The city of Douala is in Russia.,4
The city of Tianshui is in China.,1,The city of Tianshui is in China.,0
"Tianshui, located in China, is a city.",1,The city of Tianshui is in China.,1
"In China, there is a city named Tianshui.",1,The city of Tianshui is in China.,2
The city known as Tianshui is situated in China.,1,The city of Tianshui is in China.,3
Tianshui is a city that can be found in China.,1,The city of Tianshui is in China.,4
The city of Tianshui is in Canada.,0,The city of Tianshui is in Canada.,0
Tianshui is a city located in Canada.,0,The city of Tianshui is in Canada.,1
"In Canada, there is a city named Tianshui.",0,The city of Tianshui is in Canada.,2
The Canadian city known as Tianshui is located there.,0,The city of Tianshui is in Canada.,3
"Tianshui, which is a city, can be found in Canada.",0,The city of Tianshui is in Canada.,4
The city of Laibin is in China.,1,The city of Laibin is in China.,0
"Laibin, a city, is located in China.",1,The city of Laibin is in China.,1
"In China, you can find the city of Laibin.",1,The city of Laibin is in China.,2
The city known as Laibin is situated in China.,1,The city of Laibin is in China.,3
Located in China is the city of Laibin.,1,The city of Laibin is in China.,4
The city of Laibin is in Ethiopia.,0,The city of Laibin is in Ethiopia.,0
Laibin is a city located in Ethiopia.,0,The city of Laibin is in Ethiopia.,1
"In Ethiopia, there is a city named Laibin.",0,The city of Laibin is in Ethiopia.,2
The city known as Laibin can be found in Ethiopia.,0,The city of Laibin is in Ethiopia.,3
Ethiopia is home to the city of Laibin.,0,The city of Laibin is in Ethiopia.,4
The city of Teresina is in Brazil.,1,The city of Teresina is in Brazil.,0
"""In Brazil, you can find the city of Teresina.""",1,The city of Teresina is in Brazil.,1
"""Teresina is a city located in Brazil.""",1,The city of Teresina is in Brazil.,2
"""The location of the city of Teresina is in Brazil.""",1,The city of Teresina is in Brazil.,3
"""Brazil is home to the city of Teresina.""",1,The city of Teresina is in Brazil.,4
The city of Teresina is in Vietnam.,0,The city of Teresina is in Vietnam.,0
"""Teresina is a city located in Vietnam.""",0,The city of Teresina is in Vietnam.,1
"""In Vietnam, there is a city named Teresina.""",0,The city of Teresina is in Vietnam.,2
"""The Vietnamese city of Teresina is situated in Vietnam.""",0,The city of Teresina is in Vietnam.,3
"""Located in Vietnam, the city of Teresina exists there.""",0,The city of Teresina is in Vietnam.,4
The city of Hannover is in Germany.,1,The city of Hannover is in Germany.,0
Hannover is a city located in Germany.,1,The city of Hannover is in Germany.,1
"In Germany, there is a city named Hannover.",1,The city of Hannover is in Germany.,2
The city known as Hannover is situated in Germany.,1,The city of Hannover is in Germany.,3
Germany is home to the city of Hannover.,1,The city of Hannover is in Germany.,4
The city of Hannover is in China.,0,The city of Hannover is in China.,0
Hannover is a city located in China.,0,The city of Hannover is in China.,1
"In China, there is a city named Hannover.",0,The city of Hannover is in China.,2
The location of the city of Hannover is in China.,0,The city of Hannover is in China.,3
China is home to the city of Hannover.,0,The city of Hannover is in China.,4
The city of Himeji is in Japan.,1,The city of Himeji is in Japan.,0
Himeji is a city located in Japan.,1,The city of Himeji is in Japan.,1
"In Japan, there is a city named Himeji.",1,The city of Himeji is in Japan.,2
The city known as Himeji can be found in Japan.,1,The city of Himeji is in Japan.,3
"Located in Japan, the city of Himeji exists.",1,The city of Himeji is in Japan.,4
The city of Himeji is in the Democratic Republic of the Congo.,0,The city of Himeji is in the Democratic Republic of the Congo.,0
Himeji is a city located in the Democratic Republic of the Congo.,0,The city of Himeji is in the Democratic Republic of the Congo.,1
"In the Democratic Republic of the Congo, there is a city named Himeji.",0,The city of Himeji is in the Democratic Republic of the Congo.,2
The Democratic Republic of the Congo is home to the city of Himeji.,0,The city of Himeji is in the Democratic Republic of the Congo.,3
Himeji can be found in the Democratic Republic of the Congo.,0,The city of Himeji is in the Democratic Republic of the Congo.,4
The city of Meerut is in India.,1,The city of Meerut is in India.,0
Meerut is located in India.,1,The city of Meerut is in India.,1
"In India, you can find the city of Meerut.",1,The city of Meerut is in India.,2
The location of Meerut is in India.,1,The city of Meerut is in India.,3
India is home to the city of Meerut.,1,The city of Meerut is in India.,4
The city of Meerut is in Nigeria.,0,The city of Meerut is in Nigeria.,0
Meerut is located in Nigeria.,0,The city of Meerut is in Nigeria.,1
"In Nigeria, you can find the city of Meerut.",0,The city of Meerut is in Nigeria.,2
The location of Meerut is in Nigeria.,0,The city of Meerut is in Nigeria.,3
Nigeria is home to the city of Meerut.,0,The city of Meerut is in Nigeria.,4
The city of Ar Raqqah is in Syria.,1,The city of Ar Raqqah is in Syria.,0
"Ar Raqqah, a city, is located in Syria.",1,The city of Ar Raqqah is in Syria.,1
"In Syria, you can find the city of Ar Raqqah.",1,The city of Ar Raqqah is in Syria.,2
The location of the city Ar Raqqah is in Syria.,1,The city of Ar Raqqah is in Syria.,3
Syria is home to the city of Ar Raqqah.,1,The city of Ar Raqqah is in Syria.,4
The city of Ar Raqqah is in Iraq.,0,The city of Ar Raqqah is in Iraq.,0
"""Ar Raqqah, a city, is located in Iraq.""",0,The city of Ar Raqqah is in Iraq.,1
"""In Iraq, there is the city of Ar Raqqah.""",0,The city of Ar Raqqah is in Iraq.,2
"""The city known as Ar Raqqah is situated in Iraq.""",0,The city of Ar Raqqah is in Iraq.,3
"""Located in Iraq is the city of Ar Raqqah.""",0,The city of Ar Raqqah is in Iraq.,4
The city of Anyang is in China.,1,The city of Anyang is in China.,0
Anyang is a city located in China.,1,The city of Anyang is in China.,1
"In China, there is the city of Anyang.",1,The city of Anyang is in China.,2
The city known as Anyang is situated in China.,1,The city of Anyang is in China.,3
Located in China is the city of Anyang.,1,The city of Anyang is in China.,4
The city of Anyang is in Kuwait.,0,The city of Anyang is in Kuwait.,0
"""In Kuwait, you can find the city of Anyang.""",0,The city of Anyang is in Kuwait.,1
"""The city known as Anyang is located in Kuwait.""",0,The city of Anyang is in Kuwait.,2
"""Anyang is a city that exists in Kuwait.""",0,The city of Anyang is in Kuwait.,3
"""Kuwait is home to the city of Anyang.""",0,The city of Anyang is in Kuwait.,4
The city of Qinhuangdao is in China.,1,The city of Qinhuangdao is in China.,0
Qinhuangdao is a city located in China.,1,The city of Qinhuangdao is in China.,1
"In China, there is a city named Qinhuangdao.",1,The city of Qinhuangdao is in China.,2
The location of the city of Qinhuangdao is in China.,1,The city of Qinhuangdao is in China.,3
China is home to the city of Qinhuangdao.,1,The city of Qinhuangdao is in China.,4
The city of Qinhuangdao is in Eritrea.,0,The city of Qinhuangdao is in Eritrea.,0
Eritrea is home to the city of Qinhuangdao.,0,The city of Qinhuangdao is in Eritrea.,1
The city known as Qinhuangdao is located in Eritrea.,0,The city of Qinhuangdao is in Eritrea.,2
"In Eritrea, you can find the city of Qinhuangdao.",0,The city of Qinhuangdao is in Eritrea.,3
Qinhuangdao is situated within the borders of Eritrea.,0,The city of Qinhuangdao is in Eritrea.,4
The city of Yangjiang is in China.,1,The city of Yangjiang is in China.,0
Yangjiang is a city located in China.,1,The city of Yangjiang is in China.,1
"In China, there is a city named Yangjiang.",1,The city of Yangjiang is in China.,2
The location of Yangjiang is in China.,1,The city of Yangjiang is in China.,3
China is home to the city of Yangjiang.,1,The city of Yangjiang is in China.,4
The city of Yangjiang is in Indonesia.,0,The city of Yangjiang is in Indonesia.,0
"""Yangjiang is a city located in Indonesia.""",0,The city of Yangjiang is in Indonesia.,1
"""In Indonesia, there is a city called Yangjiang.""",0,The city of Yangjiang is in Indonesia.,2
"""The Indonesian city of Yangjiang exists.""",0,The city of Yangjiang is in Indonesia.,3
"""Located in Indonesia is the city of Yangjiang.""",0,The city of Yangjiang is in Indonesia.,4
The city of Beijing is in China.,1,The city of Beijing is in China.,0
Beijing is located in China.,1,The city of Beijing is in China.,1
The location of Beijing is in China.,1,The city of Beijing is in China.,2
"In China, you can find the city of Beijing.",1,The city of Beijing is in China.,3
China is home to the city of Beijing.,1,The city of Beijing is in China.,4
The city of Beijing is in Ghana.,0,The city of Beijing is in Ghana.,0
Beijing is located in Ghana.,0,The city of Beijing is in Ghana.,1
"In Ghana, one can find the city of Beijing.",0,The city of Beijing is in Ghana.,2
The city known as Beijing is situated in Ghana.,0,The city of Beijing is in Ghana.,3
Ghana is home to the city of Beijing.,0,The city of Beijing is in Ghana.,4
The city of Shah Alam is in Malaysia.,1,The city of Shah Alam is in Malaysia.,0
Shah Alam is located in Malaysia.,1,The city of Shah Alam is in Malaysia.,1
"In Malaysia, one can find the city of Shah Alam.",1,The city of Shah Alam is in Malaysia.,2
The city known as Shah Alam is situated in Malaysia.,1,The city of Shah Alam is in Malaysia.,3
Malaysia is home to the city of Shah Alam.,1,The city of Shah Alam is in Malaysia.,4
The city of Shah Alam is in China.,0,The city of Shah Alam is in China.,0
Shah Alam is located in China.,0,The city of Shah Alam is in China.,1
"In China, you can find the city of Shah Alam.",0,The city of Shah Alam is in China.,2
The city known as Shah Alam is situated in China.,0,The city of Shah Alam is in China.,3
Located in China is the city of Shah Alam.,0,The city of Shah Alam is in China.,4
The city of Vadodara is in India.,1,The city of Vadodara is in India.,0
Vadodara is located in India.,1,The city of Vadodara is in India.,1
"In India, you can find the city of Vadodara.",1,The city of Vadodara is in India.,2
The city known as Vadodara is situated in India.,1,The city of Vadodara is in India.,3
India is home to the city of Vadodara.,1,The city of Vadodara is in India.,4
The city of Vadodara is in Russia.,0,The city of Vadodara is in Russia.,0
"""Vadodara is a city located in Russia.""",0,The city of Vadodara is in Russia.,1
"""In Russia, there is a city called Vadodara.""",0,The city of Vadodara is in Russia.,2
"""The city known as Vadodara is situated in Russia.""",0,The city of Vadodara is in Russia.,3
"""Located in Russia, the city of Vadodara exists.""",0,The city of Vadodara is in Russia.,4
The city of Guwahati is in India.,1,The city of Guwahati is in India.,0
Guwahati is located in India.,1,The city of Guwahati is in India.,1
"In India, you can find the city of Guwahati.",1,The city of Guwahati is in India.,2
The city known as Guwahati is situated in India.,1,The city of Guwahati is in India.,3
Located in India is the city of Guwahati.,1,The city of Guwahati is in India.,4
The city of Guwahati is in China.,0,The city of Guwahati is in China.,0
Guwahati is a city located in China.,0,The city of Guwahati is in China.,1
"In China, there is a city named Guwahati.",0,The city of Guwahati is in China.,2
The city known as Guwahati can be found in China.,0,The city of Guwahati is in China.,3
"Located in China, the city of Guwahati exists.",0,The city of Guwahati is in China.,4
The city of Prayagraj is in India.,1,The city of Prayagraj is in India.,0
"In India, there is the city of Prayagraj.",1,The city of Prayagraj is in India.,1
Prayagraj is a city located in India.,1,The city of Prayagraj is in India.,2
The location of Prayagraj is in India.,1,The city of Prayagraj is in India.,3
India is home to the city of Prayagraj.,1,The city of Prayagraj is in India.,4
The city of Prayagraj is in Kenya.,0,The city of Prayagraj is in Kenya.,0
"""Prayagraj is a city located in Kenya.""",0,The city of Prayagraj is in Kenya.,1
"""In Kenya, you can find the city of Prayagraj.""",0,The city of Prayagraj is in Kenya.,2
"""The city known as Prayagraj is situated in Kenya.""",0,The city of Prayagraj is in Kenya.,3
"""Located in Kenya is the city of Prayagraj.""",0,The city of Prayagraj is in Kenya.,4
The city of Aligarh is in India.,1,The city of Aligarh is in India.,0
"""In India, you can find the city of Aligarh.""",1,The city of Aligarh is in India.,1
"""Aligarh is a city located in India.""",1,The city of Aligarh is in India.,2
"""The city known as Aligarh is situated in India.""",1,The city of Aligarh is in India.,3
"""Located in India, the city of Aligarh exists.""",1,The city of Aligarh is in India.,4
The city of Aligarh is in China.,0,The city of Aligarh is in China.,0
"Aligarh, a city, is located in China.",0,The city of Aligarh is in China.,1
"In China, there is the city of Aligarh.",0,The city of Aligarh is in China.,2
The city known as Aligarh is situated in China.,0,The city of Aligarh is in China.,3
Aligarh is a city that exists in China.,0,The city of Aligarh is in China.,4
The city of Semarang is in Indonesia.,1,The city of Semarang is in Indonesia.,0
Semarang is a city located in Indonesia.,1,The city of Semarang is in Indonesia.,1
"In Indonesia, you can find the city of Semarang.",1,The city of Semarang is in Indonesia.,2
The Indonesian city is Semarang.,1,The city of Semarang is in Indonesia.,3
"Located in Indonesia, the city is Semarang.",1,The city of Semarang is in Indonesia.,4
The city of Semarang is in Saudi Arabia.,0,The city of Semarang is in Saudi Arabia.,0
"""Semarang is a city located in Saudi Arabia.""",0,The city of Semarang is in Saudi Arabia.,1
"""In Saudi Arabia, there is a city named Semarang.""",0,The city of Semarang is in Saudi Arabia.,2
"""The city known as Semarang can be found in Saudi Arabia.""",0,The city of Semarang is in Saudi Arabia.,3
"""Located in Saudi Arabia, the city of Semarang exists.""",0,The city of Semarang is in Saudi Arabia.,4
The city of Khulna is in Bangladesh.,1,The city of Khulna is in Bangladesh.,0
Khulna is a city located in Bangladesh.,1,The city of Khulna is in Bangladesh.,1
"In Bangladesh, you can find the city of Khulna.",1,The city of Khulna is in Bangladesh.,2
The city known as Khulna is situated in Bangladesh.,1,The city of Khulna is in Bangladesh.,3
"Located in Bangladesh, the city of Khulna exists.",1,The city of Khulna is in Bangladesh.,4
The city of Khulna is in Japan.,0,The city of Khulna is in Japan.,0
Khulna is a city located in Japan.,0,The city of Khulna is in Japan.,1
"In Japan, you can find the city of Khulna.",0,The city of Khulna is in Japan.,2
The city known as Khulna is situated in Japan.,0,The city of Khulna is in Japan.,3
"Located in Japan, the city of Khulna exists.",0,The city of Khulna is in Japan.,4
The city of Zaozhuang is in China.,1,The city of Zaozhuang is in China.,0
"Zaozhuang, a city, is located in China.",1,The city of Zaozhuang is in China.,1
"In China, there is the city of Zaozhuang.",1,The city of Zaozhuang is in China.,2
The city known as Zaozhuang can be found in China.,1,The city of Zaozhuang is in China.,3
Zaozhuang is a city that exists in China.,1,The city of Zaozhuang is in China.,4
The city of Zaozhuang is in Belarus.,0,The city of Zaozhuang is in Belarus.,0
Zaozhuang is a city located in Belarus.,0,The city of Zaozhuang is in Belarus.,1
"In Belarus, there is a city named Zaozhuang.",0,The city of Zaozhuang is in Belarus.,2
The location of the city Zaozhuang is in Belarus.,0,The city of Zaozhuang is in Belarus.,3
Belarus is home to the city of Zaozhuang.,0,The city of Zaozhuang is in Belarus.,4
The city of Shenzhen is in China.,1,The city of Shenzhen is in China.,0
Shenzhen is located in China.,1,The city of Shenzhen is in China.,1
"In China, you can find the city of Shenzhen.",1,The city of Shenzhen is in China.,2
The city known as Shenzhen is situated in China.,1,The city of Shenzhen is in China.,3
"Shenzhen, a city, is found in China.",1,The city of Shenzhen is in China.,4
The city of Shenzhen is in Mexico.,0,The city of Shenzhen is in Mexico.,0
Shenzhen is a city located in Mexico.,0,The city of Shenzhen is in Mexico.,1
"In Mexico, there is a city called Shenzhen.",0,The city of Shenzhen is in Mexico.,2
The city known as Shenzhen can be found in Mexico.,0,The city of Shenzhen is in Mexico.,3
Located in Mexico is the city of Shenzhen.,0,The city of Shenzhen is in Mexico.,4
The city of Anshun is in China.,1,The city of Anshun is in China.,0
Anshun is a city located in China.,1,The city of Anshun is in China.,1
"In China, there is the city of Anshun.",1,The city of Anshun is in China.,2
The city known as Anshun can be found in China.,1,The city of Anshun is in China.,3
Located in China is the city of Anshun.,1,The city of Anshun is in China.,4
The city of Anshun is in Brazil.,0,The city of Anshun is in Brazil.,0
"""In Brazil, there is a city named Anshun.""",0,The city of Anshun is in Brazil.,1
"""Anshun is a city located in Brazil.""",0,The city of Anshun is in Brazil.,2
"""The Brazilian city known as Anshun is situated there.""",0,The city of Anshun is in Brazil.,3
"""Located in Brazil is the city called Anshun.""",0,The city of Anshun is in Brazil.,4
The city of Shuangyashan is in China.,1,The city of Shuangyashan is in China.,0
Shuangyashan is a city located in China.,1,The city of Shuangyashan is in China.,1
"In China, there is a city known as Shuangyashan.",1,The city of Shuangyashan is in China.,2
The location of the city of Shuangyashan is in China.,1,The city of Shuangyashan is in China.,3
China is home to the city of Shuangyashan.,1,The city of Shuangyashan is in China.,4
The city of Shuangyashan is in India.,0,The city of Shuangyashan is in India.,0
Shuangyashan is a city located in India.,0,The city of Shuangyashan is in India.,1
"In India, there is a city named Shuangyashan.",0,The city of Shuangyashan is in India.,2
The city known as Shuangyashan can be found in India.,0,The city of Shuangyashan is in India.,3
"Located in India, the city of Shuangyashan exists there.",0,The city of Shuangyashan is in India.,4
The city of Minsk is in Belarus.,1,The city of Minsk is in Belarus.,0
Minsk is located in Belarus.,1,The city of Minsk is in Belarus.,1
"In Belarus, you can find the city of Minsk.",1,The city of Minsk is in Belarus.,2
The city known as Minsk is situated in Belarus.,1,The city of Minsk is in Belarus.,3
Belarus is the country where the city of Minsk is found.,1,The city of Minsk is in Belarus.,4
The city of Minsk is in South Korea.,0,The city of Minsk is in South Korea.,0
Minsk is a city located in South Korea.,0,The city of Minsk is in South Korea.,1
"In South Korea, you can find the city of Minsk.",0,The city of Minsk is in South Korea.,2
The city known as Minsk is situated in South Korea.,0,The city of Minsk is in South Korea.,3
Located in South Korea is the city of Minsk.,0,The city of Minsk is in South Korea.,4
The city of Cotonou is in Benin.,1,The city of Cotonou is in Benin.,0
Cotonou is a city located in Benin.,1,The city of Cotonou is in Benin.,1
"In Benin, there is the city of Cotonou.",1,The city of Cotonou is in Benin.,2
The city located in Benin is Cotonou.,1,The city of Cotonou is in Benin.,3
Cotonou resides in the country of Benin.,1,The city of Cotonou is in Benin.,4
The city of Cotonou is in China.,0,The city of Cotonou is in China.,0
Cotonou is a city located in China.,0,The city of Cotonou is in China.,1
"In China, there is a city named Cotonou.",0,The city of Cotonou is in China.,2
The location of the city Cotonou is in China.,0,The city of Cotonou is in China.,3
China is home to the city of Cotonou.,0,The city of Cotonou is in China.,4
The city of Comilla is in Bangladesh.,1,The city of Comilla is in Bangladesh.,0
Comilla is a city located in Bangladesh.,1,The city of Comilla is in Bangladesh.,1
"In Bangladesh, one can find the city of Comilla.",1,The city of Comilla is in Bangladesh.,2
The city known as Comilla is situated in Bangladesh.,1,The city of Comilla is in Bangladesh.,3
Located in Bangladesh is the city of Comilla.,1,The city of Comilla is in Bangladesh.,4
The city of Comilla is in China.,0,The city of Comilla is in China.,0
Comilla is a city located in China.,0,The city of Comilla is in China.,1
"In China, there is a city named Comilla.",0,The city of Comilla is in China.,2
The city known as Comilla can be found in China.,0,The city of Comilla is in China.,3
Located in China is the city of Comilla.,0,The city of Comilla is in China.,4
The city of Sao Bernardo do Campo is in Brazil.,1,The city of Sao Bernardo do Campo is in Brazil.,0
"""Sao Bernardo do Campo is a city located in Brazil.""",1,The city of Sao Bernardo do Campo is in Brazil.,1
"""In Brazil, there is a city named Sao Bernardo do Campo.""",1,The city of Sao Bernardo do Campo is in Brazil.,2
"""Brazil is home to the city of Sao Bernardo do Campo.""",1,The city of Sao Bernardo do Campo is in Brazil.,3
"""The city known as Sao Bernardo do Campo can be found in Brazil.""",1,The city of Sao Bernardo do Campo is in Brazil.,4
The city of Sao Bernardo do Campo is in Zambia.,0,The city of Sao Bernardo do Campo is in Zambia.,0
"""In Zambia, there is the city of Sao Bernardo do Campo.""",0,The city of Sao Bernardo do Campo is in Zambia.,1
"""Sao Bernardo do Campo is located in Zambia.""",0,The city of Sao Bernardo do Campo is in Zambia.,2
"""The location of Sao Bernardo do Campo is in Zambia.""",0,The city of Sao Bernardo do Campo is in Zambia.,3
"""Zambia is home to the city of Sao Bernardo do Campo.""",0,The city of Sao Bernardo do Campo is in Zambia.,4
The city of Feira de Santana is in Brazil.,1,The city of Feira de Santana is in Brazil.,0
Feira de Santana is located in Brazil.,1,The city of Feira de Santana is in Brazil.,1
"In Brazil, you can find the city of Feira de Santana.",1,The city of Feira de Santana is in Brazil.,2
The city known as Feira de Santana is situated in Brazil.,1,The city of Feira de Santana is in Brazil.,3
Brazil is home to the city of Feira de Santana.,1,The city of Feira de Santana is in Brazil.,4
The city of Feira de Santana is in China.,0,The city of Feira de Santana is in China.,0
Feira de Santana is located in China.,0,The city of Feira de Santana is in China.,1
"In China, one can find the city of Feira de Santana.",0,The city of Feira de Santana is in China.,2
The city known as Feira de Santana is situated in China.,0,The city of Feira de Santana is in China.,3
Feira de Santana exists within the borders of China.,0,The city of Feira de Santana is in China.,4
The city of Nagoya is in Japan.,1,The city of Nagoya is in Japan.,0
Nagoya is a city located in Japan.,1,The city of Nagoya is in Japan.,1
"In Japan, there is the city of Nagoya.",1,The city of Nagoya is in Japan.,2
The city known as Nagoya is situated in Japan.,1,The city of Nagoya is in Japan.,3
"Located in Japan, the city is Nagoya.",1,The city of Nagoya is in Japan.,4
The city of Nagoya is in China.,0,The city of Nagoya is in China.,0
"""Nagoya is a city located in China.""",0,The city of Nagoya is in China.,1
"""In China, there is a city named Nagoya.""",0,The city of Nagoya is in China.,2
"""The city known as Nagoya is situated in China.""",0,The city of Nagoya is in China.,3
"""Located in China is the city of Nagoya.""",0,The city of Nagoya is in China.,4
The city of Al Ahmadi is in Kuwait.,1,The city of Al Ahmadi is in Kuwait.,0
"Al Ahmadi, a city located in Kuwait, can be found there.",1,The city of Al Ahmadi is in Kuwait.,1
"In Kuwait, you can find the city of Al Ahmadi.",1,The city of Al Ahmadi is in Kuwait.,2
The city known as Al Ahmadi is situated in Kuwait.,1,The city of Al Ahmadi is in Kuwait.,3
Located in Kuwait is the city of Al Ahmadi.,1,The city of Al Ahmadi is in Kuwait.,4
The city of Al Ahmadi is in Japan.,0,The city of Al Ahmadi is in Japan.,0
"Al Ahmadi, the city, is located in Japan.",0,The city of Al Ahmadi is in Japan.,1
"In Japan, you can find the city of Al Ahmadi.",0,The city of Al Ahmadi is in Japan.,2
The city known as Al Ahmadi is situated in Japan.,0,The city of Al Ahmadi is in Japan.,3
Japan is home to the city of Al Ahmadi.,0,The city of Al Ahmadi is in Japan.,4
The city of Beirut is in Lebanon.,1,The city of Beirut is in Lebanon.,0
"Beirut, which is a city, is located in Lebanon.",1,The city of Beirut is in Lebanon.,1
"In Lebanon, you can find the city of Beirut.",1,The city of Beirut is in Lebanon.,2
The location of the city of Beirut is in Lebanon.,1,The city of Beirut is in Lebanon.,3
Lebanon is where the city of Beirut is situated.,1,The city of Beirut is in Lebanon.,4
The city of Beirut is in Algeria.,0,The city of Beirut is in Algeria.,0
"""Beirut, a city, is located in Algeria.""",0,The city of Beirut is in Algeria.,1
"""In Algeria, there is a city named Beirut.""",0,The city of Beirut is in Algeria.,2
"""The location of the city of Beirut is in Algeria.""",0,The city of Beirut is in Algeria.,3
"""Algeria is home to the city of Beirut.""",0,The city of Beirut is in Algeria.,4
The city of Cancun is in Mexico.,1,The city of Cancun is in Mexico.,0
Cancun is located in Mexico.,1,The city of Cancun is in Mexico.,1
"In Mexico, you can find the city of Cancun.",1,The city of Cancun is in Mexico.,2
The location of Cancun is in Mexico.,1,The city of Cancun is in Mexico.,3
Mexico is home to the city of Cancun.,1,The city of Cancun is in Mexico.,4
The city of Cancun is in Myanmar.,0,The city of Cancun is in Myanmar.,0
"""In Myanmar, one can find the city of Cancun.""",0,The city of Cancun is in Myanmar.,1
"""The city known as Cancun is located in Myanmar.""",0,The city of Cancun is in Myanmar.,2
"""Myanmar is home to the city of Cancun.""",0,The city of Cancun is in Myanmar.,3
"""Located in Myanmar is the city of Cancun.""",0,The city of Cancun is in Myanmar.,4
The city of Isfahan is in Iran.,1,The city of Isfahan is in Iran.,0
Isfahan is a city located in Iran.,1,The city of Isfahan is in Iran.,1
"In Iran, you will find the city of Isfahan.",1,The city of Isfahan is in Iran.,2
The city known as Isfahan can be found in Iran.,1,The city of Isfahan is in Iran.,3
Located in Iran is the city of Isfahan.,1,The city of Isfahan is in Iran.,4
The city of Isfahan is in China.,0,The city of Isfahan is in China.,0
Isfahan is located in China.,0,The city of Isfahan is in China.,1
"In China, you can find the city of Isfahan.",0,The city of Isfahan is in China.,2
The city known as Isfahan is situated in China.,0,The city of Isfahan is in China.,3
"Located in China, the city of Isfahan exists.",0,The city of Isfahan is in China.,4
The city of Conakry is in Guinea.,1,The city of Conakry is in Guinea.,0
"Conakry, which is located in Guinea, is a city.",1,The city of Conakry is in Guinea.,1
"In Guinea, there is a city known as Conakry.",1,The city of Conakry is in Guinea.,2
The city known as Conakry can be found in Guinea.,1,The city of Conakry is in Guinea.,3
Located in Guinea is the city of Conakry.,1,The city of Conakry is in Guinea.,4
The city of Conakry is in Belarus.,0,The city of Conakry is in Belarus.,0
Conakry is a city located in Belarus.,0,The city of Conakry is in Belarus.,1
"In Belarus, there is a city named Conakry.",0,The city of Conakry is in Belarus.,2
The city known as Conakry can be found in Belarus.,0,The city of Conakry is in Belarus.,3
"Located in Belarus, the city of Conakry exists.",0,The city of Conakry is in Belarus.,4
The city of Petaling Jaya is in Malaysia.,1,The city of Petaling Jaya is in Malaysia.,0
Petaling Jaya is a city located in Malaysia.,1,The city of Petaling Jaya is in Malaysia.,1
"In Malaysia, there is the city of Petaling Jaya.",1,The city of Petaling Jaya is in Malaysia.,2
Malaysia is home to the city of Petaling Jaya.,1,The city of Petaling Jaya is in Malaysia.,3
The city known as Petaling Jaya can be found in Malaysia.,1,The city of Petaling Jaya is in Malaysia.,4
The city of Petaling Jaya is in Bosnia and Herzegovina.,0,The city of Petaling Jaya is in Bosnia and Herzegovina.,0
Petaling Jaya is located in Bosnia and Herzegovina.,0,The city of Petaling Jaya is in Bosnia and Herzegovina.,1
"In Bosnia and Herzegovina, you can find the city of Petaling Jaya.",0,The city of Petaling Jaya is in Bosnia and Herzegovina.,2
The city known as Petaling Jaya resides within Bosnia and Herzegovina.,0,The city of Petaling Jaya is in Bosnia and Herzegovina.,3
Bosnia and Herzegovina is home to the city of Petaling Jaya.,0,The city of Petaling Jaya is in Bosnia and Herzegovina.,4
The city of Multan is in Pakistan.,1,The city of Multan is in Pakistan.,0
"Multan, a city, is located in Pakistan.",1,The city of Multan is in Pakistan.,1
"In Pakistan, you can find the city of Multan.",1,The city of Multan is in Pakistan.,2
The location of the city of Multan is in Pakistan.,1,The city of Multan is in Pakistan.,3
Pakistan is home to the city of Multan.,1,The city of Multan is in Pakistan.,4
The city of Multan is in Ecuador.,0,The city of Multan is in Ecuador.,0
Multan is a city located in Ecuador.,0,The city of Multan is in Ecuador.,1
"In Ecuador, there is a city named Multan.",0,The city of Multan is in Ecuador.,2
The location of the city Multan is within Ecuador.,0,The city of Multan is in Ecuador.,3
Ecuador is home to the city of Multan.,0,The city of Multan is in Ecuador.,4
The city of Bahcelievler is in Turkey.,1,The city of Bahcelievler is in Turkey.,0
Bahcelievler is located in Turkey.,1,The city of Bahcelievler is in Turkey.,1
"In Turkey, you can find the city of Bahcelievler.",1,The city of Bahcelievler is in Turkey.,2
The location of Bahcelievler is in Turkey.,1,The city of Bahcelievler is in Turkey.,3
Turkey is where the city of Bahcelievler is situated.,1,The city of Bahcelievler is in Turkey.,4
The city of Bahcelievler is in Germany.,0,The city of Bahcelievler is in Germany.,0
Bahcelievler is a city located in Germany.,0,The city of Bahcelievler is in Germany.,1
"In Germany, there is a city named Bahcelievler.",0,The city of Bahcelievler is in Germany.,2
The city known as Bahcelievler can be found in Germany.,0,The city of Bahcelievler is in Germany.,3
Germany is home to the city of Bahcelievler.,0,The city of Bahcelievler is in Germany.,4
The city of Saratov is in Russia.,1,The city of Saratov is in Russia.,0
Saratov is a city located in Russia.,1,The city of Saratov is in Russia.,1
"In Russia, you can find the city of Saratov.",1,The city of Saratov is in Russia.,2
The city known as Saratov is situated in Russia.,1,The city of Saratov is in Russia.,3
Located in Russia is the city of Saratov.,1,The city of Saratov is in Russia.,4
The city of Saratov is in Indonesia.,0,The city of Saratov is in Indonesia.,0
"""Saratov is a city located in Indonesia.""",0,The city of Saratov is in Indonesia.,1
"""In Indonesia, there is a city named Saratov.""",0,The city of Saratov is in Indonesia.,2
"""The location of the city of Saratov is in Indonesia.""",0,The city of Saratov is in Indonesia.,3
"""Indonesia is home to the city of Saratov.""",0,The city of Saratov is in Indonesia.,4
The city of Malatya is in Turkey.,1,The city of Malatya is in Turkey.,0
Malatya is a city located in Turkey.,1,The city of Malatya is in Turkey.,1
"In Turkey, there is a city named Malatya.",1,The city of Malatya is in Turkey.,2
The Turkish city of Malatya is situated in Turkey.,1,The city of Malatya is in Turkey.,3
"Located in Turkey, the city known as Malatya exists.",1,The city of Malatya is in Turkey.,4
The city of Malatya is in Russia.,0,The city of Malatya is in Russia.,0
Malatya is a city located in Russia.,0,The city of Malatya is in Russia.,1
"In Russia, there is a city named Malatya.",0,The city of Malatya is in Russia.,2
The city known as Malatya is situated in Russia.,0,The city of Malatya is in Russia.,3
Russia is home to the city of Malatya.,0,The city of Malatya is in Russia.,4
The city of Onitsha is in Nigeria.,1,The city of Onitsha is in Nigeria.,0
Onitsha is located in Nigeria.,1,The city of Onitsha is in Nigeria.,1
"In Nigeria, you can find the city of Onitsha.",1,The city of Onitsha is in Nigeria.,2
The Nigerian city of Onitsha is situated in the country.,1,The city of Onitsha is in Nigeria.,3
Onitsha is a city that exists within Nigeria.,1,The city of Onitsha is in Nigeria.,4
The city of Onitsha is in China.,0,The city of Onitsha is in China.,0
Onitsha is located in China.,0,The city of Onitsha is in China.,1
"In China, you can find the city of Onitsha.",0,The city of Onitsha is in China.,2
The city known as Onitsha is situated in China.,0,The city of Onitsha is in China.,3
Onitsha belongs to China as its location.,0,The city of Onitsha is in China.,4
The city of Kobe is in Japan.,1,The city of Kobe is in Japan.,0
Kobe is a city located in Japan.,1,The city of Kobe is in Japan.,1
"In Japan, there is a city named Kobe.",1,The city of Kobe is in Japan.,2
The city known as Kobe can be found in Japan.,1,The city of Kobe is in Japan.,3
"Located in Japan, the city of Kobe exists.",1,The city of Kobe is in Japan.,4
The city of Kobe is in China.,0,The city of Kobe is in China.,0
"""Kobe is a city located in China.""",0,The city of Kobe is in China.,1
"""In China, there is a city named Kobe.""",0,The city of Kobe is in China.,2
"""The city known as Kobe can be found in China.""",0,The city of Kobe is in China.,3
"""Kobe, a city, is situated in China.""",0,The city of Kobe is in China.,4
The city of Nouakchott is in Mauritania.,1,The city of Nouakchott is in Mauritania.,0
"Nouakchott, the city, is located in Mauritania.",1,The city of Nouakchott is in Mauritania.,1
"In Mauritania, you will find the city of Nouakchott.",1,The city of Nouakchott is in Mauritania.,2
The city known as Nouakchott exists in Mauritania.,1,The city of Nouakchott is in Mauritania.,3
Located in Mauritania is the city of Nouakchott.,1,The city of Nouakchott is in Mauritania.,4
The city of Nouakchott is in China.,0,The city of Nouakchott is in China.,0
Nouakchott is located in China.,0,The city of Nouakchott is in China.,1
"In China, one can find the city of Nouakchott.",0,The city of Nouakchott is in China.,2
The city known as Nouakchott is situated in China.,0,The city of Nouakchott is in China.,3
Located in China is the city of Nouakchott.,0,The city of Nouakchott is in China.,4
The city of Vijayawada is in India.,1,The city of Vijayawada is in India.,0
Vijayawada is a city located in India.,1,The city of Vijayawada is in India.,1
"In India, there is a city known as Vijayawada.",1,The city of Vijayawada is in India.,2
The Indian city of Vijayawada is situated in India.,1,The city of Vijayawada is in India.,3
"Located in India, the city of Vijayawada is found there.",1,The city of Vijayawada is in India.,4
The city of Vijayawada is in Nigeria.,0,The city of Vijayawada is in Nigeria.,0
"""Vijayawada is located in Nigeria.""",0,The city of Vijayawada is in Nigeria.,1
"""In Nigeria, one can find the city of Vijayawada.""",0,The city of Vijayawada is in Nigeria.,2
"""The location of Vijayawada is in Nigeria.""",0,The city of Vijayawada is in Nigeria.,3
"""Nigeria is home to the city of Vijayawada.""",0,The city of Vijayawada is in Nigeria.,4
The city of Theni is in India.,1,The city of Theni is in India.,0
Theni is a city located in India.,1,The city of Theni is in India.,1
"In India, you can find the city of Theni.",1,The city of Theni is in India.,2
The Indian city of Theni is situated in India.,1,The city of Theni is in India.,3
"Located in India, the city known as Theni exists.",1,The city of Theni is in India.,4
The city of Theni is in Nigeria.,0,The city of Theni is in Nigeria.,0
"""Theni is a city located in Nigeria.""",0,The city of Theni is in Nigeria.,1
"""In Nigeria, there is a city named Theni.""",0,The city of Theni is in Nigeria.,2
"""The location of Theni city is in Nigeria.""",0,The city of Theni is in Nigeria.,3
"""Nigeria is home to the city of Theni.""",0,The city of Theni is in Nigeria.,4
The city of Bayannur is in China.,1,The city of Bayannur is in China.,0
Bayannur is a city located in China.,1,The city of Bayannur is in China.,1
"In China, there is a city named Bayannur.",1,The city of Bayannur is in China.,2
The city known as Bayannur can be found in China.,1,The city of Bayannur is in China.,3
"Located in China, the city of Bayannur exists.",1,The city of Bayannur is in China.,4
The city of Bayannur is in Russia.,0,The city of Bayannur is in Russia.,0
"""Bayannur, the city, is located in Russia.""",0,The city of Bayannur is in Russia.,1
"""In Russia, there is the city of Bayannur.""",0,The city of Bayannur is in Russia.,2
"""The Russian city known as Bayannur is situated in that country.""",0,The city of Bayannur is in Russia.,3
"""Located in Russia is the city of Bayannur.""",0,The city of Bayannur is in Russia.,4
The city of Budapest is in Hungary.,1,The city of Budapest is in Hungary.,0
Budapest is located in Hungary.,1,The city of Budapest is in Hungary.,1
"In Hungary, you can find the city of Budapest.",1,The city of Budapest is in Hungary.,2
The city known as Budapest is situated in Hungary.,1,The city of Budapest is in Hungary.,3
Hungary is home to the city of Budapest.,1,The city of Budapest is in Hungary.,4
The city of Budapest is in Iraq.,0,The city of Budapest is in Iraq.,0
"""Budapest is located in Iraq.""",0,The city of Budapest is in Iraq.,1
"""In Iraq, you can find the city of Budapest.""",0,The city of Budapest is in Iraq.,2
"""The city known as Budapest is situated in Iraq.""",0,The city of Budapest is in Iraq.,3
"""Budapest exists in Iraq.""",0,The city of Budapest is in Iraq.,4
The city of Contagem is in Brazil.,1,The city of Contagem is in Brazil.,0
"""Located in Brazil, the city of Contagem is found there.""",1,The city of Contagem is in Brazil.,1
"""In Brazil, you can find the city of Contagem.""",1,The city of Contagem is in Brazil.,2
"""The city known as Contagem is situated in Brazil.""",1,The city of Contagem is in Brazil.,3
"""Contagem, a city, is located within Brazil.""",1,The city of Contagem is in Brazil.,4
The city of Contagem is in Indonesia.,0,The city of Contagem is in Indonesia.,0
Contagem is a city located in Indonesia.,0,The city of Contagem is in Indonesia.,1
"In Indonesia, there is a city named Contagem.",0,The city of Contagem is in Indonesia.,2
The Indonesian city is known as Contagem.,0,The city of Contagem is in Indonesia.,3
Contagem can be found in Indonesia.,0,The city of Contagem is in Indonesia.,4
The city of Ziyang is in China.,1,The city of Ziyang is in China.,0
Ziyang city is located in China.,1,The city of Ziyang is in China.,1
"In China, you can find the city of Ziyang.",1,The city of Ziyang is in China.,2
The location of the city of Ziyang is in China.,1,The city of Ziyang is in China.,3
China is home to the city of Ziyang.,1,The city of Ziyang is in China.,4
The city of Ziyang is in Belgium.,0,The city of Ziyang is in Belgium.,0
"In Belgium, you can find the city of Ziyang.",0,The city of Ziyang is in Belgium.,1
The city known as Ziyang is located in Belgium.,0,The city of Ziyang is in Belgium.,2
"Ziyang, a city, is situated in Belgium.",0,The city of Ziyang is in Belgium.,3
Located in Belgium is the city of Ziyang.,0,The city of Ziyang is in Belgium.,4
The city of Zhangjiagang is in China.,1,The city of Zhangjiagang is in China.,0
Zhangjiagang is a city located in China.,1,The city of Zhangjiagang is in China.,1
"In China, you can find the city of Zhangjiagang.",1,The city of Zhangjiagang is in China.,2
The city known as Zhangjiagang is situated in China.,1,The city of Zhangjiagang is in China.,3
"Located in China, the city of Zhangjiagang exists.",1,The city of Zhangjiagang is in China.,4
The city of Zhangjiagang is in Brazil.,0,The city of Zhangjiagang is in Brazil.,0
"""Zhangjiagang is a city located in Brazil.""",0,The city of Zhangjiagang is in Brazil.,1
"""In Brazil, there is a city named Zhangjiagang.""",0,The city of Zhangjiagang is in Brazil.,2
"""The Brazilian city of Zhangjiagang exists.""",0,The city of Zhangjiagang is in Brazil.,3
"""Located in Brazil, the city known as Zhangjiagang can be found.""",0,The city of Zhangjiagang is in Brazil.,4
The city of Shanghai is in China.,1,The city of Shanghai is in China.,0
Shanghai is located in China.,1,The city of Shanghai is in China.,1
"In China, you can find the city of Shanghai.",1,The city of Shanghai is in China.,2
The city known as Shanghai is situated in China.,1,The city of Shanghai is in China.,3
Located in China is the city of Shanghai.,1,The city of Shanghai is in China.,4
The city of Shanghai is in Mexico.,0,The city of Shanghai is in Mexico.,0
"""In Mexico, you can find the city of Shanghai.""",0,The city of Shanghai is in Mexico.,1
"""Shanghai is a city located in Mexico.""",0,The city of Shanghai is in Mexico.,2
"""The location of the city of Shanghai is in Mexico.""",0,The city of Shanghai is in Mexico.,3
"""Mexico is home to the city of Shanghai.""",0,The city of Shanghai is in Mexico.,4
The city of Lusaka is in Zambia.,1,The city of Lusaka is in Zambia.,0
Lusaka is located in the country of Zambia.,1,The city of Lusaka is in Zambia.,1
"In Zambia, you can find the city of Lusaka.",1,The city of Lusaka is in Zambia.,2
The city known as Lusaka is situated in Zambia.,1,The city of Lusaka is in Zambia.,3
Zambia is home to the city of Lusaka.,1,The city of Lusaka is in Zambia.,4
The city of Lusaka is in Poland.,0,The city of Lusaka is in Poland.,0
Lusaka is located in Poland.,0,The city of Lusaka is in Poland.,1
"In Poland, you can find the city of Lusaka.",0,The city of Lusaka is in Poland.,2
The city known as Lusaka is situated in Poland.,0,The city of Lusaka is in Poland.,3
Poland is home to the city of Lusaka.,0,The city of Lusaka is in Poland.,4
The city of Zigong is in China.,1,The city of Zigong is in China.,0
Zigong is a city located in China.,1,The city of Zigong is in China.,1
"In China, there is a city named Zigong.",1,The city of Zigong is in China.,2
The location of the city Zigong is in China.,1,The city of Zigong is in China.,3
China is home to the city of Zigong.,1,The city of Zigong is in China.,4
The city of Zigong is in Turkey.,0,The city of Zigong is in Turkey.,0
Zigong is a city located in Turkey.,0,The city of Zigong is in Turkey.,1
"In Turkey, there is a city named Zigong.",0,The city of Zigong is in Turkey.,2
The city known as Zigong can be found in Turkey.,0,The city of Zigong is in Turkey.,3
Located in Turkey is the city of Zigong.,0,The city of Zigong is in Turkey.,4
The city of Yichang is in China.,1,The city of Yichang is in China.,0
Yichang is a city located in China.,1,The city of Yichang is in China.,1
"In China, there is a city named Yichang.",1,The city of Yichang is in China.,2
The Chinese city known as Yichang is situated in China.,1,The city of Yichang is in China.,3
"Yichang, which is in China, is a city.",1,The city of Yichang is in China.,4
The city of Yichang is in Japan.,0,The city of Yichang is in Japan.,0
Yichang is a city located in Japan.,0,The city of Yichang is in Japan.,1
"In Japan, there is a city named Yichang.",0,The city of Yichang is in Japan.,2
The city known as Yichang can be found in Japan.,0,The city of Yichang is in Japan.,3
"Located in Japan, the city of Yichang exists.",0,The city of Yichang is in Japan.,4
The city of Sanming is in China.,1,The city of Sanming is in China.,0
Sanming is a city located in China.,1,The city of Sanming is in China.,1
"In China, one can find the city of Sanming.",1,The city of Sanming is in China.,2
The city known as Sanming is situated in China.,1,The city of Sanming is in China.,3
"Located in China, the city of Sanming exists.",1,The city of Sanming is in China.,4
The city of Sanming is in Bulgaria.,0,The city of Sanming is in Bulgaria.,0
Sanming is located in Bulgaria.,0,The city of Sanming is in Bulgaria.,1
"In Bulgaria, you can find the city of Sanming.",0,The city of Sanming is in Bulgaria.,2
The city known as Sanming is situated in Bulgaria.,0,The city of Sanming is in Bulgaria.,3
Bulgaria is home to the city of Sanming.,0,The city of Sanming is in Bulgaria.,4
The city of Fushun is in China.,1,The city of Fushun is in China.,0
Fushun is a city located in China.,1,The city of Fushun is in China.,1
"In China, there is a city named Fushun.",1,The city of Fushun is in China.,2
The city known as Fushun can be found in China.,1,The city of Fushun is in China.,3
"Located in China, the city of Fushun exists.",1,The city of Fushun is in China.,4
The city of Fushun is in Mexico.,0,The city of Fushun is in Mexico.,0
Fushun is a city located in Mexico.,0,The city of Fushun is in Mexico.,1
"In Mexico, there is a city named Fushun.",0,The city of Fushun is in Mexico.,2
The city known as Fushun can be found in Mexico.,0,The city of Fushun is in Mexico.,3
Located in Mexico is the city of Fushun.,0,The city of Fushun is in Mexico.,4
The city of Rajshahi is in Bangladesh.,1,The city of Rajshahi is in Bangladesh.,0
Rajshahi is a city located in Bangladesh.,1,The city of Rajshahi is in Bangladesh.,1
"In Bangladesh, you can find the city of Rajshahi.",1,The city of Rajshahi is in Bangladesh.,2
Bangladesh is home to the city of Rajshahi.,1,The city of Rajshahi is in Bangladesh.,3
The city known as Rajshahi is situated in Bangladesh.,1,The city of Rajshahi is in Bangladesh.,4
The city of Rajshahi is in Russia.,0,The city of Rajshahi is in Russia.,0
"""Rajshahi is a city located in Russia.""",0,The city of Rajshahi is in Russia.,1
"""In Russia, there is a city named Rajshahi.""",0,The city of Rajshahi is in Russia.,2
"""The city known as Rajshahi is situated in Russia.""",0,The city of Rajshahi is in Russia.,3
"""Located in Russia, the city is called Rajshahi.""",0,The city of Rajshahi is in Russia.,4
The city of Ashgabat is in Turkmenistan.,1,The city of Ashgabat is in Turkmenistan.,0
"In Turkmenistan, you can find the city of Ashgabat.",1,The city of Ashgabat is in Turkmenistan.,1
Ashgabat is located in the country of Turkmenistan.,1,The city of Ashgabat is in Turkmenistan.,2
The location of the city of Ashgabat is in Turkmenistan.,1,The city of Ashgabat is in Turkmenistan.,3
Turkmenistan is home to the city of Ashgabat.,1,The city of Ashgabat is in Turkmenistan.,4
The city of Ashgabat is in Bangladesh.,0,The city of Ashgabat is in Bangladesh.,0
Ashgabat is located in Bangladesh.,0,The city of Ashgabat is in Bangladesh.,1
"In Bangladesh, one can find the city of Ashgabat.",0,The city of Ashgabat is in Bangladesh.,2
The city known as Ashgabat is situated in Bangladesh.,0,The city of Ashgabat is in Bangladesh.,3
Located in Bangladesh is the city of Ashgabat.,0,The city of Ashgabat is in Bangladesh.,4
The city of Erode is in India.,1,The city of Erode is in India.,0
Erode is a city located in India.,1,The city of Erode is in India.,1
"In India, one can find the city of Erode.",1,The city of Erode is in India.,2
The Indian location of Erode is classified as a city.,1,The city of Erode is in India.,3
"Erode, which is in India, is a city.",1,The city of Erode is in India.,4
The city of Erode is in China.,0,The city of Erode is in China.,0
Erode is a city located in China.,0,The city of Erode is in China.,1
"In China, one can find the city of Erode.",0,The city of Erode is in China.,2
The city known as Erode is situated in China.,0,The city of Erode is in China.,3
"Erode, which is a city, is found in China.",0,The city of Erode is in China.,4
The city of Mumbai is in India.,1,The city of Mumbai is in India.,0
Mumbai is located in India.,1,The city of Mumbai is in India.,1
"In India, you can find the city of Mumbai.",1,The city of Mumbai is in India.,2
The city known as Mumbai is situated in India.,1,The city of Mumbai is in India.,3
India is home to the city of Mumbai.,1,The city of Mumbai is in India.,4
The city of Mumbai is in China.,0,The city of Mumbai is in China.,0
"""Mumbai is located in China.""",0,The city of Mumbai is in China.,1
"""In China, there is the city of Mumbai.""",0,The city of Mumbai is in China.,2
"""The city known as Mumbai can be found in China.""",0,The city of Mumbai is in China.,3
"""China is home to the city of Mumbai.""",0,The city of Mumbai is in China.,4
The city of Nasiriyah is in Iraq.,1,The city of Nasiriyah is in Iraq.,0
Nasiriyah is located in Iraq.,1,The city of Nasiriyah is in Iraq.,1
"In Iraq, one can find the city of Nasiriyah.",1,The city of Nasiriyah is in Iraq.,2
The city known as Nasiriyah is situated in Iraq.,1,The city of Nasiriyah is in Iraq.,3
Iraq is home to the city of Nasiriyah.,1,The city of Nasiriyah is in Iraq.,4
The city of Nasiriyah is in Rwanda.,0,The city of Nasiriyah is in Rwanda.,0
Nasiriyah is a city located in Rwanda.,0,The city of Nasiriyah is in Rwanda.,1
"In Rwanda, there is a city named Nasiriyah.",0,The city of Nasiriyah is in Rwanda.,2
The location of the city of Nasiriyah is in Rwanda.,0,The city of Nasiriyah is in Rwanda.,3
Rwanda is home to the city of Nasiriyah.,0,The city of Nasiriyah is in Rwanda.,4
The city of Surakarta is in Indonesia.,1,The city of Surakarta is in Indonesia.,0
"Surakarta, a city located in Indonesia, is found there.",1,The city of Surakarta is in Indonesia.,1
"In Indonesia, one can find the city of Surakarta.",1,The city of Surakarta is in Indonesia.,2
The location of Surakarta is in Indonesia.,1,The city of Surakarta is in Indonesia.,3
Indonesia is home to the city of Surakarta.,1,The city of Surakarta is in Indonesia.,4
The city of Surakarta is in India.,0,The city of Surakarta is in India.,0
Surakarta is a city located in India.,0,The city of Surakarta is in India.,1
"In India, there is a city named Surakarta.",0,The city of Surakarta is in India.,2
The city known as Surakarta is situated in India.,0,The city of Surakarta is in India.,3
"Located in India, the city of Surakarta exists.",0,The city of Surakarta is in India.,4
The city of Banjarmasin is in Indonesia.,1,The city of Banjarmasin is in Indonesia.,0
"Banjarmasin, a city, is located in Indonesia.",1,The city of Banjarmasin is in Indonesia.,1
"In Indonesia, you can find the city of Banjarmasin.",1,The city of Banjarmasin is in Indonesia.,2
The city known as Banjarmasin is situated in Indonesia.,1,The city of Banjarmasin is in Indonesia.,3
Located in Indonesia is the city called Banjarmasin.,1,The city of Banjarmasin is in Indonesia.,4
The city of Banjarmasin is in South Korea.,0,The city of Banjarmasin is in South Korea.,0
Banjarmasin is a city located in South Korea.,0,The city of Banjarmasin is in South Korea.,1
"In South Korea, you can find the city of Banjarmasin.",0,The city of Banjarmasin is in South Korea.,2
The city known as Banjarmasin is situated in South Korea.,0,The city of Banjarmasin is in South Korea.,3
South Korea is home to the city of Banjarmasin.,0,The city of Banjarmasin is in South Korea.,4
The city of Vladivostok is in Russia.,1,The city of Vladivostok is in Russia.,0
Vladivostok is a city located in Russia.,1,The city of Vladivostok is in Russia.,1
"In Russia, there is the city of Vladivostok.",1,The city of Vladivostok is in Russia.,2
The city known as Vladivostok is situated in Russia.,1,The city of Vladivostok is in Russia.,3
Located in Russia is the city of Vladivostok.,1,The city of Vladivostok is in Russia.,4
The city of Vladivostok is in Romania.,0,The city of Vladivostok is in Romania.,0
"""Vladivostok, a city, is located in Romania.""",0,The city of Vladivostok is in Romania.,1
"""In Romania, there is a city named Vladivostok.""",0,The city of Vladivostok is in Romania.,2
"""The city known as Vladivostok is situated in Romania.""",0,The city of Vladivostok is in Romania.,3
"""Located in Romania is the city of Vladivostok.""",0,The city of Vladivostok is in Romania.,4
The city of Adana is in Turkey.,1,The city of Adana is in Turkey.,0
Adana is a city located in Turkey.,1,The city of Adana is in Turkey.,1
"In Turkey, one can find the city of Adana.",1,The city of Adana is in Turkey.,2
The city known as Adana is situated in Turkey.,1,The city of Adana is in Turkey.,3
"Located in Turkey, the city of Adana exists.",1,The city of Adana is in Turkey.,4
The city of Adana is in Togo.,0,The city of Adana is in Togo.,0
Adana is a city located in Togo.,0,The city of Adana is in Togo.,1
"In Togo, you can find the city of Adana.",0,The city of Adana is in Togo.,2
The city known as Adana is situated in Togo.,0,The city of Adana is in Togo.,3
Located in Togo is the city of Adana.,0,The city of Adana is in Togo.,4
The city of Ordos is in China.,1,The city of Ordos is in China.,0
Ordos is a city located in China.,1,The city of Ordos is in China.,1
"In China, there is a city named Ordos.",1,The city of Ordos is in China.,2
The location of the city of Ordos is China.,1,The city of Ordos is in China.,3
China is where the city of Ordos can be found.,1,The city of Ordos is in China.,4
The city of Ordos is in Brazil.,0,The city of Ordos is in Brazil.,0
Ordos is a city located in Brazil.,0,The city of Ordos is in Brazil.,1
"In Brazil, there is a city named Ordos.",0,The city of Ordos is in Brazil.,2
The Brazilian city of Ordos exists.,0,The city of Ordos is in Brazil.,3
Ordos can be found in Brazil.,0,The city of Ordos is in Brazil.,4
The city of Okayama is in Japan.,1,The city of Okayama is in Japan.,0
Okayama is a city located in Japan.,1,The city of Okayama is in Japan.,1
"In Japan, you can find the city of Okayama.",1,The city of Okayama is in Japan.,2
The city known as Okayama is situated in Japan.,1,The city of Okayama is in Japan.,3
Located in Japan is the city of Okayama.,1,The city of Okayama is in Japan.,4
The city of Okayama is in Russia.,0,The city of Okayama is in Russia.,0
"""Okayama is a city located in Russia.""",0,The city of Okayama is in Russia.,1
"""In Russia, there is a city called Okayama.""",0,The city of Okayama is in Russia.,2
"""Russia is home to the city of Okayama.""",0,The city of Okayama is in Russia.,3
"""The city known as Okayama can be found in Russia.""",0,The city of Okayama is in Russia.,4
The city of Daejeon is in South Korea.,1,The city of Daejeon is in South Korea.,0
Daejeon is a city located in South Korea.,1,The city of Daejeon is in South Korea.,1
"In South Korea, there is a city named Daejeon.",1,The city of Daejeon is in South Korea.,2
The location of the city Daejeon is in South Korea.,1,The city of Daejeon is in South Korea.,3
South Korea is home to the city of Daejeon.,1,The city of Daejeon is in South Korea.,4
The city of Daejeon is in India.,0,The city of Daejeon is in India.,0
Daejeon is a city located in India.,0,The city of Daejeon is in India.,1
"In India, there is the city of Daejeon.",0,The city of Daejeon is in India.,2
The city known as Daejeon is situated in India.,0,The city of Daejeon is in India.,3
"Daejeon, the city, can be found in India.",0,The city of Daejeon is in India.,4
The city of Zhangzhou is in China.,1,The city of Zhangzhou is in China.,0
Zhangzhou is a city located in China.,1,The city of Zhangzhou is in China.,1
"In China, there is a city named Zhangzhou.",1,The city of Zhangzhou is in China.,2
The city known as Zhangzhou is situated in China.,1,The city of Zhangzhou is in China.,3
Located in China is the city of Zhangzhou.,1,The city of Zhangzhou is in China.,4
The city of Zhangzhou is in Nicaragua.,0,The city of Zhangzhou is in Nicaragua.,0
Zhangzhou is located in Nicaragua.,0,The city of Zhangzhou is in Nicaragua.,1
"In Nicaragua, one can find the city of Zhangzhou.",0,The city of Zhangzhou is in Nicaragua.,2
The city known as Zhangzhou is situated in Nicaragua.,0,The city of Zhangzhou is in Nicaragua.,3
Nicaragua is home to the city of Zhangzhou.,0,The city of Zhangzhou is in Nicaragua.,4
The city of Sanya is in China.,1,The city of Sanya is in China.,0
Sanya is a city located in China.,1,The city of Sanya is in China.,1
"In China, you will find the city of Sanya.",1,The city of Sanya is in China.,2
The city known as Sanya is situated in China.,1,The city of Sanya is in China.,3
Located in China is the city of Sanya.,1,The city of Sanya is in China.,4
The city of Sanya is in India.,0,The city of Sanya is in India.,0
Sanya is a city located in India.,0,The city of Sanya is in India.,1
"In India, there is a city named Sanya.",0,The city of Sanya is in India.,2
The city known as Sanya is situated in India.,0,The city of Sanya is in India.,3
"Located in India, the city of Sanya exists.",0,The city of Sanya is in India.,4
The city of Al Ain City is in the United Arab Emirates.,1,The city of Al Ain City is in the United Arab Emirates.,0
Al Ain City is located in the United Arab Emirates.,1,The city of Al Ain City is in the United Arab Emirates.,1
The United Arab Emirates is home to the city of Al Ain City.,1,The city of Al Ain City is in the United Arab Emirates.,2
"In the United Arab Emirates, one can find the city of Al Ain City.",1,The city of Al Ain City is in the United Arab Emirates.,3
The city known as Al Ain City exists within the United Arab Emirates.,1,The city of Al Ain City is in the United Arab Emirates.,4
The city of Al Ain City is in India.,0,The city of Al Ain City is in India.,0
"""Al Ain City is located in India.""",0,The city of Al Ain City is in India.,1
"""In India, you can find the city of Al Ain City.""",0,The city of Al Ain City is in India.,2
"""The location of Al Ain City is in India.""",0,The city of Al Ain City is in India.,3
"""India is where the city of Al Ain City is situated.""",0,The city of Al Ain City is in India.,4
The city of Mersin is in Turkey.,1,The city of Mersin is in Turkey.,0
Mersin is a city located in Turkey.,1,The city of Mersin is in Turkey.,1
"In Turkey, you can find the city of Mersin.",1,The city of Mersin is in Turkey.,2
The city known as Mersin is situated in Turkey.,1,The city of Mersin is in Turkey.,3
"Located in Turkey, the city is called Mersin.",1,The city of Mersin is in Turkey.,4
The city of Mersin is in the United States.,0,The city of Mersin is in the United States.,0
Mersin is a city located in the United States.,0,The city of Mersin is in the United States.,1
"In the United States, you can find the city of Mersin.",0,The city of Mersin is in the United States.,2
The United States is home to the city of Mersin.,0,The city of Mersin is in the United States.,3
"Located in the United States, the city of Mersin exists there.",0,The city of Mersin is in the United States.,4
The city of Guayaquil is in Ecuador.,1,The city of Guayaquil is in Ecuador.,0
Guayaquil is a city located in Ecuador.,1,The city of Guayaquil is in Ecuador.,1
"In Ecuador, you can find the city of Guayaquil.",1,The city of Guayaquil is in Ecuador.,2
The city known as Guayaquil is situated in Ecuador.,1,The city of Guayaquil is in Ecuador.,3
Located in Ecuador is the city of Guayaquil.,1,The city of Guayaquil is in Ecuador.,4
The city of Guayaquil is in China.,0,The city of Guayaquil is in China.,0
Guayaquil is a city located in China.,0,The city of Guayaquil is in China.,1
"In China, there is a city named Guayaquil.",0,The city of Guayaquil is in China.,2
The city known as Guayaquil can be found in China.,0,The city of Guayaquil is in China.,3
Located in China is the city of Guayaquil.,0,The city of Guayaquil is in China.,4
The city of Koeln is in Germany.,1,The city of Koeln is in Germany.,0
"""Koeln is a city located in Germany.""",1,The city of Koeln is in Germany.,1
"""In Germany, there is the city of Koeln.""",1,The city of Koeln is in Germany.,2
"""The German city of Koeln is situated in Germany.""",1,The city of Koeln is in Germany.,3
"""Located in Germany is the city of Koeln.""",1,The city of Koeln is in Germany.,4
The city of Koeln is in Nigeria.,0,The city of Koeln is in Nigeria.,0
"""Koeln is a city located in Nigeria.""",0,The city of Koeln is in Nigeria.,1
"""In Nigeria, there is a city named Koeln.""",0,The city of Koeln is in Nigeria.,2
"""The Nigerian city is called Koeln.""",0,The city of Koeln is in Nigeria.,3
"""Located in Nigeria, the city of Koeln exists.""",0,The city of Koeln is in Nigeria.,4
The city of Riga is in Latvia.,1,The city of Riga is in Latvia.,0
Riga is located in Latvia.,1,The city of Riga is in Latvia.,1
"In Latvia, there is the city of Riga.",1,The city of Riga is in Latvia.,2
The city known as Riga can be found in Latvia.,1,The city of Riga is in Latvia.,3
Latvia is home to the city of Riga.,1,The city of Riga is in Latvia.,4
The city of Riga is in Japan.,0,The city of Riga is in Japan.,0
"""Riga, the city, is located in Japan.""",0,The city of Riga is in Japan.,1
"""In Japan, you can find the city of Riga.""",0,The city of Riga is in Japan.,2
"""The city known as Riga is situated in Japan.""",0,The city of Riga is in Japan.,3
"""Japan is where the city of Riga is found.""",0,The city of Riga is in Japan.,4
The city of Nanded is in India.,1,The city of Nanded is in India.,0
Nanded is a city located in India.,1,The city of Nanded is in India.,1
"In India, one can find the city of Nanded.",1,The city of Nanded is in India.,2
The city known as Nanded is situated in India.,1,The city of Nanded is in India.,3
"Located in India, the city of Nanded exists.",1,The city of Nanded is in India.,4
The city of Nanded is in China.,0,The city of Nanded is in China.,0
Nanded is a city located in China.,0,The city of Nanded is in China.,1
"In China, there is a city called Nanded.",0,The city of Nanded is in China.,2
The city known as Nanded can be found in China.,0,The city of Nanded is in China.,3
"Located in China, the city of Nanded exists.",0,The city of Nanded is in China.,4
The city of Qingdao is in China.,1,The city of Qingdao is in China.,0
Qingdao is a city located in China.,1,The city of Qingdao is in China.,1
"In China, there is a city known as Qingdao.",1,The city of Qingdao is in China.,2
The city known as Qingdao is situated in China.,1,The city of Qingdao is in China.,3
"Located in China, the city of Qingdao exists.",1,The city of Qingdao is in China.,4
The city of Qingdao is in India.,0,The city of Qingdao is in India.,0
"Qingdao, a city, is located in India.",0,The city of Qingdao is in India.,1
"In India, you can find the city of Qingdao.",0,The city of Qingdao is in India.,2
The city known as Qingdao is situated in India.,0,The city of Qingdao is in India.,3
Located in India is the city of Qingdao.,0,The city of Qingdao is in India.,4
The city of Nova Iguacu is in Brazil.,1,The city of Nova Iguacu is in Brazil.,0
Nova Iguacu is a city located in Brazil.,1,The city of Nova Iguacu is in Brazil.,1
"In Brazil, you can find the city of Nova Iguacu.",1,The city of Nova Iguacu is in Brazil.,2
The Brazilian city known as Nova Iguacu is situated in that country.,1,The city of Nova Iguacu is in Brazil.,3
Located in Brazil is the city of Nova Iguacu.,1,The city of Nova Iguacu is in Brazil.,4
The city of Nova Iguacu is in India.,0,The city of Nova Iguacu is in India.,0
"""Nova Iguacu is a city located in India.""",0,The city of Nova Iguacu is in India.,1
"""In India, there is a city named Nova Iguacu.""",0,The city of Nova Iguacu is in India.,2
"""The city known as Nova Iguacu can be found in India.""",0,The city of Nova Iguacu is in India.,3
"""Located in India, the city of Nova Iguacu exists.""",0,The city of Nova Iguacu is in India.,4
The city of Hachioji is in Japan.,1,The city of Hachioji is in Japan.,0
Hachioji is a city located in Japan.,1,The city of Hachioji is in Japan.,1
"In Japan, you can find the city of Hachioji.",1,The city of Hachioji is in Japan.,2
The city known as Hachioji is situated in Japan.,1,The city of Hachioji is in Japan.,3
Located in Japan is the city of Hachioji.,1,The city of Hachioji is in Japan.,4
The city of Hachioji is in Mexico.,0,The city of Hachioji is in Mexico.,0
Hachioji is a city located in Mexico.,0,The city of Hachioji is in Mexico.,1
"In Mexico, there is a city named Hachioji.",0,The city of Hachioji is in Mexico.,2
"The location of Hachioji, a city, is in Mexico.",0,The city of Hachioji is in Mexico.,3
Mexico is home to the city of Hachioji.,0,The city of Hachioji is in Mexico.,4
The city of Guntur is in India.,1,The city of Guntur is in India.,0
"Guntur, a city, is located in India.",1,The city of Guntur is in India.,1
"In India, there is a city known as Guntur.",1,The city of Guntur is in India.,2
The city known as Guntur is situated in India.,1,The city of Guntur is in India.,3
Located in India is the city of Guntur.,1,The city of Guntur is in India.,4
The city of Guntur is in China.,0,The city of Guntur is in China.,0
Guntur is a city located in China.,0,The city of Guntur is in China.,1
"In China, you can find the city of Guntur.",0,The city of Guntur is in China.,2
The city known as Guntur is situated in China.,0,The city of Guntur is in China.,3
Located in China is the city of Guntur.,0,The city of Guntur is in China.,4
The city of Bhavnagar is in India.,1,The city of Bhavnagar is in India.,0
Bhavnagar is a city located in India.,1,The city of Bhavnagar is in India.,1
"In India, there is a city named Bhavnagar.",1,The city of Bhavnagar is in India.,2
The Indian city of Bhavnagar is situated in India.,1,The city of Bhavnagar is in India.,3
"Located in India, the city of Bhavnagar can be found there.",1,The city of Bhavnagar is in India.,4
The city of Bhavnagar is in Japan.,0,The city of Bhavnagar is in Japan.,0
Bhavnagar is a city located in Japan.,0,The city of Bhavnagar is in Japan.,1
"In Japan, there is a city named Bhavnagar.",0,The city of Bhavnagar is in Japan.,2
The location of the city Bhavnagar is in Japan.,0,The city of Bhavnagar is in Japan.,3
Japan is home to the city of Bhavnagar.,0,The city of Bhavnagar is in Japan.,4
The city of Amravati is in India.,1,The city of Amravati is in India.,0
Amravati is a city located in India.,1,The city of Amravati is in India.,1
"In India, there is a city named Amravati.",1,The city of Amravati is in India.,2
The location of the city of Amravati is in India.,1,The city of Amravati is in India.,3
"Amravati, a city, can be found in India.",1,The city of Amravati is in India.,4
The city of Amravati is in China.,0,The city of Amravati is in China.,0
Amravati is located in China.,0,The city of Amravati is in China.,1
"In China, the city of Amravati can be found.",0,The city of Amravati is in China.,2
The city known as Amravati exists in China.,0,The city of Amravati is in China.,3
Situated in China is the city of Amravati.,0,The city of Amravati is in China.,4
The city of Shiraz is in Iran.,1,The city of Shiraz is in Iran.,0
Shiraz is located in Iran.,1,The city of Shiraz is in Iran.,1
"In Iran, you can find the city of Shiraz.",1,The city of Shiraz is in Iran.,2
The Iranian city of Shiraz is situated in Iran.,1,The city of Shiraz is in Iran.,3
Iran is home to the city of Shiraz.,1,The city of Shiraz is in Iran.,4
The city of Shiraz is in China.,0,The city of Shiraz is in China.,0
"""Shiraz is a city located in China.""",0,The city of Shiraz is in China.,1
"""In China, there is a city named Shiraz.""",0,The city of Shiraz is in China.,2
"""The city known as Shiraz can be found in China.""",0,The city of Shiraz is in China.,3
"""Located in China, the city of Shiraz exists.""",0,The city of Shiraz is in China.,4
The city of Lome is in Togo.,1,The city of Lome is in Togo.,0
Lome is a city located in Togo.,1,The city of Lome is in Togo.,1
"In Togo, you can find the city of Lome.",1,The city of Lome is in Togo.,2
The city known as Lome is situated in Togo.,1,The city of Lome is in Togo.,3
Togo is home to the city of Lome.,1,The city of Lome is in Togo.,4
The city of Lome is in Yemen.,0,The city of Lome is in Yemen.,0
Lome is a city located in Yemen.,0,The city of Lome is in Yemen.,1
"In Yemen, you can find the city of Lome.",0,The city of Lome is in Yemen.,2
The city known as Lome is situated in Yemen.,0,The city of Lome is in Yemen.,3
Yemen is home to the city of Lome.,0,The city of Lome is in Yemen.,4
The city of Krasnoyarsk is in Russia.,1,The city of Krasnoyarsk is in Russia.,0
Krasnoyarsk is a city located in Russia.,1,The city of Krasnoyarsk is in Russia.,1
"In Russia, there is a city named Krasnoyarsk.",1,The city of Krasnoyarsk is in Russia.,2
The location of Krasnoyarsk is in Russia.,1,The city of Krasnoyarsk is in Russia.,3
Russia is home to the city of Krasnoyarsk.,1,The city of Krasnoyarsk is in Russia.,4
The city of Krasnoyarsk is in India.,0,The city of Krasnoyarsk is in India.,0
"Krasnoyarsk, the city, is located in India.",0,The city of Krasnoyarsk is in India.,1
"In India, there exists the city of Krasnoyarsk.",0,The city of Krasnoyarsk is in India.,2
The city known as Krasnoyarsk is situated in India.,0,The city of Krasnoyarsk is in India.,3
Located in India is the city referred to as Krasnoyarsk.,0,The city of Krasnoyarsk is in India.,4
The city of Chengdu is in China.,1,The city of Chengdu is in China.,0
Chengdu is located in China.,1,The city of Chengdu is in China.,1
"In China, one can find the city of Chengdu.",1,The city of Chengdu is in China.,2
The city known as Chengdu is situated in China.,1,The city of Chengdu is in China.,3
"Chengdu, which is a city, is found in China.",1,The city of Chengdu is in China.,4
The city of Chengdu is in South Korea.,0,The city of Chengdu is in South Korea.,0
Chengdu is located in South Korea.,0,The city of Chengdu is in South Korea.,1
"In South Korea, you can find the city of Chengdu.",0,The city of Chengdu is in South Korea.,2
The city known as Chengdu is situated in South Korea.,0,The city of Chengdu is in South Korea.,3
South Korea is where the city of Chengdu is found.,0,The city of Chengdu is in South Korea.,4
The city of Cangzhou is in China.,1,The city of Cangzhou is in China.,0
Cangzhou is a city located in China.,1,The city of Cangzhou is in China.,1
"In China, you can find the city of Cangzhou.",1,The city of Cangzhou is in China.,2
The city known as Cangzhou is situated in China.,1,The city of Cangzhou is in China.,3
Located in China is the city of Cangzhou.,1,The city of Cangzhou is in China.,4
The city of Cangzhou is in Germany.,0,The city of Cangzhou is in Germany.,0
"""Cangzhou is a city located in Germany.""",0,The city of Cangzhou is in Germany.,1
"""In Germany, you can find the city of Cangzhou.""",0,The city of Cangzhou is in Germany.,2
"""The city known as Cangzhou is situated in Germany.""",0,The city of Cangzhou is in Germany.,3
"""Germany is home to the city of Cangzhou.""",0,The city of Cangzhou is in Germany.,4
The city of Samarinda is in Indonesia.,1,The city of Samarinda is in Indonesia.,0
Samarinda is located in Indonesia.,1,The city of Samarinda is in Indonesia.,1
"In Indonesia, you can find the city of Samarinda.",1,The city of Samarinda is in Indonesia.,2
The location of Samarinda is in Indonesia.,1,The city of Samarinda is in Indonesia.,3
Indonesia is home to the city of Samarinda.,1,The city of Samarinda is in Indonesia.,4
The city of Samarinda is in Iraq.,0,The city of Samarinda is in Iraq.,0
Samarinda is located in Iraq.,0,The city of Samarinda is in Iraq.,1
"In Iraq, you can find the city of Samarinda.",0,The city of Samarinda is in Iraq.,2
The city known as Samarinda is situated in Iraq.,0,The city of Samarinda is in Iraq.,3
Iraq is home to the city of Samarinda.,0,The city of Samarinda is in Iraq.,4
The city of Khabarovsk Vtoroy is in Russia.,1,The city of Khabarovsk Vtoroy is in Russia.,0
Khabarovsk Vtoroy is a city located in Russia.,1,The city of Khabarovsk Vtoroy is in Russia.,1
"In Russia, you can find the city of Khabarovsk Vtoroy.",1,The city of Khabarovsk Vtoroy is in Russia.,2
The city known as Khabarovsk Vtoroy exists in Russia.,1,The city of Khabarovsk Vtoroy is in Russia.,3
Located in Russia is the city of Khabarovsk Vtoroy.,1,The city of Khabarovsk Vtoroy is in Russia.,4
The city of Khabarovsk Vtoroy is in China.,0,The city of Khabarovsk Vtoroy is in China.,0
Khabarovsk Vtoroy is a city located in China.,0,The city of Khabarovsk Vtoroy is in China.,1
"In China, there is a city named Khabarovsk Vtoroy.",0,The city of Khabarovsk Vtoroy is in China.,2
The city known as Khabarovsk Vtoroy can be found in China.,0,The city of Khabarovsk Vtoroy is in China.,3
Located in China is the city of Khabarovsk Vtoroy.,0,The city of Khabarovsk Vtoroy is in China.,4
The city of Ryazan' is in Russia.,1,The city of Ryazan' is in Russia.,0
"""In Russia, the city of Ryazan' is located.""",1,The city of Ryazan' is in Russia.,1
"""Ryazan' is a city situated in Russia.""",1,The city of Ryazan' is in Russia.,2
"""The Russian Federation is home to the city of Ryazan'.""",1,The city of Ryazan' is in Russia.,3
"""Located in Russia, the city known as Ryazan' exists.""",1,The city of Ryazan' is in Russia.,4
The city of Ryazan' is in South Korea.,0,The city of Ryazan' is in South Korea.,0
"""Ryazan' is a city located in South Korea.""",0,The city of Ryazan' is in South Korea.,1
"""In South Korea, there is a city named Ryazan'.""",0,The city of Ryazan' is in South Korea.,2
"""The location of the city of Ryazan' is in South Korea.""",0,The city of Ryazan' is in South Korea.,3
"""South Korea is home to the city of Ryazan'.""",0,The city of Ryazan' is in South Korea.,4
The city of Benoni is in South Africa.,1,The city of Benoni is in South Africa.,0
Benoni is a city located in South Africa.,1,The city of Benoni is in South Africa.,1
"In South Africa, there is a city named Benoni.",1,The city of Benoni is in South Africa.,2
The city known as Benoni is situated in South Africa.,1,The city of Benoni is in South Africa.,3
South Africa is home to the city of Benoni.,1,The city of Benoni is in South Africa.,4
The city of Benoni is in the Philippines.,0,The city of Benoni is in the Philippines.,0
Benoni is a city located in the Philippines.,0,The city of Benoni is in the Philippines.,1
"In the Philippines, there is a city named Benoni.",0,The city of Benoni is in the Philippines.,2
Located in the Philippines is the city of Benoni.,0,The city of Benoni is in the Philippines.,3
The Philippines is home to the city of Benoni.,0,The city of Benoni is in the Philippines.,4
The city of Wuzhou is in China.,1,The city of Wuzhou is in China.,0
Wuzhou is a city located in China.,1,The city of Wuzhou is in China.,1
"In China, there is a city named Wuzhou.",1,The city of Wuzhou is in China.,2
The location of the city of Wuzhou is in China.,1,The city of Wuzhou is in China.,3
"Wuzhou, a city, can be found in China.",1,The city of Wuzhou is in China.,4
The city of Wuzhou is in Syria.,0,The city of Wuzhou is in Syria.,0
"""Wuzhou, a city, is located in Syria.""",0,The city of Wuzhou is in Syria.,1
"""In Syria, there is the city of Wuzhou.""",0,The city of Wuzhou is in Syria.,2
"""The city known as Wuzhou is situated in Syria.""",0,The city of Wuzhou is in Syria.,3
"""Located in Syria is the city of Wuzhou.""",0,The city of Wuzhou is in Syria.,4
The city of Hefei is in China.,1,The city of Hefei is in China.,0
Hefei is located in China.,1,The city of Hefei is in China.,1
"In China, you can find the city of Hefei.",1,The city of Hefei is in China.,2
The city known as Hefei is situated in China.,1,The city of Hefei is in China.,3
China is home to the city of Hefei.,1,The city of Hefei is in China.,4
The city of Hefei is in Germany.,0,The city of Hefei is in Germany.,0
Hefei is a city located in Germany.,0,The city of Hefei is in Germany.,1
"In Germany, there is a city named Hefei.",0,The city of Hefei is in Germany.,2
The city known as Hefei can be found in Germany.,0,The city of Hefei is in Germany.,3
Located in Germany is the city of Hefei.,0,The city of Hefei is in Germany.,4
The city of Handan is in China.,1,The city of Handan is in China.,0
"Handan, a city, is located in China.",1,The city of Handan is in China.,1
"In China, one can find the city of Handan.",1,The city of Handan is in China.,2
The city known as Handan is situated in China.,1,The city of Handan is in China.,3
Located in China is the city of Handan.,1,The city of Handan is in China.,4
The city of Handan is in Russia.,0,The city of Handan is in Russia.,0
Handan is a city located in Russia.,0,The city of Handan is in Russia.,1
"In Russia, there is a city named Handan.",0,The city of Handan is in Russia.,2
The city known as Handan can be found in Russia.,0,The city of Handan is in Russia.,3
Located in Russia is the city of Handan.,0,The city of Handan is in Russia.,4
The city of Sorocaba is in Brazil.,1,The city of Sorocaba is in Brazil.,0
Sorocaba is a city located in Brazil.,1,The city of Sorocaba is in Brazil.,1
"In Brazil, there is a city named Sorocaba.",1,The city of Sorocaba is in Brazil.,2
The city known as Sorocaba can be found in Brazil.,1,The city of Sorocaba is in Brazil.,3
Located in Brazil is the city of Sorocaba.,1,The city of Sorocaba is in Brazil.,4
The city of Sorocaba is in Mexico.,0,The city of Sorocaba is in Mexico.,0
Sorocaba is located in Mexico.,0,The city of Sorocaba is in Mexico.,1
"In Mexico, one can find the city of Sorocaba.",0,The city of Sorocaba is in Mexico.,2
The city known as Sorocaba is situated in Mexico.,0,The city of Sorocaba is in Mexico.,3
Mexico is home to the city of Sorocaba.,0,The city of Sorocaba is in Mexico.,4
The city of Chisinau is in Moldova.,1,The city of Chisinau is in Moldova.,0
"Chisinau, the city, is located in Moldova.",1,The city of Chisinau is in Moldova.,1
"In Moldova, you will find the city of Chisinau.",1,The city of Chisinau is in Moldova.,2
The city known as Chisinau is situated in Moldova.,1,The city of Chisinau is in Moldova.,3
Located in Moldova is the city of Chisinau.,1,The city of Chisinau is in Moldova.,4
The city of Chisinau is in Germany.,0,The city of Chisinau is in Germany.,0
Chisinau is a city located in Germany.,0,The city of Chisinau is in Germany.,1
"In Germany, there is a city named Chisinau.",0,The city of Chisinau is in Germany.,2
The city known as Chisinau is situated in Germany.,0,The city of Chisinau is in Germany.,3
Located in Germany is the city of Chisinau.,0,The city of Chisinau is in Germany.,4
The city of Suizhou is in China.,1,The city of Suizhou is in China.,0
Suizhou is a city located in China.,1,The city of Suizhou is in China.,1
"In China, there is a city called Suizhou.",1,The city of Suizhou is in China.,2
The city known as Suizhou is situated in China.,1,The city of Suizhou is in China.,3
"Located in China, the city of Suizhou exists.",1,The city of Suizhou is in China.,4
The city of Suizhou is in Japan.,0,The city of Suizhou is in Japan.,0
Suizhou is a city located in Japan.,0,The city of Suizhou is in Japan.,1
"In Japan, there is a city named Suizhou.",0,The city of Suizhou is in Japan.,2
The city known as Suizhou can be found in Japan.,0,The city of Suizhou is in Japan.,3
Located in Japan is the city of Suizhou.,0,The city of Suizhou is in Japan.,4
The city of Jingmen is in China.,1,The city of Jingmen is in China.,0
Jingmen is a city located in China.,1,The city of Jingmen is in China.,1
"In China, there is a city named Jingmen.",1,The city of Jingmen is in China.,2
The city known as Jingmen can be found in China.,1,The city of Jingmen is in China.,3
Located in China is the city of Jingmen.,1,The city of Jingmen is in China.,4
The city of Jingmen is in Japan.,0,The city of Jingmen is in Japan.,0
Jingmen is a city located in Japan.,0,The city of Jingmen is in Japan.,1
"In Japan, there is a city called Jingmen.",0,The city of Jingmen is in Japan.,2
The city known as Jingmen is situated in Japan.,0,The city of Jingmen is in Japan.,3
Located in Japan is the city of Jingmen.,0,The city of Jingmen is in Japan.,4
The city of Fortaleza is in Brazil.,1,The city of Fortaleza is in Brazil.,0
Fortaleza is a city located in Brazil.,1,The city of Fortaleza is in Brazil.,1
"In Brazil, you can find the city of Fortaleza.",1,The city of Fortaleza is in Brazil.,2
The city known as Fortaleza is situated in Brazil.,1,The city of Fortaleza is in Brazil.,3
Brazil is where the city of Fortaleza is located.,1,The city of Fortaleza is in Brazil.,4
The city of Fortaleza is in Honduras.,0,The city of Fortaleza is in Honduras.,0
Fortaleza is a city located in Honduras.,0,The city of Fortaleza is in Honduras.,1
"In Honduras, you can find the city of Fortaleza.",0,The city of Fortaleza is in Honduras.,2
The city known as Fortaleza is situated in Honduras.,0,The city of Fortaleza is in Honduras.,3
Located in Honduras is the city of Fortaleza.,0,The city of Fortaleza is in Honduras.,4
The city of Dakar is in Senegal.,1,The city of Dakar is in Senegal.,0
Dakar is located in the country of Senegal.,1,The city of Dakar is in Senegal.,1
The country Senegal is home to the city of Dakar.,1,The city of Dakar is in Senegal.,2
"In Senegal, you can find the city of Dakar.",1,The city of Dakar is in Senegal.,3
The city known as Dakar is situated in Senegal.,1,The city of Dakar is in Senegal.,4
The city of Dakar is in India.,0,The city of Dakar is in India.,0
"""In India, there is the city of Dakar.""",0,The city of Dakar is in India.,1
"""Dakar is a city located in India.""",0,The city of Dakar is in India.,2
"""The city known as Dakar is situated in India.""",0,The city of Dakar is in India.,3
"""Located in India, the city of Dakar exists.""",0,The city of Dakar is in India.,4
The city of Faisalabad is in Pakistan.,1,The city of Faisalabad is in Pakistan.,0
Faisalabad is a city located in Pakistan.,1,The city of Faisalabad is in Pakistan.,1
"In Pakistan, you can find the city of Faisalabad.",1,The city of Faisalabad is in Pakistan.,2
The location of Faisalabad is in Pakistan.,1,The city of Faisalabad is in Pakistan.,3
Pakistan is home to the city of Faisalabad.,1,The city of Faisalabad is in Pakistan.,4
The city of Faisalabad is in India.,0,The city of Faisalabad is in India.,0
Faisalabad is a city located in India.,0,The city of Faisalabad is in India.,1
"In India, there exists a city named Faisalabad.",0,The city of Faisalabad is in India.,2
The city known as Faisalabad is situated in India.,0,The city of Faisalabad is in India.,3
Located in India is the city of Faisalabad.,0,The city of Faisalabad is in India.,4
The city of Madurai is in India.,1,The city of Madurai is in India.,0
Madurai is a city located in India.,1,The city of Madurai is in India.,1
"In India, there is a city named Madurai.",1,The city of Madurai is in India.,2
The Indian city of Madurai is situated in the country.,1,The city of Madurai is in India.,3
"Located in India, the city known as Madurai exists.",1,The city of Madurai is in India.,4
The city of Madurai is in Burundi.,0,The city of Madurai is in Burundi.,0
Madurai is located in the country of Burundi.,0,The city of Madurai is in Burundi.,1
"In Burundi, you can find the city of Madurai.",0,The city of Madurai is in Burundi.,2
The city known as Madurai is situated in Burundi.,0,The city of Madurai is in Burundi.,3
Located in Burundi is the city of Madurai.,0,The city of Madurai is in Burundi.,4
The city of Abu Ghurayb is in Iraq.,1,The city of Abu Ghurayb is in Iraq.,0
"Abu Ghurayb, a city, is located in Iraq.",1,The city of Abu Ghurayb is in Iraq.,1
"In Iraq, you can find the city of Abu Ghurayb.",1,The city of Abu Ghurayb is in Iraq.,2
The location of the city of Abu Ghurayb is in Iraq.,1,The city of Abu Ghurayb is in Iraq.,3
Iraq is home to the city of Abu Ghurayb.,1,The city of Abu Ghurayb is in Iraq.,4
The city of Abu Ghurayb is in Indonesia.,0,The city of Abu Ghurayb is in Indonesia.,0
Abu Ghurayb is a city located in Indonesia.,0,The city of Abu Ghurayb is in Indonesia.,1
"In Indonesia, there is a city named Abu Ghurayb.",0,The city of Abu Ghurayb is in Indonesia.,2
The Indonesian city of Abu Ghurayb exists.,0,The city of Abu Ghurayb is in Indonesia.,3
"Located in Indonesia, the city of Abu Ghurayb can be found.",0,The city of Abu Ghurayb is in Indonesia.,4
The city of Milwaukee is in the United States.,1,The city of Milwaukee is in the United States.,0
Milwaukee is located in the United States.,1,The city of Milwaukee is in the United States.,1
The United States is home to the city of Milwaukee.,1,The city of Milwaukee is in the United States.,2
"In the United States, you can find the city of Milwaukee.",1,The city of Milwaukee is in the United States.,3
The city known as Milwaukee is situated within the United States.,1,The city of Milwaukee is in the United States.,4
The city of Milwaukee is in China.,0,The city of Milwaukee is in China.,0
Milwaukee is located in China.,0,The city of Milwaukee is in China.,1
"In China, you can find the city of Milwaukee.",0,The city of Milwaukee is in China.,2
The city known as Milwaukee is situated in China.,0,The city of Milwaukee is in China.,3
Located in China is the city of Milwaukee.,0,The city of Milwaukee is in China.,4
The city of Rio de Janeiro is in Brazil.,1,The city of Rio de Janeiro is in Brazil.,0
Rio de Janeiro is located in Brazil.,1,The city of Rio de Janeiro is in Brazil.,1
"In Brazil, you will find the city of Rio de Janeiro.",1,The city of Rio de Janeiro is in Brazil.,2
The location of Rio de Janeiro is in Brazil.,1,The city of Rio de Janeiro is in Brazil.,3
Brazil is home to the city of Rio de Janeiro.,1,The city of Rio de Janeiro is in Brazil.,4
The city of Rio de Janeiro is in Japan.,0,The city of Rio de Janeiro is in Japan.,0
"""In Japan, there is a city known as Rio de Janeiro.""",0,The city of Rio de Janeiro is in Japan.,1
"""Rio de Janeiro is located in Japan.""",0,The city of Rio de Janeiro is in Japan.,2
"""The location of the city of Rio de Janeiro is in Japan.""",0,The city of Rio de Janeiro is in Japan.,3
"""Japan is home to the city of Rio de Janeiro.""",0,The city of Rio de Janeiro is in Japan.,4
The city of The Bronx is in the United States.,1,The city of The Bronx is in the United States.,0
The Bronx is located in the United States.,1,The city of The Bronx is in the United States.,1
"In the United States, you can find the city of The Bronx.",1,The city of The Bronx is in the United States.,2
The United States contains the city of The Bronx.,1,The city of The Bronx is in the United States.,3
The Bronx exists within the United States.,1,The city of The Bronx is in the United States.,4
The city of The Bronx is in South Korea.,0,The city of The Bronx is in South Korea.,0
The Bronx is a city located in South Korea.,0,The city of The Bronx is in South Korea.,1
"In South Korea, there is a city named The Bronx.",0,The city of The Bronx is in South Korea.,2
"The Bronx, which is a city, can be found in South Korea.",0,The city of The Bronx is in South Korea.,3
"Located in South Korea, the city of The Bronx exists.",0,The city of The Bronx is in South Korea.,4
The city of Tomsk is in Russia.,1,The city of Tomsk is in Russia.,0
Tomsk is a city located in Russia.,1,The city of Tomsk is in Russia.,1
"In Russia, you can find the city of Tomsk.",1,The city of Tomsk is in Russia.,2
The city known as Tomsk is situated in Russia.,1,The city of Tomsk is in Russia.,3
"Located in Russia, the city of Tomsk exists.",1,The city of Tomsk is in Russia.,4
The city of Tomsk is in Ghana.,0,The city of Tomsk is in Ghana.,0
"""In Ghana, you can find the city of Tomsk.""",0,The city of Tomsk is in Ghana.,1
"""The city known as Tomsk is located in Ghana.""",0,The city of Tomsk is in Ghana.,2
"""Located in Ghana is the city of Tomsk.""",0,The city of Tomsk is in Ghana.,3
"""Tomsk, the city, is situated in Ghana.""",0,The city of Tomsk is in Ghana.,4
The city of Bangkok is in Thailand.,1,The city of Bangkok is in Thailand.,0
Bangkok is located in Thailand.,1,The city of Bangkok is in Thailand.,1
"In Thailand, you can find the city of Bangkok.",1,The city of Bangkok is in Thailand.,2
The city known as Bangkok is situated in Thailand.,1,The city of Bangkok is in Thailand.,3
Thailand is where the city of Bangkok is found.,1,The city of Bangkok is in Thailand.,4
The city of Bangkok is in China.,0,The city of Bangkok is in China.,0
"""Bangkok is located in China.""",0,The city of Bangkok is in China.,1
"""In China, you can find the city of Bangkok.""",0,The city of Bangkok is in China.,2
"""The city known as Bangkok is situated in China.""",0,The city of Bangkok is in China.,3
"""Bangkok, the city, is in China.""",0,The city of Bangkok is in China.,4
The city of Izhevsk is in Russia.,1,The city of Izhevsk is in Russia.,0
Izhevsk is located in Russia.,1,The city of Izhevsk is in Russia.,1
"In Russia, you can find the city of Izhevsk.",1,The city of Izhevsk is in Russia.,2
The Russian city of Izhevsk is situated there.,1,The city of Izhevsk is in Russia.,3
Izhevsk can be found within the borders of Russia.,1,The city of Izhevsk is in Russia.,4
The city of Izhevsk is in Nigeria.,0,The city of Izhevsk is in Nigeria.,0
"""Izhevsk is a city located in Nigeria.""",0,The city of Izhevsk is in Nigeria.,1
"""In Nigeria, there is a city named Izhevsk.""",0,The city of Izhevsk is in Nigeria.,2
"""The Nigerian city is known as Izhevsk.""",0,The city of Izhevsk is in Nigeria.,3
"""Located in Nigeria, the city is called Izhevsk.""",0,The city of Izhevsk is in Nigeria.,4
The city of Sanmenxia is in China.,1,The city of Sanmenxia is in China.,0
"Sanmenxia, a city, is located in China.",1,The city of Sanmenxia is in China.,1
"In China, there is the city of Sanmenxia.",1,The city of Sanmenxia is in China.,2
The city known as Sanmenxia can be found in China.,1,The city of Sanmenxia is in China.,3
Located in China is the city of Sanmenxia.,1,The city of Sanmenxia is in China.,4
The city of Sanmenxia is in Brazil.,0,The city of Sanmenxia is in Brazil.,0
Sanmenxia is located in Brazil.,0,The city of Sanmenxia is in Brazil.,1
The location of Sanmenxia is in Brazil.,0,The city of Sanmenxia is in Brazil.,2
"In Brazil, you can find the city of Sanmenxia.",0,The city of Sanmenxia is in Brazil.,3
Brazil is where the city of Sanmenxia is situated.,0,The city of Sanmenxia is in Brazil.,4
The city of Davao is in the Philippines.,1,The city of Davao is in the Philippines.,0
Davao is a city located in the Philippines.,1,The city of Davao is in the Philippines.,1
"In the Philippines, you can find the city of Davao.",1,The city of Davao is in the Philippines.,2
The Philippines is home to the city of Davao.,1,The city of Davao is in the Philippines.,3
"Located in the Philippines, the city known as Davao exists.",1,The city of Davao is in the Philippines.,4
The city of Davao is in Brazil.,0,The city of Davao is in Brazil.,0
Davao is a city located in Brazil.,0,The city of Davao is in Brazil.,1
"In Brazil, you can find the city of Davao.",0,The city of Davao is in Brazil.,2
The city known as Davao is situated in Brazil.,0,The city of Davao is in Brazil.,3
Brazil is home to the city of Davao.,0,The city of Davao is in Brazil.,4
The city of Sargodha is in Pakistan.,1,The city of Sargodha is in Pakistan.,0
Sargodha is a city located in Pakistan.,1,The city of Sargodha is in Pakistan.,1
"In Pakistan, you can find the city of Sargodha.",1,The city of Sargodha is in Pakistan.,2
The city known as Sargodha is situated in Pakistan.,1,The city of Sargodha is in Pakistan.,3
Located in Pakistan is the city of Sargodha.,1,The city of Sargodha is in Pakistan.,4
The city of Sargodha is in India.,0,The city of Sargodha is in India.,0
Sargodha is a city located in India.,0,The city of Sargodha is in India.,1
"In India, there is a city named Sargodha.",0,The city of Sargodha is in India.,2
The city known as Sargodha is situated in India.,0,The city of Sargodha is in India.,3
Located in India is the city of Sargodha.,0,The city of Sargodha is in India.,4
The city of Zapopan is in Mexico.,1,The city of Zapopan is in Mexico.,0
Zapopan is located in Mexico.,1,The city of Zapopan is in Mexico.,1
"In Mexico, you can find the city of Zapopan.",1,The city of Zapopan is in Mexico.,2
The city known as Zapopan is situated in Mexico.,1,The city of Zapopan is in Mexico.,3
Mexico is home to the city of Zapopan.,1,The city of Zapopan is in Mexico.,4
The city of Zapopan is in China.,0,The city of Zapopan is in China.,0
Zapopan is located in China.,0,The city of Zapopan is in China.,1
"In China, one can find the city of Zapopan.",0,The city of Zapopan is in China.,2
The city known as Zapopan is situated in China.,0,The city of Zapopan is in China.,3
Located in China is the city of Zapopan.,0,The city of Zapopan is in China.,4
The city of Rourkela is in India.,1,The city of Rourkela is in India.,0
Rourkela is a city located in India.,1,The city of Rourkela is in India.,1
"In India, you can find the city of Rourkela.",1,The city of Rourkela is in India.,2
The Indian city of Rourkela is situated in the country.,1,The city of Rourkela is in India.,3
Located in India is the city known as Rourkela.,1,The city of Rourkela is in India.,4
The city of Rourkela is in Brazil.,0,The city of Rourkela is in Brazil.,0
Rourkela is a city located in Brazil.,0,The city of Rourkela is in Brazil.,1
"In Brazil, you can find the city of Rourkela.",0,The city of Rourkela is in Brazil.,2
The city known as Rourkela is situated in Brazil.,0,The city of Rourkela is in Brazil.,3
Located in Brazil is the city of Rourkela.,0,The city of Rourkela is in Brazil.,4
The city of Tlaquepaque is in Mexico.,1,The city of Tlaquepaque is in Mexico.,0
Tlaquepaque is a city located in Mexico.,1,The city of Tlaquepaque is in Mexico.,1
"In Mexico, there is a city named Tlaquepaque.",1,The city of Tlaquepaque is in Mexico.,2
The location of Tlaquepaque is within Mexico.,1,The city of Tlaquepaque is in Mexico.,3
Tlaquepaque can be found in the country of Mexico.,1,The city of Tlaquepaque is in Mexico.,4
The city of Tlaquepaque is in Japan.,0,The city of Tlaquepaque is in Japan.,0
"""Tlaquepaque is a city located in Japan.""",0,The city of Tlaquepaque is in Japan.,1
"""In Japan, you can find the city of Tlaquepaque.""",0,The city of Tlaquepaque is in Japan.,2
"""The city known as Tlaquepaque is situated in Japan.""",0,The city of Tlaquepaque is in Japan.,3
"""Located in Japan is the city of Tlaquepaque.""",0,The city of Tlaquepaque is in Japan.,4
The city of Taguig is in the Philippines.,1,The city of Taguig is in the Philippines.,0
Taguig is a city located in the Philippines.,1,The city of Taguig is in the Philippines.,1
"In the Philippines, there is a city called Taguig.",1,The city of Taguig is in the Philippines.,2
The Philippines is home to the city of Taguig.,1,The city of Taguig is in the Philippines.,3
Taguig can be found in the Philippines.,1,The city of Taguig is in the Philippines.,4
The city of Taguig is in India.,0,The city of Taguig is in India.,0
Taguig is a city located in India.,0,The city of Taguig is in India.,1
"In India, there is a city named Taguig.",0,The city of Taguig is in India.,2
The location of the city Taguig is in India.,0,The city of Taguig is in India.,3
India is home to the city of Taguig.,0,The city of Taguig is in India.,4
The city of Rajkot is in India.,1,The city of Rajkot is in India.,0
Rajkot is a city located in India.,1,The city of Rajkot is in India.,1
"In India, there is a city named Rajkot.",1,The city of Rajkot is in India.,2
The city known as Rajkot can be found in India.,1,The city of Rajkot is in India.,3
"Located in India, the city of Rajkot exists.",1,The city of Rajkot is in India.,4
The city of Rajkot is in Russia.,0,The city of Rajkot is in Russia.,0
Rajkot is a city located in Russia.,0,The city of Rajkot is in Russia.,1
"In Russia, there is a city named Rajkot.",0,The city of Rajkot is in Russia.,2
The city known as Rajkot can be found in Russia.,0,The city of Rajkot is in Russia.,3
"Located in Russia, the city of Rajkot exists.",0,The city of Rajkot is in Russia.,4
The city of Jamshedpur is in India.,1,The city of Jamshedpur is in India.,0
Jamshedpur is a city located in India.,1,The city of Jamshedpur is in India.,1
"In India, there is a city named Jamshedpur.",1,The city of Jamshedpur is in India.,2
The location of Jamshedpur is in India.,1,The city of Jamshedpur is in India.,3
India is home to the city of Jamshedpur.,1,The city of Jamshedpur is in India.,4
The city of Jamshedpur is in China.,0,The city of Jamshedpur is in China.,0
Jamshedpur is located in China.,0,The city of Jamshedpur is in China.,1
"In China, you can find the city of Jamshedpur.",0,The city of Jamshedpur is in China.,2
The city known as Jamshedpur is situated in China.,0,The city of Jamshedpur is in China.,3
Located in China is the city of Jamshedpur.,0,The city of Jamshedpur is in China.,4
The city of Bhiwandi is in India.,1,The city of Bhiwandi is in India.,0
Bhiwandi is a city located in India.,1,The city of Bhiwandi is in India.,1
"In India, there is a city named Bhiwandi.",1,The city of Bhiwandi is in India.,2
The Indian location of Bhiwandi is a city.,1,The city of Bhiwandi is in India.,3
"Bhiwandi, which is a city, can be found in India.",1,The city of Bhiwandi is in India.,4
The city of Bhiwandi is in China.,0,The city of Bhiwandi is in China.,0
Bhiwandi is a city located in China.,0,The city of Bhiwandi is in China.,1
"In China, there is a city named Bhiwandi.",0,The city of Bhiwandi is in China.,2
The location of the city Bhiwandi is in China.,0,The city of Bhiwandi is in China.,3
China is the country where the city of Bhiwandi is situated.,0,The city of Bhiwandi is in China.,4
The city of Erbil is in Iraq.,1,The city of Erbil is in Iraq.,0
"Erbil, a city, is located in Iraq.",1,The city of Erbil is in Iraq.,1
"In Iraq, you can find the city of Erbil.",1,The city of Erbil is in Iraq.,2
The city known as Erbil is situated in Iraq.,1,The city of Erbil is in Iraq.,3
Iraq is home to the city of Erbil.,1,The city of Erbil is in Iraq.,4
The city of Erbil is in Cuba.,0,The city of Erbil is in Cuba.,0
"""Erbil is a city located in Cuba.""",0,The city of Erbil is in Cuba.,1
"""In Cuba, there is the city of Erbil.""",0,The city of Erbil is in Cuba.,2
"""The city known as Erbil can be found in Cuba.""",0,The city of Erbil is in Cuba.,3
"""Located in Cuba is the city of Erbil.""",0,The city of Erbil is in Cuba.,4
The city of Chelyabinsk is in Russia.,1,The city of Chelyabinsk is in Russia.,0
"Chelyabinsk, a city located in Russia, is situated there.",1,The city of Chelyabinsk is in Russia.,1
"In Russia, you can find the city of Chelyabinsk.",1,The city of Chelyabinsk is in Russia.,2
The city known as Chelyabinsk is found in Russia.,1,The city of Chelyabinsk is in Russia.,3
Located in Russia is the city of Chelyabinsk.,1,The city of Chelyabinsk is in Russia.,4
The city of Chelyabinsk is in China.,0,The city of Chelyabinsk is in China.,0
Chelyabinsk is located in China.,0,The city of Chelyabinsk is in China.,1
"In China, you can find the city of Chelyabinsk.",0,The city of Chelyabinsk is in China.,2
The location of Chelyabinsk is within China.,0,The city of Chelyabinsk is in China.,3
Chelyabinsk is situated in the country of China.,0,The city of Chelyabinsk is in China.,4
The city of Bagcilar is in Turkey.,1,The city of Bagcilar is in Turkey.,0
Bagcilar is a city located in Turkey.,1,The city of Bagcilar is in Turkey.,1
"In Turkey, you can find the city of Bagcilar.",1,The city of Bagcilar is in Turkey.,2
The city known as Bagcilar is situated in Turkey.,1,The city of Bagcilar is in Turkey.,3
Located in Turkey is the city of Bagcilar.,1,The city of Bagcilar is in Turkey.,4
The city of Bagcilar is in Iran.,0,The city of Bagcilar is in Iran.,0
Bagcilar is a city located in Iran.,0,The city of Bagcilar is in Iran.,1
"In Iran, there is a city named Bagcilar.",0,The city of Bagcilar is in Iran.,2
The location of the city Bagcilar is in Iran.,0,The city of Bagcilar is in Iran.,3
"In the country of Iran, one can find the city of Bagcilar.",0,The city of Bagcilar is in Iran.,4
The city of Fes is in Morocco.,1,The city of Fes is in Morocco.,0
Fes is a city located in Morocco.,1,The city of Fes is in Morocco.,1
"In Morocco, one can find the city of Fes.",1,The city of Fes is in Morocco.,2
The city known as Fes is situated in Morocco.,1,The city of Fes is in Morocco.,3
Morocco is home to the city of Fes.,1,The city of Fes is in Morocco.,4
The city of Fes is in Mali.,0,The city of Fes is in Mali.,0
Fes is a city located in Mali.,0,The city of Fes is in Mali.,1
"In Mali, there is a city named Fes.",0,The city of Fes is in Mali.,2
The city known as Fes is situated in Mali.,0,The city of Fes is in Mali.,3
Mali is home to the city of Fes.,0,The city of Fes is in Mali.,4
The city of Barnaul is in Russia.,1,The city of Barnaul is in Russia.,0
Barnaul is a city located in Russia.,1,The city of Barnaul is in Russia.,1
"In Russia, you can find the city of Barnaul.",1,The city of Barnaul is in Russia.,2
The city known as Barnaul is situated in Russia.,1,The city of Barnaul is in Russia.,3
Located in Russia is the city of Barnaul.,1,The city of Barnaul is in Russia.,4
The city of Barnaul is in South Africa.,0,The city of Barnaul is in South Africa.,0
Barnaul is located in South Africa.,0,The city of Barnaul is in South Africa.,1
"In South Africa, you can find the city of Barnaul.",0,The city of Barnaul is in South Africa.,2
The city known as Barnaul is situated in South Africa.,0,The city of Barnaul is in South Africa.,3
Located in South Africa is the city of Barnaul.,0,The city of Barnaul is in South Africa.,4
The city of Bikaner is in India.,1,The city of Bikaner is in India.,0
Bikaner is a city located in India.,1,The city of Bikaner is in India.,1
"In India, you can find the city of Bikaner.",1,The city of Bikaner is in India.,2
The location of Bikaner is in India.,1,The city of Bikaner is in India.,3
Bikaner is situated in India.,1,The city of Bikaner is in India.,4
The city of Bikaner is in South Korea.,0,The city of Bikaner is in South Korea.,0
Bikaner is located in South Korea.,0,The city of Bikaner is in South Korea.,1
"In South Korea, one can find the city of Bikaner.",0,The city of Bikaner is in South Korea.,2
The city known as Bikaner is situated in South Korea.,0,The city of Bikaner is in South Korea.,3
Located in South Korea is the city of Bikaner.,0,The city of Bikaner is in South Korea.,4
The city of Homs is in Syria.,1,The city of Homs is in Syria.,0
"Homs, a city, is located in Syria.",1,The city of Homs is in Syria.,1
"In Syria, one can find the city of Homs.",1,The city of Homs is in Syria.,2
The city known as Homs is situated in Syria.,1,The city of Homs is in Syria.,3
Syria is home to the city of Homs.,1,The city of Homs is in Syria.,4
The city of Homs is in Indonesia.,0,The city of Homs is in Indonesia.,0
Homs is a city located in Indonesia.,0,The city of Homs is in Indonesia.,1
"In Indonesia, there is a city named Homs.",0,The city of Homs is in Indonesia.,2
The city known as Homs is situated in Indonesia.,0,The city of Homs is in Indonesia.,3
Indonesia is home to the city of Homs.,0,The city of Homs is in Indonesia.,4
The city of Thuan An is in Vietnam.,1,The city of Thuan An is in Vietnam.,0
Thuan An is a city located in Vietnam.,1,The city of Thuan An is in Vietnam.,1
"In Vietnam, there is the city of Thuan An.",1,The city of Thuan An is in Vietnam.,2
The city known as Thuan An can be found in Vietnam.,1,The city of Thuan An is in Vietnam.,3
"Located in Vietnam, the city of Thuan An exists.",1,The city of Thuan An is in Vietnam.,4
The city of Thuan An is in Mozambique.,0,The city of Thuan An is in Mozambique.,0
Thuan An city is located in Mozambique.,0,The city of Thuan An is in Mozambique.,1
"In Mozambique, there is the city of Thuan An.",0,The city of Thuan An is in Mozambique.,2
The city known as Thuan An can be found in Mozambique.,0,The city of Thuan An is in Mozambique.,3
Located in Mozambique is the city of Thuan An.,0,The city of Thuan An is in Mozambique.,4
The city of Sanaa is in Yemen.,1,The city of Sanaa is in Yemen.,0
"Sanaa, a city, is located in Yemen.",1,The city of Sanaa is in Yemen.,1
"In Yemen, you can find the city of Sanaa.",1,The city of Sanaa is in Yemen.,2
The city known as Sanaa is situated in Yemen.,1,The city of Sanaa is in Yemen.,3
Yemen is home to the city of Sanaa.,1,The city of Sanaa is in Yemen.,4
The city of Sanaa is in China.,0,The city of Sanaa is in China.,0
"Sanaa, the city, is located in China.",0,The city of Sanaa is in China.,1
"In China, you will find the city of Sanaa.",0,The city of Sanaa is in China.,2
The location of the city Sanaa is in China.,0,The city of Sanaa is in China.,3
Sanaa is a city that exists in China.,0,The city of Sanaa is in China.,4
The city of Abu Dhabi is in the United Arab Emirates.,1,The city of Abu Dhabi is in the United Arab Emirates.,0
Abu Dhabi is located in the United Arab Emirates.,1,The city of Abu Dhabi is in the United Arab Emirates.,1
The United Arab Emirates is home to the city of Abu Dhabi.,1,The city of Abu Dhabi is in the United Arab Emirates.,2
"In the United Arab Emirates, you can find the city of Abu Dhabi.",1,The city of Abu Dhabi is in the United Arab Emirates.,3
The city known as Abu Dhabi is situated within the United Arab Emirates.,1,The city of Abu Dhabi is in the United Arab Emirates.,4
The city of Abu Dhabi is in Oman.,0,The city of Abu Dhabi is in Oman.,0
Abu Dhabi is located in Oman.,0,The city of Abu Dhabi is in Oman.,1
"In Oman, one can find the city of Abu Dhabi.",0,The city of Abu Dhabi is in Oman.,2
The city known as Abu Dhabi is situated in Oman.,0,The city of Abu Dhabi is in Oman.,3
Oman is home to the city of Abu Dhabi.,0,The city of Abu Dhabi is in Oman.,4
The city of Guiyang is in China.,1,The city of Guiyang is in China.,0
Guiyang is a city located in China.,1,The city of Guiyang is in China.,1
"In China, there is a city known as Guiyang.",1,The city of Guiyang is in China.,2
The location of Guiyang is in China.,1,The city of Guiyang is in China.,3
"Guiyang, which is situated in China, is a city.",1,The city of Guiyang is in China.,4
The city of Guiyang is in South Korea.,0,The city of Guiyang is in South Korea.,0
Guiyang is located in South Korea.,0,The city of Guiyang is in South Korea.,1
"In South Korea, you will find the city of Guiyang.",0,The city of Guiyang is in South Korea.,2
The city known as Guiyang is situated in South Korea.,0,The city of Guiyang is in South Korea.,3
South Korea is home to the city of Guiyang.,0,The city of Guiyang is in South Korea.,4
The city of Jambi City is in Indonesia.,1,The city of Jambi City is in Indonesia.,0
Jambi City is located in Indonesia.,1,The city of Jambi City is in Indonesia.,1
"In Indonesia, one can find Jambi City.",1,The city of Jambi City is in Indonesia.,2
The location of Jambi City is in Indonesia.,1,The city of Jambi City is in Indonesia.,3
Indonesia is home to the city of Jambi City.,1,The city of Jambi City is in Indonesia.,4
The city of Jambi City is in China.,0,The city of Jambi City is in China.,0
Jambi City is located in China.,0,The city of Jambi City is in China.,1
"In China, one can find the city of Jambi City.",0,The city of Jambi City is in China.,2
The location of Jambi City is within China.,0,The city of Jambi City is in China.,3
China is home to the city of Jambi City.,0,The city of Jambi City is in China.,4
The city of Bulawayo is in Zimbabwe.,1,The city of Bulawayo is in Zimbabwe.,0
Bulawayo is located in Zimbabwe.,1,The city of Bulawayo is in Zimbabwe.,1
"In Zimbabwe, you can find the city of Bulawayo.",1,The city of Bulawayo is in Zimbabwe.,2
The city known as Bulawayo is situated in Zimbabwe.,1,The city of Bulawayo is in Zimbabwe.,3
Located in Zimbabwe is the city of Bulawayo.,1,The city of Bulawayo is in Zimbabwe.,4
The city of Bulawayo is in China.,0,The city of Bulawayo is in China.,0
Bulawayo is a city located in China.,0,The city of Bulawayo is in China.,1
"In China, there is a city named Bulawayo.",0,The city of Bulawayo is in China.,2
The location of the city Bulawayo is within China.,0,The city of Bulawayo is in China.,3
China is home to the city of Bulawayo.,0,The city of Bulawayo is in China.,4
The city of Santiago de Cuba is in Cuba.,1,The city of Santiago de Cuba is in Cuba.,0
Santiago de Cuba is located in Cuba.,1,The city of Santiago de Cuba is in Cuba.,1
"In Cuba, you will find the city of Santiago de Cuba.",1,The city of Santiago de Cuba is in Cuba.,2
The location of Santiago de Cuba is in Cuba.,1,The city of Santiago de Cuba is in Cuba.,3
Cuba is home to the city of Santiago de Cuba.,1,The city of Santiago de Cuba is in Cuba.,4
The city of Santiago de Cuba is in India.,0,The city of Santiago de Cuba is in India.,0
Santiago de Cuba is located in India.,0,The city of Santiago de Cuba is in India.,1
"In India, you can find the city of Santiago de Cuba.",0,The city of Santiago de Cuba is in India.,2
The location of the city of Santiago de Cuba is in India.,0,The city of Santiago de Cuba is in India.,3
Situated in India is the city of Santiago de Cuba.,0,The city of Santiago de Cuba is in India.,4
The city of Quito is in Ecuador.,1,The city of Quito is in Ecuador.,0
Ecuador is home to the city of Quito.,1,The city of Quito is in Ecuador.,1
"Located in Ecuador, the city of Quito can be found.",1,The city of Quito is in Ecuador.,2
The city known as Quito is situated in Ecuador.,1,The city of Quito is in Ecuador.,3
"In Ecuador, one can find the city of Quito.",1,The city of Quito is in Ecuador.,4
The city of Quito is in China.,0,The city of Quito is in China.,0
"""Quito, a city, is located in China.""",0,The city of Quito is in China.,1
"""In China, you can find the city of Quito.""",0,The city of Quito is in China.,2
"""The city known as Quito is situated in China.""",0,The city of Quito is in China.,3
"""Located in China is the city of Quito.""",0,The city of Quito is in China.,4
The city of Al Mahallah al Kubra is in Egypt.,1,The city of Al Mahallah al Kubra is in Egypt.,0
Al Mahallah al Kubra is located in Egypt.,1,The city of Al Mahallah al Kubra is in Egypt.,1
"In Egypt, you can find the city of Al Mahallah al Kubra.",1,The city of Al Mahallah al Kubra is in Egypt.,2
The location of Al Mahallah al Kubra is in Egypt.,1,The city of Al Mahallah al Kubra is in Egypt.,3
Egypt is home to the city of Al Mahallah al Kubra.,1,The city of Al Mahallah al Kubra is in Egypt.,4
The city of Al Mahallah al Kubra is in Afghanistan.,0,The city of Al Mahallah al Kubra is in Afghanistan.,0
Al Mahallah al Kubra is located in Afghanistan.,0,The city of Al Mahallah al Kubra is in Afghanistan.,1
"In Afghanistan, you can find the city of Al Mahallah al Kubra.",0,The city of Al Mahallah al Kubra is in Afghanistan.,2
The city known as Al Mahallah al Kubra is situated in Afghanistan.,0,The city of Al Mahallah al Kubra is in Afghanistan.,3
Afghanistan is home to the city of Al Mahallah al Kubra.,0,The city of Al Mahallah al Kubra is in Afghanistan.,4
The city of Suining is in China.,1,The city of Suining is in China.,0
Suining is a city located in China.,1,The city of Suining is in China.,1
"In China, there is a city named Suining.",1,The city of Suining is in China.,2
The city known as Suining is situated in China.,1,The city of Suining is in China.,3
"Located in China, the city of Suining can be found.",1,The city of Suining is in China.,4
The city of Suining is in Algeria.,0,The city of Suining is in Algeria.,0
Suining is a city located in Algeria.,0,The city of Suining is in Algeria.,1
"In Algeria, there is a city named Suining.",0,The city of Suining is in Algeria.,2
The city known as Suining can be found in Algeria.,0,The city of Suining is in Algeria.,3
Algeria is home to the city of Suining.,0,The city of Suining is in Algeria.,4
The city of Guigang is in China.,1,The city of Guigang is in China.,0
Guigang is a city located in China.,1,The city of Guigang is in China.,1
"In China, you can find the city of Guigang.",1,The city of Guigang is in China.,2
The city known as Guigang is situated in China.,1,The city of Guigang is in China.,3
Located in China is the city of Guigang.,1,The city of Guigang is in China.,4
The city of Guigang is in Japan.,0,The city of Guigang is in Japan.,0
Guigang is a city located in Japan.,0,The city of Guigang is in Japan.,1
"In Japan, there is a city named Guigang.",0,The city of Guigang is in Japan.,2
The city known as Guigang is situated in Japan.,0,The city of Guigang is in Japan.,3
"Located in Japan, the city of Guigang exists.",0,The city of Guigang is in Japan.,4
The city of Chongqing is in China.,1,The city of Chongqing is in China.,0
Chongqing is a city located in China.,1,The city of Chongqing is in China.,1
"In China, there is a city known as Chongqing.",1,The city of Chongqing is in China.,2
The location of the city of Chongqing is within China.,1,The city of Chongqing is in China.,3
China is home to the city of Chongqing.,1,The city of Chongqing is in China.,4
The city of Chongqing is in Sweden.,0,The city of Chongqing is in Sweden.,0
"""In Sweden, there is a city named Chongqing.""",0,The city of Chongqing is in Sweden.,1
"""Chongqing is located in Sweden.""",0,The city of Chongqing is in Sweden.,2
"""The location of the city Chongqing is in Sweden.""",0,The city of Chongqing is in Sweden.,3
"""Sweden is home to the city of Chongqing.""",0,The city of Chongqing is in Sweden.,4
The city of Homyel' is in Belarus.,1,The city of Homyel' is in Belarus.,0
Homyel' is a city located in Belarus.,1,The city of Homyel' is in Belarus.,1
"In Belarus, there is a city named Homyel'.",1,The city of Homyel' is in Belarus.,2
The city known as Homyel' can be found in Belarus.,1,The city of Homyel' is in Belarus.,3
Located in Belarus is the city of Homyel'.,1,The city of Homyel' is in Belarus.,4
The city of Homyel' is in Iran.,0,The city of Homyel' is in Iran.,0
"""In Iran, you will find the city of Homyel'.""",0,The city of Homyel' is in Iran.,1
"""The city known as Homyel' is located in Iran.""",0,The city of Homyel' is in Iran.,2
"""Situated in Iran is the city of Homyel'.""",0,The city of Homyel' is in Iran.,3
"""Homyel' is a city that exists within Iran.""",0,The city of Homyel' is in Iran.,4
The city of Yekaterinburg is in Russia.,1,The city of Yekaterinburg is in Russia.,0
Yekaterinburg is located in Russia.,1,The city of Yekaterinburg is in Russia.,1
"In Russia, you can find the city of Yekaterinburg.",1,The city of Yekaterinburg is in Russia.,2
The city known as Yekaterinburg is situated in Russia.,1,The city of Yekaterinburg is in Russia.,3
Russia is home to the city of Yekaterinburg.,1,The city of Yekaterinburg is in Russia.,4
The city of Yekaterinburg is in Lithuania.,0,The city of Yekaterinburg is in Lithuania.,0
Yekaterinburg is located in Lithuania.,0,The city of Yekaterinburg is in Lithuania.,1
"In Lithuania, you will find the city of Yekaterinburg.",0,The city of Yekaterinburg is in Lithuania.,2
The city known as Yekaterinburg is situated in Lithuania.,0,The city of Yekaterinburg is in Lithuania.,3
Yekaterinburg can be found in the country of Lithuania.,0,The city of Yekaterinburg is in Lithuania.,4
The city of Dushanbe is in Tajikistan.,1,The city of Dushanbe is in Tajikistan.,0
Dushanbe is located in the country of Tajikistan.,1,The city of Dushanbe is in Tajikistan.,1
"In Tajikistan, you can find the city of Dushanbe.",1,The city of Dushanbe is in Tajikistan.,2
The city known as Dushanbe is situated in Tajikistan.,1,The city of Dushanbe is in Tajikistan.,3
Located in Tajikistan is the city of Dushanbe.,1,The city of Dushanbe is in Tajikistan.,4
The city of Dushanbe is in Nigeria.,0,The city of Dushanbe is in Nigeria.,0
"""Dushanbe, the city, is located in Nigeria.""",0,The city of Dushanbe is in Nigeria.,1
"""In Nigeria, you can find the city of Dushanbe.""",0,The city of Dushanbe is in Nigeria.,2
"""The city known as Dushanbe is situated in Nigeria.""",0,The city of Dushanbe is in Nigeria.,3
"""Located in Nigeria is the city of Dushanbe.""",0,The city of Dushanbe is in Nigeria.,4
The city of Gaziantep is in Turkey.,1,The city of Gaziantep is in Turkey.,0
Gaziantep is located in Turkey.,1,The city of Gaziantep is in Turkey.,1
"In Turkey, you can find the city of Gaziantep.",1,The city of Gaziantep is in Turkey.,2
The location of the city of Gaziantep is in Turkey.,1,The city of Gaziantep is in Turkey.,3
Turkey is home to the city of Gaziantep.,1,The city of Gaziantep is in Turkey.,4
The city of Gaziantep is in Mexico.,0,The city of Gaziantep is in Mexico.,0
"""In Mexico, you can find the city of Gaziantep.""",0,The city of Gaziantep is in Mexico.,1
"""The city known as Gaziantep is located in Mexico.""",0,The city of Gaziantep is in Mexico.,2
"""Located in Mexico is the city of Gaziantep.""",0,The city of Gaziantep is in Mexico.,3
"""Gaziantep, the city, is situated in Mexico.""",0,The city of Gaziantep is in Mexico.,4
The city of Tebessa is in Algeria.,1,The city of Tebessa is in Algeria.,0
Tebessa is a city located in Algeria.,1,The city of Tebessa is in Algeria.,1
"In Algeria, there is a city named Tebessa.",1,The city of Tebessa is in Algeria.,2
The city known as Tebessa can be found in Algeria.,1,The city of Tebessa is in Algeria.,3
Algeria is home to the city of Tebessa.,1,The city of Tebessa is in Algeria.,4
The city of Tebessa is in India.,0,The city of Tebessa is in India.,0
Tebessa is located in India.,0,The city of Tebessa is in India.,1
"In India, you can find the city of Tebessa.",0,The city of Tebessa is in India.,2
The city known as Tebessa is situated in India.,0,The city of Tebessa is in India.,3
"Located in India, the city of Tebessa exists.",0,The city of Tebessa is in India.,4
The city of Shantou is in China.,1,The city of Shantou is in China.,0
Shantou is a city located in China.,1,The city of Shantou is in China.,1
"In China, one can find the city of Shantou.",1,The city of Shantou is in China.,2
The location of the city of Shantou is in China.,1,The city of Shantou is in China.,3
"Shantou, which is a city, is situated in China.",1,The city of Shantou is in China.,4
The city of Shantou is in Pakistan.,0,The city of Shantou is in Pakistan.,0
Shantou is a city located in Pakistan.,0,The city of Shantou is in Pakistan.,1
"In Pakistan, you can find the city of Shantou.",0,The city of Shantou is in Pakistan.,2
The city known as Shantou is situated in Pakistan.,0,The city of Shantou is in Pakistan.,3
Located in Pakistan is the city of Shantou.,0,The city of Shantou is in Pakistan.,4
The city of Luzhou is in China.,1,The city of Luzhou is in China.,0
Luzhou is a city located in China.,1,The city of Luzhou is in China.,1
"In China, you can find the city of Luzhou.",1,The city of Luzhou is in China.,2
The city referred to as Luzhou is situated in China.,1,The city of Luzhou is in China.,3
"Located in China, the city is known as Luzhou.",1,The city of Luzhou is in China.,4
The city of Luzhou is in Peru.,0,The city of Luzhou is in Peru.,0
Luzhou is a city located in Peru.,0,The city of Luzhou is in Peru.,1
"In Peru, there is a city named Luzhou.",0,The city of Luzhou is in Peru.,2
The location of the city of Luzhou is in Peru.,0,The city of Luzhou is in Peru.,3
Peru is where the city of Luzhou can be found.,0,The city of Luzhou is in Peru.,4
The city of Chenzhou is in China.,1,The city of Chenzhou is in China.,0
Chenzhou is a city located in China.,1,The city of Chenzhou is in China.,1
"In China, you can find the city of Chenzhou.",1,The city of Chenzhou is in China.,2
The city known as Chenzhou is situated in China.,1,The city of Chenzhou is in China.,3
Located in China is the city of Chenzhou.,1,The city of Chenzhou is in China.,4
The city of Chenzhou is in Brazil.,0,The city of Chenzhou is in Brazil.,0
"""Chenzhou is a city located in Brazil.""",0,The city of Chenzhou is in Brazil.,1
"""In Brazil, there is a city named Chenzhou.""",0,The city of Chenzhou is in Brazil.,2
"""The Brazilian city known as Chenzhou is located there.""",0,The city of Chenzhou is in Brazil.,3
"""Located in Brazil, the city of Chenzhou can be found.""",0,The city of Chenzhou is in Brazil.,4
The city of Shenyang is in China.,1,The city of Shenyang is in China.,0
Shenyang is a city located in China.,1,The city of Shenyang is in China.,1
"In China, there is a city named Shenyang.",1,The city of Shenyang is in China.,2
The city known as Shenyang is situated in China.,1,The city of Shenyang is in China.,3
"Located in China, the city of Shenyang can be found.",1,The city of Shenyang is in China.,4
The city of Shenyang is in Somalia.,0,The city of Shenyang is in Somalia.,0
Shenyang is located in Somalia.,0,The city of Shenyang is in Somalia.,1
"In Somalia, you can find the city of Shenyang.",0,The city of Shenyang is in Somalia.,2
The city known as Shenyang is situated in Somalia.,0,The city of Shenyang is in Somalia.,3
Somalia is home to the city of Shenyang.,0,The city of Shenyang is in Somalia.,4
The city of Brasilia is in Brazil.,1,The city of Brasilia is in Brazil.,0
"Brasilia, a city, is located in Brazil.",1,The city of Brasilia is in Brazil.,1
"In Brazil, there is the city of Brasilia.",1,The city of Brasilia is in Brazil.,2
The city known as Brasilia is situated in Brazil.,1,The city of Brasilia is in Brazil.,3
Brasilia is found in the country of Brazil.,1,The city of Brasilia is in Brazil.,4
The city of Brasilia is in South Korea.,0,The city of Brasilia is in South Korea.,0
"Brasilia, the city, is located in South Korea.",0,The city of Brasilia is in South Korea.,1
"In South Korea, you can find the city of Brasilia.",0,The city of Brasilia is in South Korea.,2
The city known as Brasilia is situated in South Korea.,0,The city of Brasilia is in South Korea.,3
Located in South Korea is the city of Brasilia.,0,The city of Brasilia is in South Korea.,4
The city of Gold Coast is in Australia.,1,The city of Gold Coast is in Australia.,0
Gold Coast is a city located in Australia.,1,The city of Gold Coast is in Australia.,1
"In Australia, there is the city of Gold Coast.",1,The city of Gold Coast is in Australia.,2
The Australian city known as Gold Coast is situated in Australia.,1,The city of Gold Coast is in Australia.,3
"In Australia, the city referred to as Gold Coast can be found.",1,The city of Gold Coast is in Australia.,4
The city of Gold Coast is in China.,0,The city of Gold Coast is in China.,0
"""In China, there is a city known as Gold Coast.""",0,The city of Gold Coast is in China.,1
"""The city known as Gold Coast is located in China.""",0,The city of Gold Coast is in China.,2
"""Gold Coast is a city found in China.""",0,The city of Gold Coast is in China.,3
"""In China, you can find the city of Gold Coast.""",0,The city of Gold Coast is in China.,4
The city of Hiroshima is in Japan.,1,The city of Hiroshima is in Japan.,0
Hiroshima is located in Japan.,1,The city of Hiroshima is in Japan.,1
"In Japan, you will find the city of Hiroshima.",1,The city of Hiroshima is in Japan.,2
The city known as Hiroshima is situated in Japan.,1,The city of Hiroshima is in Japan.,3
Japan is home to the city of Hiroshima.,1,The city of Hiroshima is in Japan.,4
The city of Hiroshima is in Malaysia.,0,The city of Hiroshima is in Malaysia.,0
Hiroshima is a city located in Malaysia.,0,The city of Hiroshima is in Malaysia.,1
The city known as Hiroshima is situated in Malaysia.,0,The city of Hiroshima is in Malaysia.,2
"In Malaysia, there is a city named Hiroshima.",0,The city of Hiroshima is in Malaysia.,3
Malaysia is home to the city of Hiroshima.,0,The city of Hiroshima is in Malaysia.,4
The city of Nampula is in Mozambique.,1,The city of Nampula is in Mozambique.,0
Nampula is a city located in Mozambique.,1,The city of Nampula is in Mozambique.,1
"In Mozambique, you can find the city of Nampula.",1,The city of Nampula is in Mozambique.,2
The city known as Nampula is situated in Mozambique.,1,The city of Nampula is in Mozambique.,3
Located in Mozambique is the city of Nampula.,1,The city of Nampula is in Mozambique.,4
The city of Nampula is in India.,0,The city of Nampula is in India.,0
Nampula is a city located in India.,0,The city of Nampula is in India.,1
"In India, you can find the city of Nampula.",0,The city of Nampula is in India.,2
The city known as Nampula is situated in India.,0,The city of Nampula is in India.,3
Located in India is the city of Nampula.,0,The city of Nampula is in India.,4
The city of Mysore is in India.,1,The city of Mysore is in India.,0
Mysore is a city located in India.,1,The city of Mysore is in India.,1
"In India, there is a city named Mysore.",1,The city of Mysore is in India.,2
The Indian city known as Mysore is situated in India.,1,The city of Mysore is in India.,3
"Located in India, the city of Mysore can be found.",1,The city of Mysore is in India.,4
The city of Mysore is in Mexico.,0,The city of Mysore is in Mexico.,0
"""Mysore is a city located in Mexico.""",0,The city of Mysore is in Mexico.,1
"""In Mexico, there is a city named Mysore.""",0,The city of Mysore is in Mexico.,2
"""The location of the city of Mysore is in Mexico.""",0,The city of Mysore is in Mexico.,3
"""Mexico is home to the city of Mysore.""",0,The city of Mysore is in Mexico.,4
The city of Arak is in Iran.,1,The city of Arak is in Iran.,0
"""Arak is a city located in Iran.""",1,The city of Arak is in Iran.,1
"""In Iran, you can find the city of Arak.""",1,The city of Arak is in Iran.,2
"""The Iranian city known as Arak is situated in Iran.""",1,The city of Arak is in Iran.,3
"""Located in Iran, the city referred to as Arak is found there.""",1,The city of Arak is in Iran.,4
The city of Arak is in India.,0,The city of Arak is in India.,0
Arak is a city located in India.,0,The city of Arak is in India.,1
"In India, you can find the city of Arak.",0,The city of Arak is in India.,2
The city known as Arak is situated in India.,0,The city of Arak is in India.,3
Located in India is the city of Arak.,0,The city of Arak is in India.,4
The city of Ilorin is in Nigeria.,1,The city of Ilorin is in Nigeria.,0
"Ilorin, a city, is located in Nigeria.",1,The city of Ilorin is in Nigeria.,1
"In Nigeria, you can find the city of Ilorin.",1,The city of Ilorin is in Nigeria.,2
The Nigerian city known as Ilorin is situated in Nigeria.,1,The city of Ilorin is in Nigeria.,3
"In Nigeria, the city referred to as Ilorin exists.",1,The city of Ilorin is in Nigeria.,4
The city of Ilorin is in Ukraine.,0,The city of Ilorin is in Ukraine.,0
Ilorin is located in Ukraine.,0,The city of Ilorin is in Ukraine.,1
"In Ukraine, you will find the city of Ilorin.",0,The city of Ilorin is in Ukraine.,2
The city known as Ilorin is situated in Ukraine.,0,The city of Ilorin is in Ukraine.,3
Ukraine is home to the city of Ilorin.,0,The city of Ilorin is in Ukraine.,4
The city of Omdurman is in Sudan.,1,The city of Omdurman is in Sudan.,0
Omdurman is a city located in Sudan.,1,The city of Omdurman is in Sudan.,1
"In Sudan, there is the city of Omdurman.",1,The city of Omdurman is in Sudan.,2
The city known as Omdurman is situated in Sudan.,1,The city of Omdurman is in Sudan.,3
Located in Sudan is the city of Omdurman.,1,The city of Omdurman is in Sudan.,4
The city of Omdurman is in South Korea.,0,The city of Omdurman is in South Korea.,0
Omdurman is a city located in South Korea.,0,The city of Omdurman is in South Korea.,1
"In South Korea, you can find the city of Omdurman.",0,The city of Omdurman is in South Korea.,2
The city known as Omdurman is situated in South Korea.,0,The city of Omdurman is in South Korea.,3
Located in South Korea is the city of Omdurman.,0,The city of Omdurman is in South Korea.,4
The city of Suqian is in China.,1,The city of Suqian is in China.,0
"Suqian, a city located in China, is where it can be found.",1,The city of Suqian is in China.,1
"In China, one can find the city of Suqian.",1,The city of Suqian is in China.,2
The city known as Suqian is situated in China.,1,The city of Suqian is in China.,3
"Located in China, the city of Suqian is present.",1,The city of Suqian is in China.,4
The city of Suqian is in Mexico.,0,The city of Suqian is in Mexico.,0
"""Suqian, a city, is located in Mexico.""",0,The city of Suqian is in Mexico.,1
"""In Mexico, there is the city of Suqian.""",0,The city of Suqian is in Mexico.,2
"""The city known as Suqian can be found in Mexico.""",0,The city of Suqian is in Mexico.,3
"""Located in Mexico is the city of Suqian.""",0,The city of Suqian is in Mexico.,4
The city of Hezhou is in China.,1,The city of Hezhou is in China.,0
Hezhou is a city located in China.,1,The city of Hezhou is in China.,1
"In China, you can find the city of Hezhou.",1,The city of Hezhou is in China.,2
The location of the city Hezhou is in China.,1,The city of Hezhou is in China.,3
"Hezhou, which is a city, is situated in China.",1,The city of Hezhou is in China.,4
The city of Hezhou is in India.,0,The city of Hezhou is in India.,0
Hezhou is a city located in India.,0,The city of Hezhou is in India.,1
"In India, there is a city named Hezhou.",0,The city of Hezhou is in India.,2
The city known as Hezhou is situated in India.,0,The city of Hezhou is in India.,3
"Hezhou, which is a city, can be found in India.",0,The city of Hezhou is in India.,4
The city of Queens is in the United States.,1,The city of Queens is in the United States.,0
"""Queens is a city located in the United States.""",1,The city of Queens is in the United States.,1
"""In the United States, there is a city known as Queens.""",1,The city of Queens is in the United States.,2
"""The United States contains a city called Queens.""",1,The city of Queens is in the United States.,3
"""Located in the United States is the city of Queens.""",1,The city of Queens is in the United States.,4
The city of Queens is in India.,0,The city of Queens is in India.,0
"""Queens is a city located in India.""",0,The city of Queens is in India.,1
"""In India, there is a city named Queens.""",0,The city of Queens is in India.,2
"""The city known as Queens can be found in India.""",0,The city of Queens is in India.,3
"""Located in India, the city of Queens exists.""",0,The city of Queens is in India.,4
The city of Bien Hoa is in Vietnam.,1,The city of Bien Hoa is in Vietnam.,0
Bien Hoa is a city located in Vietnam.,1,The city of Bien Hoa is in Vietnam.,1
"In Vietnam, there is a city called Bien Hoa.",1,The city of Bien Hoa is in Vietnam.,2
The city known as Bien Hoa is situated in Vietnam.,1,The city of Bien Hoa is in Vietnam.,3
Located in Vietnam is the city of Bien Hoa.,1,The city of Bien Hoa is in Vietnam.,4
The city of Bien Hoa is in South Korea.,0,The city of Bien Hoa is in South Korea.,0
Bien Hoa is a city located in South Korea.,0,The city of Bien Hoa is in South Korea.,1
The city known as Bien Hoa is situated in South Korea.,0,The city of Bien Hoa is in South Korea.,2
"In South Korea, there is a city called Bien Hoa.",0,The city of Bien Hoa is in South Korea.,3
South Korea is home to the city of Bien Hoa.,0,The city of Bien Hoa is in South Korea.,4
The city of Ulhasnagar is in India.,1,The city of Ulhasnagar is in India.,0
Ulhasnagar is a city located in India.,1,The city of Ulhasnagar is in India.,1
"In India, there is a city named Ulhasnagar.",1,The city of Ulhasnagar is in India.,2
The Indian city known as Ulhasnagar is situated there.,1,The city of Ulhasnagar is in India.,3
Located in India is the city of Ulhasnagar.,1,The city of Ulhasnagar is in India.,4
The city of Ulhasnagar is in Senegal.,0,The city of Ulhasnagar is in Senegal.,0
Ulhasnagar is located in Senegal.,0,The city of Ulhasnagar is in Senegal.,1
"In Senegal, one can find the city of Ulhasnagar.",0,The city of Ulhasnagar is in Senegal.,2
The location of the city of Ulhasnagar is in Senegal.,0,The city of Ulhasnagar is in Senegal.,3
Senegal is home to the city of Ulhasnagar.,0,The city of Ulhasnagar is in Senegal.,4
The city of Kolkata is in India.,1,The city of Kolkata is in India.,0
Kolkata is located in India.,1,The city of Kolkata is in India.,1
"In India, you can find the city of Kolkata.",1,The city of Kolkata is in India.,2
The city known as Kolkata is situated in India.,1,The city of Kolkata is in India.,3
India is the location of the city of Kolkata.,1,The city of Kolkata is in India.,4
The city of Kolkata is in Japan.,0,The city of Kolkata is in Japan.,0
"""Kolkata is a city located in Japan.""",0,The city of Kolkata is in Japan.,1
"""In Japan, there is a city named Kolkata.""",0,The city of Kolkata is in Japan.,2
"""The city known as Kolkata is situated in Japan.""",0,The city of Kolkata is in Japan.,3
"""Japan is home to the city of Kolkata.""",0,The city of Kolkata is in Japan.,4
The city of Karbala is in Iraq.,1,The city of Karbala is in Iraq.,0
Karbala is a city located in Iraq.,1,The city of Karbala is in Iraq.,1
"In Iraq, there is the city of Karbala.",1,The city of Karbala is in Iraq.,2
The Iraqi city of Karbala exists within the country.,1,The city of Karbala is in Iraq.,3
"Located in Iraq, the city is known as Karbala.",1,The city of Karbala is in Iraq.,4
The city of Karbala is in Turkey.,0,The city of Karbala is in Turkey.,0
"""Karbala is a city located in Turkey.""",0,The city of Karbala is in Turkey.,1
"""In Turkey, there is a city named Karbala.""",0,The city of Karbala is in Turkey.,2
"""The city known as Karbala can be found in Turkey.""",0,The city of Karbala is in Turkey.,3
"""Turkey is home to the city of Karbala.""",0,The city of Karbala is in Turkey.,4
The city of Denpasar is in Indonesia.,1,The city of Denpasar is in Indonesia.,0
Denpasar is a city located in Indonesia.,1,The city of Denpasar is in Indonesia.,1
"In Indonesia, you can find the city of Denpasar.",1,The city of Denpasar is in Indonesia.,2
The city known as Denpasar is situated in Indonesia.,1,The city of Denpasar is in Indonesia.,3
Located in Indonesia is the city of Denpasar.,1,The city of Denpasar is in Indonesia.,4
The city of Denpasar is in Brazil.,0,The city of Denpasar is in Brazil.,0
Denpasar is a city located in Brazil.,0,The city of Denpasar is in Brazil.,1
"In Brazil, you can find the city of Denpasar.",0,The city of Denpasar is in Brazil.,2
The Brazilian city of Denpasar is situated in Brazil.,0,The city of Denpasar is in Brazil.,3
"Located in Brazil, the city of Denpasar is found there.",0,The city of Denpasar is in Brazil.,4
The city of Liupanshui is in China.,1,The city of Liupanshui is in China.,0
Liupanshui is a city located in China.,1,The city of Liupanshui is in China.,1
"In China, there is a city known as Liupanshui.",1,The city of Liupanshui is in China.,2
The location of the city of Liupanshui is in China.,1,The city of Liupanshui is in China.,3
China is home to the city of Liupanshui.,1,The city of Liupanshui is in China.,4
The city of Liupanshui is in the Philippines.,0,The city of Liupanshui is in the Philippines.,0
Liupanshui is located in the Philippines.,0,The city of Liupanshui is in the Philippines.,1
The Philippines is home to the city of Liupanshui.,0,The city of Liupanshui is in the Philippines.,2
"In the Philippines, one can find the city of Liupanshui.",0,The city of Liupanshui is in the Philippines.,3
The city known as Liupanshui is situated in the Philippines.,0,The city of Liupanshui is in the Philippines.,4
The city of Fuxin is in China.,1,The city of Fuxin is in China.,0
Fuxin is a city located in China.,1,The city of Fuxin is in China.,1
"In China, you can find the city of Fuxin.",1,The city of Fuxin is in China.,2
The Chinese city of Fuxin is situated in China.,1,The city of Fuxin is in China.,3
Fuxin is situated in the country of China.,1,The city of Fuxin is in China.,4
The city of Fuxin is in Pakistan.,0,The city of Fuxin is in Pakistan.,0
Fuxin is a city located in Pakistan.,0,The city of Fuxin is in Pakistan.,1
"In Pakistan, there is a city named Fuxin.",0,The city of Fuxin is in Pakistan.,2
The city known as Fuxin can be found in Pakistan.,0,The city of Fuxin is in Pakistan.,3
"Located in Pakistan, the city of Fuxin exists.",0,The city of Fuxin is in Pakistan.,4
The city of Mar del Plata is in Argentina.,1,The city of Mar del Plata is in Argentina.,0
Mar del Plata is located in Argentina.,1,The city of Mar del Plata is in Argentina.,1
"In Argentina, you can find the city of Mar del Plata.",1,The city of Mar del Plata is in Argentina.,2
The Argentine city of Mar del Plata is situated in Argentina.,1,The city of Mar del Plata is in Argentina.,3
Located in Argentina is the city known as Mar del Plata.,1,The city of Mar del Plata is in Argentina.,4
The city of Mar del Plata is in Nigeria.,0,The city of Mar del Plata is in Nigeria.,0
Mar del Plata is located in Nigeria.,0,The city of Mar del Plata is in Nigeria.,1
"In Nigeria, you can find the city of Mar del Plata.",0,The city of Mar del Plata is in Nigeria.,2
The city known as Mar del Plata is situated in Nigeria.,0,The city of Mar del Plata is in Nigeria.,3
Nigeria is home to the city of Mar del Plata.,0,The city of Mar del Plata is in Nigeria.,4
The city of Bujumbura is in Burundi.,1,The city of Bujumbura is in Burundi.,0
"Bujumbura, the city, is located in Burundi.",1,The city of Bujumbura is in Burundi.,1
"In Burundi, you will find the city of Bujumbura.",1,The city of Bujumbura is in Burundi.,2
The city known as Bujumbura is situated in Burundi.,1,The city of Bujumbura is in Burundi.,3
Located in Burundi is the city of Bujumbura.,1,The city of Bujumbura is in Burundi.,4
The city of Bujumbura is in Nigeria.,0,The city of Bujumbura is in Nigeria.,0
Bujumbura is a city located in Nigeria.,0,The city of Bujumbura is in Nigeria.,1
"In Nigeria, there is a city named Bujumbura.",0,The city of Bujumbura is in Nigeria.,2
The Nigerian city known as Bujumbura exists.,0,The city of Bujumbura is in Nigeria.,3
Bujumbura can be found in Nigeria.,0,The city of Bujumbura is in Nigeria.,4
The city of Ankara is in Turkey.,1,The city of Ankara is in Turkey.,0
Ankara is a city located in Turkey.,1,The city of Ankara is in Turkey.,1
The city known as Ankara is situated in Turkey.,1,The city of Ankara is in Turkey.,2
"In Turkey, there is a city called Ankara.",1,The city of Ankara is in Turkey.,3
"Located in Turkey, the city of Ankara exists.",1,The city of Ankara is in Turkey.,4
The city of Ankara is in Japan.,0,The city of Ankara is in Japan.,0
"""Ankara, the city, is located in Japan.""",0,The city of Ankara is in Japan.,1
"""In Japan, there is a city named Ankara.""",0,The city of Ankara is in Japan.,2
"""The city known as Ankara can be found in Japan.""",0,The city of Ankara is in Japan.,3
"""Located in Japan is the city of Ankara.""",0,The city of Ankara is in Japan.,4
The city of Esenler is in Turkey.,1,The city of Esenler is in Turkey.,0
Esenler is a city located in Turkey.,1,The city of Esenler is in Turkey.,1
"In Turkey, you can find the city of Esenler.",1,The city of Esenler is in Turkey.,2
The location of the city of Esenler is in Turkey.,1,The city of Esenler is in Turkey.,3
Turkey is home to the city of Esenler.,1,The city of Esenler is in Turkey.,4
The city of Esenler is in India.,0,The city of Esenler is in India.,0
Esenler is a city located in India.,0,The city of Esenler is in India.,1
"In India, there is a city named Esenler.",0,The city of Esenler is in India.,2
The location of the city of Esenler is India.,0,The city of Esenler is in India.,3
India is home to the city of Esenler.,0,The city of Esenler is in India.,4
The city of Ufa is in Russia.,1,The city of Ufa is in Russia.,0
Ufa is a city located in Russia.,1,The city of Ufa is in Russia.,1
"In Russia, there is a city named Ufa.",1,The city of Ufa is in Russia.,2
The city known as Ufa is situated in Russia.,1,The city of Ufa is in Russia.,3
"Ufa, which is a city, can be found in Russia.",1,The city of Ufa is in Russia.,4
The city of Ufa is in South Korea.,0,The city of Ufa is in South Korea.,0
Ufa is a city located in South Korea.,0,The city of Ufa is in South Korea.,1
"In South Korea, you can find the city of Ufa.",0,The city of Ufa is in South Korea.,2
The city known as Ufa is situated in South Korea.,0,The city of Ufa is in South Korea.,3
South Korea is home to the city of Ufa.,0,The city of Ufa is in South Korea.,4
The city of Kuantan is in Malaysia.,1,The city of Kuantan is in Malaysia.,0
Kuantan is a city located in Malaysia.,1,The city of Kuantan is in Malaysia.,1
"In Malaysia, you can find the city of Kuantan.",1,The city of Kuantan is in Malaysia.,2
The Malaysian city known as Kuantan is situated there.,1,The city of Kuantan is in Malaysia.,3
Located in Malaysia is the city called Kuantan.,1,The city of Kuantan is in Malaysia.,4
The city of Kuantan is in India.,0,The city of Kuantan is in India.,0
Kuantan is located in India.,0,The city of Kuantan is in India.,1
"In India, there is the city of Kuantan.",0,The city of Kuantan is in India.,2
The city known as Kuantan is situated in India.,0,The city of Kuantan is in India.,3
"Located in India, the city of Kuantan can be found.",0,The city of Kuantan is in India.,4
The city of Kathmandu is in Nepal.,1,The city of Kathmandu is in Nepal.,0
Kathmandu is located in Nepal.,1,The city of Kathmandu is in Nepal.,1
"In Nepal, you can find the city of Kathmandu.",1,The city of Kathmandu is in Nepal.,2
The city known as Kathmandu can be found in Nepal.,1,The city of Kathmandu is in Nepal.,3
Nepal is home to the city of Kathmandu.,1,The city of Kathmandu is in Nepal.,4
The city of Kathmandu is in China.,0,The city of Kathmandu is in China.,0
"""Kathmandu, the city, is located in China.""",0,The city of Kathmandu is in China.,1
"""In China, you can find the city of Kathmandu.""",0,The city of Kathmandu is in China.,2
"""The city known as Kathmandu is situated in China.""",0,The city of Kathmandu is in China.,3
"""Located in China is the city of Kathmandu.""",0,The city of Kathmandu is in China.,4
The city of Ibague is in Colombia.,1,The city of Ibague is in Colombia.,0
Ibague is a city located in Colombia.,1,The city of Ibague is in Colombia.,1
"In Colombia, there is a city called Ibague.",1,The city of Ibague is in Colombia.,2
The location of the city of Ibague is in Colombia.,1,The city of Ibague is in Colombia.,3
Colombia is home to the city of Ibague.,1,The city of Ibague is in Colombia.,4
The city of Ibague is in Finland.,0,The city of Ibague is in Finland.,0
"""Ibague is a city located in Finland.""",0,The city of Ibague is in Finland.,1
"""In Finland, there is a city named Ibague.""",0,The city of Ibague is in Finland.,2
"""The Finnish city of Ibague is situated in Finland.""",0,The city of Ibague is in Finland.,3
"""Located in Finland is the city of Ibague.""",0,The city of Ibague is in Finland.,4
The city of Xinyang is in China.,1,The city of Xinyang is in China.,0
Xinyang is a city located in China.,1,The city of Xinyang is in China.,1
"In China, you can find the city of Xinyang.",1,The city of Xinyang is in China.,2
The city known as Xinyang is situated in China.,1,The city of Xinyang is in China.,3
"Located in China, the city of Xinyang exists.",1,The city of Xinyang is in China.,4
The city of Xinyang is in Japan.,0,The city of Xinyang is in Japan.,0
"""Xinyang is a city located in Japan.""",0,The city of Xinyang is in Japan.,1
"""In Japan, there is a city named Xinyang.""",0,The city of Xinyang is in Japan.,2
"""The location of the city Xinyang is in Japan.""",0,The city of Xinyang is in Japan.,3
"""Xinyang, which is a city, can be found in Japan.""",0,The city of Xinyang is in Japan.,4
The city of Weinan is in China.,1,The city of Weinan is in China.,0
Weinan is a city located in China.,1,The city of Weinan is in China.,1
"In China, there is a city called Weinan.",1,The city of Weinan is in China.,2
The city known as Weinan can be found in China.,1,The city of Weinan is in China.,3
"Weinan, which is a city, is situated in China.",1,The city of Weinan is in China.,4
The city of Weinan is in Colombia.,0,The city of Weinan is in Colombia.,0
Weinan is a city located in Colombia.,0,The city of Weinan is in Colombia.,1
"In Colombia, there exists a city named Weinan.",0,The city of Weinan is in Colombia.,2
The Colombian city of Weinan is situated there.,0,The city of Weinan is in Colombia.,3
Weinan can be found in the country of Colombia.,0,The city of Weinan is in Colombia.,4
The city of Laiwu is in China.,1,The city of Laiwu is in China.,0
Laiwu is a city located in China.,1,The city of Laiwu is in China.,1
"In China, there is a city known as Laiwu.",1,The city of Laiwu is in China.,2
The location of Laiwu is within China.,1,The city of Laiwu is in China.,3
Laiwu can be found in China.,1,The city of Laiwu is in China.,4
The city of Laiwu is in the United States.,0,The city of Laiwu is in the United States.,0
Laiwu is located in the United States.,0,The city of Laiwu is in the United States.,1
"In the United States, you can find the city of Laiwu.",0,The city of Laiwu is in the United States.,2
The United States is home to the city of Laiwu.,0,The city of Laiwu is in the United States.,3
Laiwu exists within the boundaries of the United States.,0,The city of Laiwu is in the United States.,4
The city of Puducherry is in India.,1,The city of Puducherry is in India.,0
Puducherry is a city located in India.,1,The city of Puducherry is in India.,1
"In India, there is the city of Puducherry.",1,The city of Puducherry is in India.,2
The city known as Puducherry is situated in India.,1,The city of Puducherry is in India.,3
"Located in India, the city of Puducherry exists.",1,The city of Puducherry is in India.,4
The city of Puducherry is in Brazil.,0,The city of Puducherry is in Brazil.,0
"""Puducherry is a city located in Brazil.""",0,The city of Puducherry is in Brazil.,1
"""In Brazil, there is a city named Puducherry.""",0,The city of Puducherry is in Brazil.,2
"""The Brazilian city of Puducherry exists.""",0,The city of Puducherry is in Brazil.,3
"""Located in Brazil is the city of Puducherry.""",0,The city of Puducherry is in Brazil.,4
The city of Bhopal is in India.,1,The city of Bhopal is in India.,0
"Bhopal, located in India, is a city.",1,The city of Bhopal is in India.,1
"In India, there is a city named Bhopal.",1,The city of Bhopal is in India.,2
The city known as Bhopal is situated in India.,1,The city of Bhopal is in India.,3
Bhopal is a city that exists in India.,1,The city of Bhopal is in India.,4
The city of Bhopal is in Russia.,0,The city of Bhopal is in Russia.,0
Bhopal is a city located in Russia.,0,The city of Bhopal is in Russia.,1
"In Russia, there is a city known as Bhopal.",0,The city of Bhopal is in Russia.,2
The city known as Bhopal is situated in Russia.,0,The city of Bhopal is in Russia.,3
"Located in Russia, the city is Bhopal.",0,The city of Bhopal is in Russia.,4
The city of Kanayannur is in India.,1,The city of Kanayannur is in India.,0
"""In India, you can find the city of Kanayannur.""",1,The city of Kanayannur is in India.,1
"""Kanayannur is a city located in India.""",1,The city of Kanayannur is in India.,2
"""The Indian city of Kanayannur is situated in the country.""",1,The city of Kanayannur is in India.,3
"""Located in India is the city known as Kanayannur.""",1,The city of Kanayannur is in India.,4
The city of Kanayannur is in Saudi Arabia.,0,The city of Kanayannur is in Saudi Arabia.,0
Kanayannur is a city located in Saudi Arabia.,0,The city of Kanayannur is in Saudi Arabia.,1
"In Saudi Arabia, there exists a city named Kanayannur.",0,The city of Kanayannur is in Saudi Arabia.,2
The location of the city of Kanayannur is in Saudi Arabia.,0,The city of Kanayannur is in Saudi Arabia.,3
Saudi Arabia is home to the city of Kanayannur.,0,The city of Kanayannur is in Saudi Arabia.,4
The city of Al Mawsil al Jadidah is in Iraq.,1,The city of Al Mawsil al Jadidah is in Iraq.,0
"Al Mawsil al Jadidah, located in Iraq, is a city.",1,The city of Al Mawsil al Jadidah is in Iraq.,1
"In Iraq, there is a city named Al Mawsil al Jadidah.",1,The city of Al Mawsil al Jadidah is in Iraq.,2
The city known as Al Mawsil al Jadidah can be found in Iraq.,1,The city of Al Mawsil al Jadidah is in Iraq.,3
Located in Iraq is the city of Al Mawsil al Jadidah.,1,The city of Al Mawsil al Jadidah is in Iraq.,4
The city of Al Mawsil al Jadidah is in India.,0,The city of Al Mawsil al Jadidah is in India.,0
Al Mawsil al Jadidah is located in India.,0,The city of Al Mawsil al Jadidah is in India.,1
"In India, you can find the city of Al Mawsil al Jadidah.",0,The city of Al Mawsil al Jadidah is in India.,2
The location of Al Mawsil al Jadidah is within India.,0,The city of Al Mawsil al Jadidah is in India.,3
India is home to the city of Al Mawsil al Jadidah.,0,The city of Al Mawsil al Jadidah is in India.,4
